TimeGenerated,ActionType,RegistryKey,RegistryValueName,RegistryValueData,InitiatingProcessAccountName,InitiatingProcessFileName
"Sep 2, 2026 8:10:53 PM",RegistryKeyCreated,HKEY_LOCAL_MACHINE\BCD00000000\Objects\{a5a30fa2-3d06-4e9f-b5f4-a01df9d1fcba}\Elements\25000004,,,network service,wmiprvse.exe
"Sep 2, 2026 8:10:53 PM",RegistryKeyCreated,HKEY_LOCAL_MACHINE\BCD00000000\Objects\{a5a30fa2-3d06-4e9f-b5f4-a01df9d1fcba}\Elements\24000001,,,network service,wmiprvse.exe
"Sep 2, 2026 8:10:53 PM",RegistryKeyDeleted,,,,network service,wmiprvse.exe
"Sep 2, 2026 8:10:53 PM",RegistryKeyCreated,HKEY_LOCAL_MACHINE\BCD00000000\Objects\{a5a30fa2-3d06-4e9f-b5f4-a01df9d1fcba},,,network service,wmiprvse.exe
"Sep 2, 2026 8:10:53 PM",RegistryKeyDeleted,,,,network service,wmiprvse.exe
"Sep 2, 2026 8:10:53 PM",RegistryKeyDeleted,,,,network service,wmiprvse.exe
"Sep 2, 2026 8:10:53 PM",RegistryKeyDeleted,,,,network service,wmiprvse.exe
"Sep 2, 2026 8:10:53 PM",RegistryKeyDeleted,,,,network service,wmiprvse.exe
"Sep 2, 2026 8:10:53 PM",RegistryKeyCreated,HKEY_LOCAL_MACHINE\BCD00000000\Objects\{a5a30fa2-3d06-4e9f-b5f4-a01df9d1fcba}\Description,,,network service,wmiprvse.exe
"Sep 2, 2026 8:10:53 PM",RegistryKeyCreated,HKEY_LOCAL_MACHINE\BCD00000000\Objects\{a5a30fa2-3d06-4e9f-b5f4-a01df9d1fcba}\Elements,,,network service,wmiprvse.exe
"Sep 2, 2026 8:10:53 PM",RegistryKeyCreated,HKEY_LOCAL_MACHINE\BCD00000000\Objects\{0c5b8103-93d0-11f1-8f67-806e6f6e6963}\Elements\11000001,,,network service,wmiprvse.exe
"Sep 2, 2026 8:10:53 PM",RegistryKeyDeleted,,,,network service,wmiprvse.exe
"Sep 2, 2026 8:10:53 PM",RegistryKeyCreated,HKEY_LOCAL_MACHINE\BCD00000000\Objects\{9dea862c-5cdd-4e70-acc1-f32b344d4795}\Elements\12000002,,,network service,wmiprvse.exe
"Sep 2, 2026 8:10:53 PM",RegistryKeyDeleted,,,,network service,wmiprvse.exe
"Sep 2, 2026 8:10:53 PM",RegistryKeyCreated,HKEY_LOCAL_MACHINE\BCD00000000\Objects\{9dea862c-5cdd-4e70-acc1-f32b344d4795}\Elements\11000001,,,network service,wmiprvse.exe
"Sep 2, 2026 8:10:53 PM",RegistryKeyDeleted,,,,network service,wmiprvse.exe
"Sep 2, 2026 8:10:53 PM",RegistryKeyCreated,HKEY_LOCAL_MACHINE\BCD00000000\Objects\{a5a30fa2-3d06-4e9f-b5f4-a01df9d1fcba}\Elements\25000004,,,network service,wmiprvse.exe
"Sep 2, 2026 8:10:53 PM",RegistryKeyCreated,HKEY_LOCAL_MACHINE\BCD00000000\Objects\{a5a30fa2-3d06-4e9f-b5f4-a01df9d1fcba}\Elements\24000001,,,network service,wmiprvse.exe
"Sep 2, 2026 8:10:53 PM",RegistryKeyDeleted,,,,network service,wmiprvse.exe
"Sep 2, 2026 8:10:53 PM",RegistryKeyDeleted,,,,network service,wmiprvse.exe
"Sep 2, 2026 8:10:53 PM",RegistryKeyDeleted,,,,network service,wmiprvse.exe
"Sep 2, 2026 8:10:53 PM",RegistryKeyCreated,HKEY_LOCAL_MACHINE\BCD00000000\Objects\{a5a30fa2-3d06-4e9f-b5f4-a01df9d1fcba}\Elements,,,network service,wmiprvse.exe
"Sep 2, 2026 8:10:53 PM",RegistryKeyCreated,HKEY_LOCAL_MACHINE\BCD00000000\Objects\{a5a30fa2-3d06-4e9f-b5f4-a01df9d1fcba},,,network service,wmiprvse.exe
"Sep 2, 2026 8:10:53 PM",RegistryKeyDeleted,,,,network service,wmiprvse.exe
"Sep 2, 2026 8:10:53 PM",RegistryKeyCreated,HKEY_LOCAL_MACHINE\BCD00000000\Objects\{a5a30fa2-3d06-4e9f-b5f4-a01df9d1fcba}\Description,,,network service,wmiprvse.exe
"Sep 2, 2026 8:10:53 PM",RegistryKeyDeleted,,,,network service,wmiprvse.exe
"Sep 2, 2026 8:10:53 PM",RegistryKeyCreated,HKEY_LOCAL_MACHINE\BCD00000000\Objects\{9dea862c-5cdd-4e70-acc1-f32b344d4795}\Elements\12000002,,,network service,wmiprvse.exe
"Sep 2, 2026 8:10:53 PM",RegistryKeyDeleted,,,,network service,wmiprvse.exe
"Sep 2, 2026 8:10:53 PM",RegistryKeyCreated,HKEY_LOCAL_MACHINE\BCD00000000\Objects\{0c5b8103-93d0-11f1-8f67-806e6f6e6963}\Elements\11000001,,,network service,wmiprvse.exe
"Sep 2, 2026 8:10:53 PM",RegistryKeyDeleted,,,,network service,wmiprvse.exe
"Sep 2, 2026 8:10:53 PM",RegistryKeyCreated,HKEY_LOCAL_MACHINE\BCD00000000\Objects\{9dea862c-5cdd-4e70-acc1-f32b344d4795}\Elements\11000001,,,network service,wmiprvse.exe
"Sep 2, 2026 8:10:53 PM",RegistryKeyDeleted,,,,network service,wmiprvse.exe
"Sep 2, 2026 8:10:53 PM",RegistryKeyCreated,HKEY_LOCAL_MACHINE\BCD00000000\Objects\{a5a30fa2-3d06-4e9f-b5f4-a01df9d1fcba}\Elements,,,network service,wmiprvse.exe
"Sep 2, 2026 8:10:53 PM",RegistryKeyCreated,HKEY_LOCAL_MACHINE\BCD00000000\Objects\{a5a30fa2-3d06-4e9f-b5f4-a01df9d1fcba},,,network service,wmiprvse.exe
"Sep 2, 2026 8:10:53 PM",RegistryKeyCreated,HKEY_LOCAL_MACHINE\BCD00000000\Objects\{a5a30fa2-3d06-4e9f-b5f4-a01df9d1fcba}\Description,,,network service,wmiprvse.exe
"Sep 2, 2026 8:10:53 PM",RegistryKeyCreated,HKEY_LOCAL_MACHINE\BCD00000000\Objects\{a5a30fa2-3d06-4e9f-b5f4-a01df9d1fcba}\Elements\25000004,,,network service,wmiprvse.exe
"Sep 2, 2026 8:10:53 PM",RegistryKeyCreated,HKEY_LOCAL_MACHINE\BCD00000000\Objects\{a5a30fa2-3d06-4e9f-b5f4-a01df9d1fcba}\Elements\24000001,,,network service,wmiprvse.exe
"Sep 2, 2026 8:10:53 PM",RegistryKeyDeleted,,,,network service,wmiprvse.exe
"Sep 2, 2026 8:10:53 PM",RegistryKeyDeleted,,,,network service,wmiprvse.exe
"Sep 2, 2026 8:10:53 PM",RegistryKeyDeleted,,,,network service,wmiprvse.exe
"Sep 2, 2026 8:10:53 PM",RegistryKeyDeleted,,,,network service,wmiprvse.exe
"Sep 2, 2026 8:10:53 PM",RegistryKeyDeleted,,,,network service,wmiprvse.exe
"Sep 2, 2026 8:10:53 PM",RegistryKeyCreated,HKEY_LOCAL_MACHINE\BCD00000000\Objects\{0c5b8103-93d0-11f1-8f67-806e6f6e6963}\Elements\11000001,,,network service,wmiprvse.exe
"Sep 2, 2026 8:10:53 PM",RegistryKeyDeleted,,,,network service,wmiprvse.exe
"Sep 2, 2026 8:10:53 PM",RegistryKeyDeleted,,,,network service,wmiprvse.exe
"Sep 2, 2026 8:10:53 PM",RegistryKeyCreated,HKEY_LOCAL_MACHINE\BCD00000000\Objects\{9dea862c-5cdd-4e70-acc1-f32b344d4795}\Elements\12000002,,,network service,wmiprvse.exe
"Sep 2, 2026 8:10:53 PM",RegistryKeyCreated,HKEY_LOCAL_MACHINE\BCD00000000\Objects\{9dea862c-5cdd-4e70-acc1-f32b344d4795}\Elements\11000001,,,network service,wmiprvse.exe
"Sep 2, 2026 8:10:53 PM",RegistryKeyDeleted,,,,network service,wmiprvse.exe
"Sep 2, 2026 8:08:11 PM",RegistryValueSet,HKEY_LOCAL_MACHINE\SYSTEM\ControlSet001\Control\CI\WhqlOnlyEvaluation,StatusEventTimestamp,134328676912433580,system,aggregatorhost.exe
"Sep 2, 2026 8:08:11 PM",RegistryValueSet,HKEY_LOCAL_MACHINE\SYSTEM\ControlSet001\Control\CI\WhqlOnlyEvaluation,SystemUptime,1812500160000,system,aggregatorhost.exe
"Sep 2, 2026 8:08:11 PM",RegistryValueSet,HKEY_LOCAL_MACHINE\SYSTEM\ControlSet001\Control\CI\WhqlOnlyEvaluation,SystemUptimeTimestamp,468247810000,system,aggregatorhost.exe
"Sep 2, 2026 8:07:47 PM",RegistryValueSet,HKEY_LOCAL_MACHINE\SYSTEM\ControlSet001\Services\Tcpip\Parameters,Health,,system,ntoskrnl.exe
"Sep 2, 2026 7:22:40 PM",RegistryValueSet,HKEY_LOCAL_MACHINE\SOFTWARE\Policies\Microsoft\Windows\DataCollection,LastUpdate,1bb97ee4-3bf9-4c77-9583-7bfaa2cd2acb,system,powershell.exe
"Sep 2, 2026 7:10:42 PM",RegistryKeyCreated,HKEY_LOCAL_MACHINE\BCD00000000\Objects\{a5a30fa2-3d06-4e9f-b5f4-a01df9d1fcba}\Elements\24000001,,,network service,wmiprvse.exe
"Sep 2, 2026 7:10:42 PM",RegistryKeyCreated,HKEY_LOCAL_MACHINE\BCD00000000\Objects\{a5a30fa2-3d06-4e9f-b5f4-a01df9d1fcba}\Elements\25000004,,,network service,wmiprvse.exe
"Sep 2, 2026 7:10:42 PM",RegistryKeyCreated,HKEY_LOCAL_MACHINE\BCD00000000\Objects\{a5a30fa2-3d06-4e9f-b5f4-a01df9d1fcba},,,network service,wmiprvse.exe
"Sep 2, 2026 7:10:42 PM",RegistryKeyDeleted,,,,network service,wmiprvse.exe
"Sep 2, 2026 7:10:42 PM",RegistryKeyDeleted,,,,network service,wmiprvse.exe
"Sep 2, 2026 7:10:42 PM",RegistryKeyDeleted,,,,network service,wmiprvse.exe
"Sep 2, 2026 7:10:42 PM",RegistryKeyDeleted,,,,network service,wmiprvse.exe
"Sep 2, 2026 7:10:42 PM",RegistryKeyDeleted,,,,network service,wmiprvse.exe
"Sep 2, 2026 7:10:42 PM",RegistryKeyCreated,HKEY_LOCAL_MACHINE\BCD00000000\Objects\{a5a30fa2-3d06-4e9f-b5f4-a01df9d1fcba}\Description,,,network service,wmiprvse.exe
"Sep 2, 2026 7:10:42 PM",RegistryKeyCreated,HKEY_LOCAL_MACHINE\BCD00000000\Objects\{a5a30fa2-3d06-4e9f-b5f4-a01df9d1fcba}\Elements,,,network service,wmiprvse.exe
"Sep 2, 2026 7:10:42 PM",RegistryKeyCreated,HKEY_LOCAL_MACHINE\BCD00000000\Objects\{0c5b8103-93d0-11f1-8f67-806e6f6e6963}\Elements\11000001,,,network service,wmiprvse.exe
"Sep 2, 2026 7:10:42 PM",RegistryKeyCreated,HKEY_LOCAL_MACHINE\BCD00000000\Objects\{9dea862c-5cdd-4e70-acc1-f32b344d4795}\Elements\12000002,,,network service,wmiprvse.exe
"Sep 2, 2026 7:10:42 PM",RegistryKeyDeleted,,,,network service,wmiprvse.exe
"Sep 2, 2026 7:10:42 PM",RegistryKeyCreated,HKEY_LOCAL_MACHINE\BCD00000000\Objects\{9dea862c-5cdd-4e70-acc1-f32b344d4795}\Elements\11000001,,,network service,wmiprvse.exe
"Sep 2, 2026 7:10:42 PM",RegistryKeyDeleted,,,,network service,wmiprvse.exe
"Sep 2, 2026 7:10:42 PM",RegistryKeyDeleted,,,,network service,wmiprvse.exe
"Sep 2, 2026 7:10:42 PM",RegistryKeyCreated,HKEY_LOCAL_MACHINE\BCD00000000\Objects\{a5a30fa2-3d06-4e9f-b5f4-a01df9d1fcba}\Elements\25000004,,,network service,wmiprvse.exe
"Sep 2, 2026 7:10:42 PM",RegistryKeyDeleted,,,,network service,wmiprvse.exe
"Sep 2, 2026 7:10:42 PM",RegistryKeyDeleted,,,,network service,wmiprvse.exe
"Sep 2, 2026 7:10:42 PM",RegistryKeyDeleted,,,,network service,wmiprvse.exe
"Sep 2, 2026 7:10:42 PM",RegistryKeyDeleted,,,,network service,wmiprvse.exe
"Sep 2, 2026 7:10:42 PM",RegistryKeyDeleted,,,,network service,wmiprvse.exe
"Sep 2, 2026 7:10:42 PM",RegistryKeyCreated,HKEY_LOCAL_MACHINE\BCD00000000\Objects\{a5a30fa2-3d06-4e9f-b5f4-a01df9d1fcba},,,network service,wmiprvse.exe
"Sep 2, 2026 7:10:42 PM",RegistryKeyCreated,HKEY_LOCAL_MACHINE\BCD00000000\Objects\{a5a30fa2-3d06-4e9f-b5f4-a01df9d1fcba}\Elements,,,network service,wmiprvse.exe
"Sep 2, 2026 7:10:42 PM",RegistryKeyCreated,HKEY_LOCAL_MACHINE\BCD00000000\Objects\{a5a30fa2-3d06-4e9f-b5f4-a01df9d1fcba}\Elements\24000001,,,network service,wmiprvse.exe
"Sep 2, 2026 7:10:42 PM",RegistryKeyCreated,HKEY_LOCAL_MACHINE\BCD00000000\Objects\{a5a30fa2-3d06-4e9f-b5f4-a01df9d1fcba}\Description,,,network service,wmiprvse.exe
"Sep 2, 2026 7:10:42 PM",RegistryKeyCreated,HKEY_LOCAL_MACHINE\BCD00000000\Objects\{0c5b8103-93d0-11f1-8f67-806e6f6e6963}\Elements\11000001,,,network service,wmiprvse.exe
"Sep 2, 2026 7:10:42 PM",RegistryKeyCreated,HKEY_LOCAL_MACHINE\BCD00000000\Objects\{9dea862c-5cdd-4e70-acc1-f32b344d4795}\Elements\12000002,,,network service,wmiprvse.exe
"Sep 2, 2026 7:10:42 PM",RegistryKeyDeleted,,,,network service,wmiprvse.exe
"Sep 2, 2026 7:10:42 PM",RegistryKeyCreated,HKEY_LOCAL_MACHINE\BCD00000000\Objects\{9dea862c-5cdd-4e70-acc1-f32b344d4795}\Elements\11000001,,,network service,wmiprvse.exe
"Sep 2, 2026 7:10:42 PM",RegistryKeyDeleted,,,,network service,wmiprvse.exe
"Sep 2, 2026 7:10:42 PM",RegistryKeyDeleted,,,,network service,wmiprvse.exe
"Sep 2, 2026 7:10:41 PM",RegistryKeyCreated,HKEY_LOCAL_MACHINE\BCD00000000\Objects\{a5a30fa2-3d06-4e9f-b5f4-a01df9d1fcba}\Elements\25000004,,,network service,wmiprvse.exe
"Sep 2, 2026 7:10:41 PM",RegistryKeyCreated,HKEY_LOCAL_MACHINE\BCD00000000\Objects\{a5a30fa2-3d06-4e9f-b5f4-a01df9d1fcba},,,network service,wmiprvse.exe
"Sep 2, 2026 7:10:41 PM",RegistryKeyCreated,HKEY_LOCAL_MACHINE\BCD00000000\Objects\{a5a30fa2-3d06-4e9f-b5f4-a01df9d1fcba}\Elements\24000001,,,network service,wmiprvse.exe
"Sep 2, 2026 7:10:41 PM",RegistryKeyCreated,HKEY_LOCAL_MACHINE\BCD00000000\Objects\{a5a30fa2-3d06-4e9f-b5f4-a01df9d1fcba}\Description,,,network service,wmiprvse.exe
"Sep 2, 2026 7:10:41 PM",RegistryKeyCreated,HKEY_LOCAL_MACHINE\BCD00000000\Objects\{a5a30fa2-3d06-4e9f-b5f4-a01df9d1fcba}\Elements,,,network service,wmiprvse.exe
"Sep 2, 2026 7:10:41 PM",RegistryKeyDeleted,,,,network service,wmiprvse.exe
"Sep 2, 2026 7:10:41 PM",RegistryKeyDeleted,,,,network service,wmiprvse.exe
"Sep 2, 2026 7:10:41 PM",RegistryKeyDeleted,,,,network service,wmiprvse.exe
"Sep 2, 2026 7:10:41 PM",RegistryKeyDeleted,,,,network service,wmiprvse.exe
"Sep 2, 2026 7:10:41 PM",RegistryKeyDeleted,,,,network service,wmiprvse.exe
"Sep 2, 2026 7:10:41 PM",RegistryKeyCreated,HKEY_LOCAL_MACHINE\BCD00000000\Objects\{0c5b8103-93d0-11f1-8f67-806e6f6e6963}\Elements\11000001,,,network service,wmiprvse.exe
"Sep 2, 2026 7:10:41 PM",RegistryKeyDeleted,,,,network service,wmiprvse.exe
"Sep 2, 2026 7:10:41 PM",RegistryKeyCreated,HKEY_LOCAL_MACHINE\BCD00000000\Objects\{9dea862c-5cdd-4e70-acc1-f32b344d4795}\Elements\12000002,,,network service,wmiprvse.exe
"Sep 2, 2026 7:10:41 PM",RegistryKeyDeleted,,,,network service,wmiprvse.exe
"Sep 2, 2026 7:10:41 PM",RegistryKeyCreated,HKEY_LOCAL_MACHINE\BCD00000000\Objects\{9dea862c-5cdd-4e70-acc1-f32b344d4795}\Elements\11000001,,,network service,wmiprvse.exe
"Sep 2, 2026 7:10:41 PM",RegistryKeyDeleted,,,,network service,wmiprvse.exe
"Sep 2, 2026 7:08:11 PM",RegistryValueSet,HKEY_LOCAL_MACHINE\SYSTEM\ControlSet001\Control\CI\WhqlOnlyEvaluation,SystemUptime,1776500160000,system,aggregatorhost.exe
"Sep 2, 2026 7:08:11 PM",RegistryValueSet,HKEY_LOCAL_MACHINE\SYSTEM\ControlSet001\Control\CI\WhqlOnlyEvaluation,SystemUptimeTimestamp,432247810000,system,aggregatorhost.exe
"Sep 2, 2026 7:07:47 PM",RegistryValueSet,HKEY_LOCAL_MACHINE\SYSTEM\ControlSet001\Services\Tcpip\Parameters,Health,,system,ntoskrnl.exe
"Sep 2, 2026 6:10:31 PM",RegistryKeyCreated,HKEY_LOCAL_MACHINE\BCD00000000\Objects\{a5a30fa2-3d06-4e9f-b5f4-a01df9d1fcba}\Elements\24000001,,,network service,wmiprvse.exe
"Sep 2, 2026 6:10:31 PM",RegistryKeyCreated,HKEY_LOCAL_MACHINE\BCD00000000\Objects\{a5a30fa2-3d06-4e9f-b5f4-a01df9d1fcba}\Elements\25000004,,,network service,wmiprvse.exe
"Sep 2, 2026 6:10:31 PM",RegistryKeyDeleted,,,,network service,wmiprvse.exe
"Sep 2, 2026 6:10:31 PM",RegistryKeyDeleted,,,,network service,wmiprvse.exe
"Sep 2, 2026 6:10:31 PM",RegistryKeyDeleted,,,,network service,wmiprvse.exe
"Sep 2, 2026 6:10:31 PM",RegistryKeyDeleted,,,,network service,wmiprvse.exe
"Sep 2, 2026 6:10:31 PM",RegistryKeyDeleted,,,,network service,wmiprvse.exe
"Sep 2, 2026 6:10:31 PM",RegistryKeyCreated,HKEY_LOCAL_MACHINE\BCD00000000\Objects\{a5a30fa2-3d06-4e9f-b5f4-a01df9d1fcba},,,network service,wmiprvse.exe
"Sep 2, 2026 6:10:31 PM",RegistryKeyCreated,HKEY_LOCAL_MACHINE\BCD00000000\Objects\{a5a30fa2-3d06-4e9f-b5f4-a01df9d1fcba}\Description,,,network service,wmiprvse.exe
"Sep 2, 2026 6:10:31 PM",RegistryKeyCreated,HKEY_LOCAL_MACHINE\BCD00000000\Objects\{a5a30fa2-3d06-4e9f-b5f4-a01df9d1fcba}\Elements,,,network service,wmiprvse.exe
"Sep 2, 2026 6:10:31 PM",RegistryKeyCreated,HKEY_LOCAL_MACHINE\BCD00000000\Objects\{0c5b8103-93d0-11f1-8f67-806e6f6e6963}\Elements\11000001,,,network service,wmiprvse.exe
"Sep 2, 2026 6:10:31 PM",RegistryKeyDeleted,,,,network service,wmiprvse.exe
"Sep 2, 2026 6:10:31 PM",RegistryKeyDeleted,,,,network service,wmiprvse.exe
"Sep 2, 2026 6:10:31 PM",RegistryKeyCreated,HKEY_LOCAL_MACHINE\BCD00000000\Objects\{9dea862c-5cdd-4e70-acc1-f32b344d4795}\Elements\12000002,,,network service,wmiprvse.exe
"Sep 2, 2026 6:10:31 PM",RegistryKeyCreated,HKEY_LOCAL_MACHINE\BCD00000000\Objects\{9dea862c-5cdd-4e70-acc1-f32b344d4795}\Elements\11000001,,,network service,wmiprvse.exe
"Sep 2, 2026 6:10:31 PM",RegistryKeyDeleted,,,,network service,wmiprvse.exe
"Sep 2, 2026 6:10:31 PM",RegistryKeyCreated,HKEY_LOCAL_MACHINE\BCD00000000\Objects\{a5a30fa2-3d06-4e9f-b5f4-a01df9d1fcba}\Elements,,,network service,wmiprvse.exe
"Sep 2, 2026 6:10:31 PM",RegistryKeyCreated,HKEY_LOCAL_MACHINE\BCD00000000\Objects\{a5a30fa2-3d06-4e9f-b5f4-a01df9d1fcba},,,network service,wmiprvse.exe
"Sep 2, 2026 6:10:31 PM",RegistryKeyCreated,HKEY_LOCAL_MACHINE\BCD00000000\Objects\{a5a30fa2-3d06-4e9f-b5f4-a01df9d1fcba}\Elements\24000001,,,network service,wmiprvse.exe
"Sep 2, 2026 6:10:31 PM",RegistryKeyCreated,HKEY_LOCAL_MACHINE\BCD00000000\Objects\{a5a30fa2-3d06-4e9f-b5f4-a01df9d1fcba}\Elements\25000004,,,network service,wmiprvse.exe
"Sep 2, 2026 6:10:31 PM",RegistryKeyCreated,HKEY_LOCAL_MACHINE\BCD00000000\Objects\{a5a30fa2-3d06-4e9f-b5f4-a01df9d1fcba}\Description,,,network service,wmiprvse.exe
"Sep 2, 2026 6:10:31 PM",RegistryKeyDeleted,,,,network service,wmiprvse.exe
"Sep 2, 2026 6:10:31 PM",RegistryKeyDeleted,,,,network service,wmiprvse.exe
"Sep 2, 2026 6:10:31 PM",RegistryKeyDeleted,,,,network service,wmiprvse.exe
"Sep 2, 2026 6:10:31 PM",RegistryKeyDeleted,,,,network service,wmiprvse.exe
"Sep 2, 2026 6:10:31 PM",RegistryKeyDeleted,,,,network service,wmiprvse.exe
"Sep 2, 2026 6:10:31 PM",RegistryKeyCreated,HKEY_LOCAL_MACHINE\BCD00000000\Objects\{0c5b8103-93d0-11f1-8f67-806e6f6e6963}\Elements\11000001,,,network service,wmiprvse.exe
"Sep 2, 2026 6:10:31 PM",RegistryKeyDeleted,,,,network service,wmiprvse.exe
"Sep 2, 2026 6:10:31 PM",RegistryKeyCreated,HKEY_LOCAL_MACHINE\BCD00000000\Objects\{9dea862c-5cdd-4e70-acc1-f32b344d4795}\Elements\12000002,,,network service,wmiprvse.exe
"Sep 2, 2026 6:10:31 PM",RegistryKeyDeleted,,,,network service,wmiprvse.exe
"Sep 2, 2026 6:10:31 PM",RegistryKeyCreated,HKEY_LOCAL_MACHINE\BCD00000000\Objects\{9dea862c-5cdd-4e70-acc1-f32b344d4795}\Elements\11000001,,,network service,wmiprvse.exe
"Sep 2, 2026 6:10:31 PM",RegistryKeyDeleted,,,,network service,wmiprvse.exe
"Sep 2, 2026 6:10:30 PM",RegistryKeyCreated,HKEY_LOCAL_MACHINE\BCD00000000\Objects\{a5a30fa2-3d06-4e9f-b5f4-a01df9d1fcba}\Elements,,,network service,wmiprvse.exe
"Sep 2, 2026 6:10:30 PM",RegistryKeyCreated,HKEY_LOCAL_MACHINE\BCD00000000\Objects\{a5a30fa2-3d06-4e9f-b5f4-a01df9d1fcba}\Elements\25000004,,,network service,wmiprvse.exe
"Sep 2, 2026 6:10:30 PM",RegistryKeyCreated,HKEY_LOCAL_MACHINE\BCD00000000\Objects\{a5a30fa2-3d06-4e9f-b5f4-a01df9d1fcba}\Elements\24000001,,,network service,wmiprvse.exe
"Sep 2, 2026 6:10:30 PM",RegistryKeyDeleted,,,,network service,wmiprvse.exe
"Sep 2, 2026 6:10:30 PM",RegistryKeyDeleted,,,,network service,wmiprvse.exe
"Sep 2, 2026 6:10:30 PM",RegistryKeyDeleted,,,,network service,wmiprvse.exe
"Sep 2, 2026 6:10:30 PM",RegistryKeyCreated,HKEY_LOCAL_MACHINE\BCD00000000\Objects\{a5a30fa2-3d06-4e9f-b5f4-a01df9d1fcba},,,network service,wmiprvse.exe
"Sep 2, 2026 6:10:30 PM",RegistryKeyDeleted,,,,network service,wmiprvse.exe
"Sep 2, 2026 6:10:30 PM",RegistryKeyCreated,HKEY_LOCAL_MACHINE\BCD00000000\Objects\{a5a30fa2-3d06-4e9f-b5f4-a01df9d1fcba}\Description,,,network service,wmiprvse.exe
"Sep 2, 2026 6:10:30 PM",RegistryKeyDeleted,,,,network service,wmiprvse.exe
"Sep 2, 2026 6:10:30 PM",RegistryKeyCreated,HKEY_LOCAL_MACHINE\BCD00000000\Objects\{0c5b8103-93d0-11f1-8f67-806e6f6e6963}\Elements\11000001,,,network service,wmiprvse.exe
"Sep 2, 2026 6:10:30 PM",RegistryKeyDeleted,,,,network service,wmiprvse.exe
"Sep 2, 2026 6:10:30 PM",RegistryKeyDeleted,,,,network service,wmiprvse.exe
"Sep 2, 2026 6:10:30 PM",RegistryKeyCreated,HKEY_LOCAL_MACHINE\BCD00000000\Objects\{9dea862c-5cdd-4e70-acc1-f32b344d4795}\Elements\12000002,,,network service,wmiprvse.exe
"Sep 2, 2026 6:10:30 PM",RegistryKeyCreated,HKEY_LOCAL_MACHINE\BCD00000000\Objects\{9dea862c-5cdd-4e70-acc1-f32b344d4795}\Elements\11000001,,,network service,wmiprvse.exe
"Sep 2, 2026 6:10:30 PM",RegistryKeyDeleted,,,,network service,wmiprvse.exe
"Sep 2, 2026 6:08:11 PM",RegistryValueSet,HKEY_LOCAL_MACHINE\SYSTEM\ControlSet001\Control\CI\WhqlOnlyEvaluation,SystemUptimeTimestamp,396247650000,system,aggregatorhost.exe
"Sep 2, 2026 6:08:11 PM",RegistryValueSet,HKEY_LOCAL_MACHINE\SYSTEM\ControlSet001\Control\CI\WhqlOnlyEvaluation,SystemUptime,1740500000000,system,aggregatorhost.exe
"Sep 2, 2026 6:07:47 PM",RegistryValueSet,HKEY_LOCAL_MACHINE\SYSTEM\ControlSet001\Services\Tcpip\Parameters,Health,,system,ntoskrnl.exe
"Sep 2, 2026 5:10:20 PM",RegistryKeyCreated,HKEY_LOCAL_MACHINE\BCD00000000\Objects\{a5a30fa2-3d06-4e9f-b5f4-a01df9d1fcba}\Elements,,,network service,wmiprvse.exe
"Sep 2, 2026 5:10:20 PM",RegistryKeyCreated,HKEY_LOCAL_MACHINE\BCD00000000\Objects\{a5a30fa2-3d06-4e9f-b5f4-a01df9d1fcba}\Elements\25000004,,,network service,wmiprvse.exe
"Sep 2, 2026 5:10:20 PM",RegistryKeyCreated,HKEY_LOCAL_MACHINE\BCD00000000\Objects\{a5a30fa2-3d06-4e9f-b5f4-a01df9d1fcba}\Elements\24000001,,,network service,wmiprvse.exe
"Sep 2, 2026 5:10:20 PM",RegistryKeyDeleted,,,,network service,wmiprvse.exe
"Sep 2, 2026 5:10:20 PM",RegistryKeyDeleted,,,,network service,wmiprvse.exe
"Sep 2, 2026 5:10:20 PM",RegistryKeyDeleted,,,,network service,wmiprvse.exe
"Sep 2, 2026 5:10:20 PM",RegistryKeyDeleted,,,,network service,wmiprvse.exe
"Sep 2, 2026 5:10:20 PM",RegistryKeyDeleted,,,,network service,wmiprvse.exe
"Sep 2, 2026 5:10:20 PM",RegistryKeyCreated,HKEY_LOCAL_MACHINE\BCD00000000\Objects\{a5a30fa2-3d06-4e9f-b5f4-a01df9d1fcba},,,network service,wmiprvse.exe
"Sep 2, 2026 5:10:20 PM",RegistryKeyCreated,HKEY_LOCAL_MACHINE\BCD00000000\Objects\{a5a30fa2-3d06-4e9f-b5f4-a01df9d1fcba}\Description,,,network service,wmiprvse.exe
"Sep 2, 2026 5:10:20 PM",RegistryKeyCreated,HKEY_LOCAL_MACHINE\BCD00000000\Objects\{9dea862c-5cdd-4e70-acc1-f32b344d4795}\Elements\12000002,,,network service,wmiprvse.exe
"Sep 2, 2026 5:10:20 PM",RegistryKeyDeleted,,,,network service,wmiprvse.exe
"Sep 2, 2026 5:10:20 PM",RegistryKeyDeleted,,,,network service,wmiprvse.exe
"Sep 2, 2026 5:10:20 PM",RegistryKeyCreated,HKEY_LOCAL_MACHINE\BCD00000000\Objects\{0c5b8103-93d0-11f1-8f67-806e6f6e6963}\Elements\11000001,,,network service,wmiprvse.exe
"Sep 2, 2026 5:10:20 PM",RegistryKeyCreated,HKEY_LOCAL_MACHINE\BCD00000000\Objects\{9dea862c-5cdd-4e70-acc1-f32b344d4795}\Elements\11000001,,,network service,wmiprvse.exe
"Sep 2, 2026 5:10:20 PM",RegistryKeyDeleted,,,,network service,wmiprvse.exe
"Sep 2, 2026 5:10:20 PM",RegistryKeyCreated,HKEY_LOCAL_MACHINE\BCD00000000\Objects\{a5a30fa2-3d06-4e9f-b5f4-a01df9d1fcba}\Elements\25000004,,,network service,wmiprvse.exe
"Sep 2, 2026 5:10:20 PM",RegistryKeyDeleted,,,,network service,wmiprvse.exe
"Sep 2, 2026 5:10:20 PM",RegistryKeyCreated,HKEY_LOCAL_MACHINE\BCD00000000\Objects\{a5a30fa2-3d06-4e9f-b5f4-a01df9d1fcba}\Description,,,network service,wmiprvse.exe
"Sep 2, 2026 5:10:20 PM",RegistryKeyDeleted,,,,network service,wmiprvse.exe
"Sep 2, 2026 5:10:20 PM",RegistryKeyDeleted,,,,network service,wmiprvse.exe
"Sep 2, 2026 5:10:20 PM",RegistryKeyCreated,HKEY_LOCAL_MACHINE\BCD00000000\Objects\{a5a30fa2-3d06-4e9f-b5f4-a01df9d1fcba},,,network service,wmiprvse.exe
"Sep 2, 2026 5:10:20 PM",RegistryKeyDeleted,,,,network service,wmiprvse.exe
"Sep 2, 2026 5:10:20 PM",RegistryKeyCreated,HKEY_LOCAL_MACHINE\BCD00000000\Objects\{a5a30fa2-3d06-4e9f-b5f4-a01df9d1fcba}\Elements,,,network service,wmiprvse.exe
"Sep 2, 2026 5:10:20 PM",RegistryKeyCreated,HKEY_LOCAL_MACHINE\BCD00000000\Objects\{a5a30fa2-3d06-4e9f-b5f4-a01df9d1fcba}\Elements\24000001,,,network service,wmiprvse.exe
"Sep 2, 2026 5:10:20 PM",RegistryKeyDeleted,,,,network service,wmiprvse.exe
"Sep 2, 2026 5:10:20 PM",RegistryKeyCreated,HKEY_LOCAL_MACHINE\BCD00000000\Objects\{0c5b8103-93d0-11f1-8f67-806e6f6e6963}\Elements\11000001,,,network service,wmiprvse.exe
"Sep 2, 2026 5:10:20 PM",RegistryKeyDeleted,,,,network service,wmiprvse.exe
"Sep 2, 2026 5:10:20 PM",RegistryKeyDeleted,,,,network service,wmiprvse.exe
"Sep 2, 2026 5:10:20 PM",RegistryKeyCreated,HKEY_LOCAL_MACHINE\BCD00000000\Objects\{9dea862c-5cdd-4e70-acc1-f32b344d4795}\Elements\12000002,,,network service,wmiprvse.exe
"Sep 2, 2026 5:10:20 PM",RegistryKeyCreated,HKEY_LOCAL_MACHINE\BCD00000000\Objects\{9dea862c-5cdd-4e70-acc1-f32b344d4795}\Elements\11000001,,,network service,wmiprvse.exe
"Sep 2, 2026 5:10:20 PM",RegistryKeyDeleted,,,,network service,wmiprvse.exe
"Sep 2, 2026 5:10:19 PM",RegistryKeyCreated,HKEY_LOCAL_MACHINE\BCD00000000\Objects\{a5a30fa2-3d06-4e9f-b5f4-a01df9d1fcba}\Elements\25000004,,,network service,wmiprvse.exe
"Sep 2, 2026 5:10:19 PM",RegistryKeyCreated,HKEY_LOCAL_MACHINE\BCD00000000\Objects\{a5a30fa2-3d06-4e9f-b5f4-a01df9d1fcba}\Elements\24000001,,,network service,wmiprvse.exe
"Sep 2, 2026 5:10:19 PM",RegistryKeyDeleted,,,,network service,wmiprvse.exe
"Sep 2, 2026 5:10:19 PM",RegistryKeyDeleted,,,,network service,wmiprvse.exe
"Sep 2, 2026 5:10:19 PM",RegistryKeyDeleted,,,,network service,wmiprvse.exe
"Sep 2, 2026 5:10:19 PM",RegistryKeyDeleted,,,,network service,wmiprvse.exe
"Sep 2, 2026 5:10:19 PM",RegistryKeyDeleted,,,,network service,wmiprvse.exe
"Sep 2, 2026 5:10:19 PM",RegistryKeyCreated,HKEY_LOCAL_MACHINE\BCD00000000\Objects\{a5a30fa2-3d06-4e9f-b5f4-a01df9d1fcba},,,network service,wmiprvse.exe
"Sep 2, 2026 5:10:19 PM",RegistryKeyCreated,HKEY_LOCAL_MACHINE\BCD00000000\Objects\{a5a30fa2-3d06-4e9f-b5f4-a01df9d1fcba}\Description,,,network service,wmiprvse.exe
"Sep 2, 2026 5:10:19 PM",RegistryKeyCreated,HKEY_LOCAL_MACHINE\BCD00000000\Objects\{a5a30fa2-3d06-4e9f-b5f4-a01df9d1fcba}\Elements,,,network service,wmiprvse.exe
"Sep 2, 2026 5:10:19 PM",RegistryKeyDeleted,,,,network service,wmiprvse.exe
"Sep 2, 2026 5:10:19 PM",RegistryKeyCreated,HKEY_LOCAL_MACHINE\BCD00000000\Objects\{0c5b8103-93d0-11f1-8f67-806e6f6e6963}\Elements\11000001,,,network service,wmiprvse.exe
"Sep 2, 2026 5:10:19 PM",RegistryKeyDeleted,,,,network service,wmiprvse.exe
"Sep 2, 2026 5:10:19 PM",RegistryKeyCreated,HKEY_LOCAL_MACHINE\BCD00000000\Objects\{9dea862c-5cdd-4e70-acc1-f32b344d4795}\Elements\12000002,,,network service,wmiprvse.exe
"Sep 2, 2026 5:10:19 PM",RegistryKeyCreated,HKEY_LOCAL_MACHINE\BCD00000000\Objects\{9dea862c-5cdd-4e70-acc1-f32b344d4795}\Elements\11000001,,,network service,wmiprvse.exe
"Sep 2, 2026 5:10:19 PM",RegistryKeyDeleted,,,,network service,wmiprvse.exe
"Sep 2, 2026 5:08:11 PM",RegistryValueSet,HKEY_LOCAL_MACHINE\SYSTEM\ControlSet001\Control\CI\WhqlOnlyEvaluation,SystemUptimeTimestamp,360247500000,system,aggregatorhost.exe
"Sep 2, 2026 5:08:11 PM",RegistryValueSet,HKEY_LOCAL_MACHINE\SYSTEM\ControlSet001\Control\CI\WhqlOnlyEvaluation,SystemUptime,1704499850000,system,aggregatorhost.exe
"Sep 2, 2026 5:07:47 PM",RegistryValueSet,HKEY_LOCAL_MACHINE\SYSTEM\ControlSet001\Services\Tcpip\Parameters,Health,,system,ntoskrnl.exe
"Sep 2, 2026 4:40:53 PM",RegistryValueDeleted,,,,system,mssense.exe
"Sep 2, 2026 4:36:36 PM",RegistryValueDeleted,,,,system,mssense.exe
"Sep 2, 2026 4:36:25 PM",RegistryValueDeleted,,,,system,mssense.exe
"Sep 2, 2026 4:10:09 PM",RegistryKeyCreated,HKEY_LOCAL_MACHINE\BCD00000000\Objects\{a5a30fa2-3d06-4e9f-b5f4-a01df9d1fcba}\Elements\25000004,,,network service,wmiprvse.exe
"Sep 2, 2026 4:10:09 PM",RegistryKeyCreated,HKEY_LOCAL_MACHINE\BCD00000000\Objects\{a5a30fa2-3d06-4e9f-b5f4-a01df9d1fcba}\Elements\24000001,,,network service,wmiprvse.exe
"Sep 2, 2026 4:10:09 PM",RegistryKeyDeleted,,,,network service,wmiprvse.exe
"Sep 2, 2026 4:10:09 PM",RegistryKeyDeleted,,,,network service,wmiprvse.exe
"Sep 2, 2026 4:10:09 PM",RegistryKeyDeleted,,,,network service,wmiprvse.exe
"Sep 2, 2026 4:10:09 PM",RegistryKeyDeleted,,,,network service,wmiprvse.exe
"Sep 2, 2026 4:10:09 PM",RegistryKeyCreated,HKEY_LOCAL_MACHINE\BCD00000000\Objects\{a5a30fa2-3d06-4e9f-b5f4-a01df9d1fcba},,,network service,wmiprvse.exe
"Sep 2, 2026 4:10:09 PM",RegistryKeyCreated,HKEY_LOCAL_MACHINE\BCD00000000\Objects\{a5a30fa2-3d06-4e9f-b5f4-a01df9d1fcba}\Elements,,,network service,wmiprvse.exe
"Sep 2, 2026 4:10:09 PM",RegistryKeyDeleted,,,,network service,wmiprvse.exe
"Sep 2, 2026 4:10:09 PM",RegistryKeyCreated,HKEY_LOCAL_MACHINE\BCD00000000\Objects\{a5a30fa2-3d06-4e9f-b5f4-a01df9d1fcba}\Description,,,network service,wmiprvse.exe
"Sep 2, 2026 4:10:09 PM",RegistryKeyDeleted,,,,network service,wmiprvse.exe
"Sep 2, 2026 4:10:09 PM",RegistryKeyCreated,HKEY_LOCAL_MACHINE\BCD00000000\Objects\{0c5b8103-93d0-11f1-8f67-806e6f6e6963}\Elements\11000001,,,network service,wmiprvse.exe
"Sep 2, 2026 4:10:09 PM",RegistryKeyDeleted,,,,network service,wmiprvse.exe
"Sep 2, 2026 4:10:09 PM",RegistryKeyCreated,HKEY_LOCAL_MACHINE\BCD00000000\Objects\{9dea862c-5cdd-4e70-acc1-f32b344d4795}\Elements\12000002,,,network service,wmiprvse.exe
"Sep 2, 2026 4:10:09 PM",RegistryKeyCreated,HKEY_LOCAL_MACHINE\BCD00000000\Objects\{9dea862c-5cdd-4e70-acc1-f32b344d4795}\Elements\11000001,,,network service,wmiprvse.exe
"Sep 2, 2026 4:10:09 PM",RegistryKeyDeleted,,,,network service,wmiprvse.exe
"Sep 2, 2026 4:10:09 PM",RegistryKeyCreated,HKEY_LOCAL_MACHINE\BCD00000000\Objects\{a5a30fa2-3d06-4e9f-b5f4-a01df9d1fcba}\Elements\24000001,,,network service,wmiprvse.exe
"Sep 2, 2026 4:10:09 PM",RegistryKeyCreated,HKEY_LOCAL_MACHINE\BCD00000000\Objects\{a5a30fa2-3d06-4e9f-b5f4-a01df9d1fcba}\Elements\25000004,,,network service,wmiprvse.exe
"Sep 2, 2026 4:10:09 PM",RegistryKeyDeleted,,,,network service,wmiprvse.exe
"Sep 2, 2026 4:10:09 PM",RegistryKeyDeleted,,,,network service,wmiprvse.exe
"Sep 2, 2026 4:10:09 PM",RegistryKeyDeleted,,,,network service,wmiprvse.exe
"Sep 2, 2026 4:10:09 PM",RegistryKeyDeleted,,,,network service,wmiprvse.exe
"Sep 2, 2026 4:10:09 PM",RegistryKeyDeleted,,,,network service,wmiprvse.exe
"Sep 2, 2026 4:10:09 PM",RegistryKeyCreated,HKEY_LOCAL_MACHINE\BCD00000000\Objects\{a5a30fa2-3d06-4e9f-b5f4-a01df9d1fcba}\Description,,,network service,wmiprvse.exe
"Sep 2, 2026 4:10:09 PM",RegistryKeyCreated,HKEY_LOCAL_MACHINE\BCD00000000\Objects\{a5a30fa2-3d06-4e9f-b5f4-a01df9d1fcba},,,network service,wmiprvse.exe
"Sep 2, 2026 4:10:09 PM",RegistryKeyCreated,HKEY_LOCAL_MACHINE\BCD00000000\Objects\{a5a30fa2-3d06-4e9f-b5f4-a01df9d1fcba}\Elements,,,network service,wmiprvse.exe
"Sep 2, 2026 4:10:09 PM",RegistryKeyDeleted,,,,network service,wmiprvse.exe
"Sep 2, 2026 4:10:09 PM",RegistryKeyCreated,HKEY_LOCAL_MACHINE\BCD00000000\Objects\{0c5b8103-93d0-11f1-8f67-806e6f6e6963}\Elements\11000001,,,network service,wmiprvse.exe
"Sep 2, 2026 4:10:09 PM",RegistryKeyDeleted,,,,network service,wmiprvse.exe
"Sep 2, 2026 4:10:09 PM",RegistryKeyCreated,HKEY_LOCAL_MACHINE\BCD00000000\Objects\{9dea862c-5cdd-4e70-acc1-f32b344d4795}\Elements\12000002,,,network service,wmiprvse.exe
"Sep 2, 2026 4:10:09 PM",RegistryKeyCreated,HKEY_LOCAL_MACHINE\BCD00000000\Objects\{9dea862c-5cdd-4e70-acc1-f32b344d4795}\Elements\11000001,,,network service,wmiprvse.exe
"Sep 2, 2026 4:10:09 PM",RegistryKeyDeleted,,,,network service,wmiprvse.exe
"Sep 2, 2026 4:10:08 PM",RegistryKeyCreated,HKEY_LOCAL_MACHINE\BCD00000000\Objects\{a5a30fa2-3d06-4e9f-b5f4-a01df9d1fcba}\Elements\24000001,,,network service,wmiprvse.exe
"Sep 2, 2026 4:10:08 PM",RegistryKeyCreated,HKEY_LOCAL_MACHINE\BCD00000000\Objects\{a5a30fa2-3d06-4e9f-b5f4-a01df9d1fcba}\Elements\25000004,,,network service,wmiprvse.exe
"Sep 2, 2026 4:10:08 PM",RegistryKeyDeleted,,,,network service,wmiprvse.exe
"Sep 2, 2026 4:10:08 PM",RegistryKeyDeleted,,,,network service,wmiprvse.exe
"Sep 2, 2026 4:10:08 PM",RegistryKeyDeleted,,,,network service,wmiprvse.exe
"Sep 2, 2026 4:10:08 PM",RegistryKeyDeleted,,,,network service,wmiprvse.exe
"Sep 2, 2026 4:10:08 PM",RegistryKeyDeleted,,,,network service,wmiprvse.exe
"Sep 2, 2026 4:10:08 PM",RegistryKeyCreated,HKEY_LOCAL_MACHINE\BCD00000000\Objects\{a5a30fa2-3d06-4e9f-b5f4-a01df9d1fcba}\Description,,,network service,wmiprvse.exe
"Sep 2, 2026 4:10:08 PM",RegistryKeyCreated,HKEY_LOCAL_MACHINE\BCD00000000\Objects\{a5a30fa2-3d06-4e9f-b5f4-a01df9d1fcba}\Elements,,,network service,wmiprvse.exe
"Sep 2, 2026 4:10:08 PM",RegistryKeyCreated,HKEY_LOCAL_MACHINE\BCD00000000\Objects\{a5a30fa2-3d06-4e9f-b5f4-a01df9d1fcba},,,network service,wmiprvse.exe
"Sep 2, 2026 4:10:08 PM",RegistryKeyDeleted,,,,network service,wmiprvse.exe
"Sep 2, 2026 4:10:08 PM",RegistryKeyCreated,HKEY_LOCAL_MACHINE\BCD00000000\Objects\{0c5b8103-93d0-11f1-8f67-806e6f6e6963}\Elements\11000001,,,network service,wmiprvse.exe
"Sep 2, 2026 4:10:08 PM",RegistryKeyDeleted,,,,network service,wmiprvse.exe
"Sep 2, 2026 4:10:08 PM",RegistryKeyCreated,HKEY_LOCAL_MACHINE\BCD00000000\Objects\{9dea862c-5cdd-4e70-acc1-f32b344d4795}\Elements\12000002,,,network service,wmiprvse.exe
"Sep 2, 2026 4:10:08 PM",RegistryKeyCreated,HKEY_LOCAL_MACHINE\BCD00000000\Objects\{9dea862c-5cdd-4e70-acc1-f32b344d4795}\Elements\11000001,,,network service,wmiprvse.exe
"Sep 2, 2026 4:10:08 PM",RegistryKeyDeleted,,,,network service,wmiprvse.exe
"Sep 2, 2026 4:08:25 PM",RegistryValueDeleted,,,,system,mssense.exe
"Sep 2, 2026 4:08:11 PM",RegistryValueSet,HKEY_LOCAL_MACHINE\SYSTEM\ControlSet001\Control\CI\WhqlOnlyEvaluation,SystemUptime,1668499850000,system,aggregatorhost.exe
"Sep 2, 2026 4:08:11 PM",RegistryValueSet,HKEY_LOCAL_MACHINE\SYSTEM\ControlSet001\Control\CI\WhqlOnlyEvaluation,SystemUptimeTimestamp,324247500000,system,aggregatorhost.exe
"Sep 2, 2026 4:07:47 PM",RegistryValueSet,HKEY_LOCAL_MACHINE\SYSTEM\ControlSet001\Services\Tcpip\Parameters,Health,,system,ntoskrnl.exe
"Sep 2, 2026 4:03:24 PM",RegistryValueDeleted,,,,system,mssense.exe
"Sep 2, 2026 3:49:46 PM",RegistryValueDeleted,,,,system,mssense.exe
"Sep 2, 2026 3:49:33 PM",RegistryValueDeleted,,,,system,mssense.exe
"Sep 2, 2026 3:38:12 PM",RegistryValueDeleted,,,,system,mssense.exe
"Sep 2, 2026 3:09:58 PM",RegistryKeyCreated,HKEY_LOCAL_MACHINE\BCD00000000\Objects\{a5a30fa2-3d06-4e9f-b5f4-a01df9d1fcba}\Elements\24000001,,,network service,wmiprvse.exe
"Sep 2, 2026 3:09:58 PM",RegistryKeyCreated,HKEY_LOCAL_MACHINE\BCD00000000\Objects\{a5a30fa2-3d06-4e9f-b5f4-a01df9d1fcba}\Elements\25000004,,,network service,wmiprvse.exe
"Sep 2, 2026 3:09:58 PM",RegistryKeyDeleted,,,,network service,wmiprvse.exe
"Sep 2, 2026 3:09:58 PM",RegistryKeyDeleted,,,,network service,wmiprvse.exe
"Sep 2, 2026 3:09:58 PM",RegistryKeyDeleted,,,,network service,wmiprvse.exe
"Sep 2, 2026 3:09:58 PM",RegistryKeyDeleted,,,,network service,wmiprvse.exe
"Sep 2, 2026 3:09:58 PM",RegistryKeyDeleted,,,,network service,wmiprvse.exe
"Sep 2, 2026 3:09:58 PM",RegistryKeyCreated,HKEY_LOCAL_MACHINE\BCD00000000\Objects\{a5a30fa2-3d06-4e9f-b5f4-a01df9d1fcba},,,network service,wmiprvse.exe
"Sep 2, 2026 3:09:58 PM",RegistryKeyCreated,HKEY_LOCAL_MACHINE\BCD00000000\Objects\{a5a30fa2-3d06-4e9f-b5f4-a01df9d1fcba}\Description,,,network service,wmiprvse.exe
"Sep 2, 2026 3:09:58 PM",RegistryKeyCreated,HKEY_LOCAL_MACHINE\BCD00000000\Objects\{a5a30fa2-3d06-4e9f-b5f4-a01df9d1fcba}\Elements,,,network service,wmiprvse.exe
"Sep 2, 2026 3:09:58 PM",RegistryKeyCreated,HKEY_LOCAL_MACHINE\BCD00000000\Objects\{0c5b8103-93d0-11f1-8f67-806e6f6e6963}\Elements\11000001,,,network service,wmiprvse.exe
"Sep 2, 2026 3:09:58 PM",RegistryKeyDeleted,,,,network service,wmiprvse.exe
"Sep 2, 2026 3:09:58 PM",RegistryKeyCreated,HKEY_LOCAL_MACHINE\BCD00000000\Objects\{9dea862c-5cdd-4e70-acc1-f32b344d4795}\Elements\12000002,,,network service,wmiprvse.exe
"Sep 2, 2026 3:09:58 PM",RegistryKeyDeleted,,,,network service,wmiprvse.exe
"Sep 2, 2026 3:09:58 PM",RegistryKeyCreated,HKEY_LOCAL_MACHINE\BCD00000000\Objects\{9dea862c-5cdd-4e70-acc1-f32b344d4795}\Elements\11000001,,,network service,wmiprvse.exe
"Sep 2, 2026 3:09:58 PM",RegistryKeyDeleted,,,,network service,wmiprvse.exe
"Sep 2, 2026 3:09:58 PM",RegistryKeyCreated,HKEY_LOCAL_MACHINE\BCD00000000\Objects\{a5a30fa2-3d06-4e9f-b5f4-a01df9d1fcba}\Elements\25000004,,,network service,wmiprvse.exe
"Sep 2, 2026 3:09:58 PM",RegistryKeyCreated,HKEY_LOCAL_MACHINE\BCD00000000\Objects\{a5a30fa2-3d06-4e9f-b5f4-a01df9d1fcba}\Elements,,,network service,wmiprvse.exe
"Sep 2, 2026 3:09:58 PM",RegistryKeyCreated,HKEY_LOCAL_MACHINE\BCD00000000\Objects\{a5a30fa2-3d06-4e9f-b5f4-a01df9d1fcba}\Elements\24000001,,,network service,wmiprvse.exe
"Sep 2, 2026 3:09:58 PM",RegistryKeyDeleted,,,,network service,wmiprvse.exe
"Sep 2, 2026 3:09:58 PM",RegistryKeyDeleted,,,,network service,wmiprvse.exe
"Sep 2, 2026 3:09:58 PM",RegistryKeyDeleted,,,,network service,wmiprvse.exe
"Sep 2, 2026 3:09:58 PM",RegistryKeyDeleted,,,,network service,wmiprvse.exe
"Sep 2, 2026 3:09:58 PM",RegistryKeyCreated,HKEY_LOCAL_MACHINE\BCD00000000\Objects\{a5a30fa2-3d06-4e9f-b5f4-a01df9d1fcba},,,network service,wmiprvse.exe
"Sep 2, 2026 3:09:58 PM",RegistryKeyCreated,HKEY_LOCAL_MACHINE\BCD00000000\Objects\{a5a30fa2-3d06-4e9f-b5f4-a01df9d1fcba}\Description,,,network service,wmiprvse.exe
"Sep 2, 2026 3:09:58 PM",RegistryKeyDeleted,,,,network service,wmiprvse.exe
"Sep 2, 2026 3:09:58 PM",RegistryKeyDeleted,,,,network service,wmiprvse.exe
"Sep 2, 2026 3:09:58 PM",RegistryKeyCreated,HKEY_LOCAL_MACHINE\BCD00000000\Objects\{0c5b8103-93d0-11f1-8f67-806e6f6e6963}\Elements\11000001,,,network service,wmiprvse.exe
"Sep 2, 2026 3:09:58 PM",RegistryKeyCreated,HKEY_LOCAL_MACHINE\BCD00000000\Objects\{9dea862c-5cdd-4e70-acc1-f32b344d4795}\Elements\12000002,,,network service,wmiprvse.exe
"Sep 2, 2026 3:09:58 PM",RegistryKeyDeleted,,,,network service,wmiprvse.exe
"Sep 2, 2026 3:09:58 PM",RegistryKeyCreated,HKEY_LOCAL_MACHINE\BCD00000000\Objects\{9dea862c-5cdd-4e70-acc1-f32b344d4795}\Elements\11000001,,,network service,wmiprvse.exe
"Sep 2, 2026 3:09:58 PM",RegistryKeyDeleted,,,,network service,wmiprvse.exe
"Sep 2, 2026 3:09:57 PM",RegistryKeyCreated,HKEY_LOCAL_MACHINE\BCD00000000\Objects\{a5a30fa2-3d06-4e9f-b5f4-a01df9d1fcba}\Elements\25000004,,,network service,wmiprvse.exe
"Sep 2, 2026 3:09:57 PM",RegistryValueSet,HKEY_LOCAL_MACHINE\BCD00000000\Objects\{a5a30fa2-3d06-4e9f-b5f4-a01df9d1fcba}\Elements\25000004,Element,,network service,wmiprvse.exe
"Sep 2, 2026 3:09:57 PM",RegistryKeyCreated,HKEY_LOCAL_MACHINE\BCD00000000\Objects\{a5a30fa2-3d06-4e9f-b5f4-a01df9d1fcba},,,network service,wmiprvse.exe
"Sep 2, 2026 3:09:57 PM",RegistryValueSet,HKEY_LOCAL_MACHINE\BCD00000000\Objects\{a5a30fa2-3d06-4e9f-b5f4-a01df9d1fcba}\Description,Type,269484033,network service,wmiprvse.exe
"Sep 2, 2026 3:09:57 PM",RegistryKeyCreated,HKEY_LOCAL_MACHINE\BCD00000000\Objects\{a5a30fa2-3d06-4e9f-b5f4-a01df9d1fcba}\Elements,,,network service,wmiprvse.exe
"Sep 2, 2026 3:09:57 PM",RegistryKeyCreated,HKEY_LOCAL_MACHINE\BCD00000000\Objects\{a5a30fa2-3d06-4e9f-b5f4-a01df9d1fcba}\Elements\24000001,,,network service,wmiprvse.exe
"Sep 2, 2026 3:09:57 PM",RegistryValueSet,HKEY_LOCAL_MACHINE\BCD00000000\Objects\{a5a30fa2-3d06-4e9f-b5f4-a01df9d1fcba}\Elements\24000001,Element,{9dea862c-5cdd-4e70-acc1-f32b344d4795},network service,wmiprvse.exe
"Sep 2, 2026 3:09:57 PM",RegistryKeyCreated,HKEY_LOCAL_MACHINE\BCD00000000\Objects\{a5a30fa2-3d06-4e9f-b5f4-a01df9d1fcba}\Description,,,network service,wmiprvse.exe
"Sep 2, 2026 3:09:57 PM",RegistryKeyDeleted,,,,network service,wmiprvse.exe
"Sep 2, 2026 3:09:57 PM",RegistryKeyDeleted,,,,network service,wmiprvse.exe
"Sep 2, 2026 3:09:57 PM",RegistryKeyDeleted,,,,network service,wmiprvse.exe
"Sep 2, 2026 3:09:57 PM",RegistryValueSet,HKEY_LOCAL_MACHINE\BCD00000000\Objects\{0c5b8103-93d0-11f1-8f67-806e6f6e6963}\Elements\11000001,Element,,network service,wmiprvse.exe
"Sep 2, 2026 3:09:57 PM",RegistryKeyDeleted,,,,network service,wmiprvse.exe
"Sep 2, 2026 3:09:57 PM",RegistryKeyDeleted,,,,network service,wmiprvse.exe
"Sep 2, 2026 3:09:57 PM",RegistryKeyCreated,HKEY_LOCAL_MACHINE\BCD00000000\Objects\{0c5b8103-93d0-11f1-8f67-806e6f6e6963}\Elements\11000001,,,network service,wmiprvse.exe
"Sep 2, 2026 3:09:57 PM",RegistryKeyDeleted,,,,network service,wmiprvse.exe
"Sep 2, 2026 3:09:57 PM",RegistryValueSet,HKEY_LOCAL_MACHINE\BCD00000000\Objects\{9dea862c-5cdd-4e70-acc1-f32b344d4795}\Elements\11000001,Element,,network service,wmiprvse.exe
"Sep 2, 2026 3:09:57 PM",RegistryKeyDeleted,,,,network service,wmiprvse.exe
"Sep 2, 2026 3:09:57 PM",RegistryValueSet,HKEY_LOCAL_MACHINE\BCD00000000\Objects\{9dea862c-5cdd-4e70-acc1-f32b344d4795}\Elements\12000002,Element,\EFI\Microsoft\Boot\bootmgfw.efi,network service,wmiprvse.exe
"Sep 2, 2026 3:09:57 PM",RegistryKeyCreated,HKEY_LOCAL_MACHINE\BCD00000000\Objects\{9dea862c-5cdd-4e70-acc1-f32b344d4795}\Elements\12000002,,,network service,wmiprvse.exe
"Sep 2, 2026 3:09:57 PM",RegistryKeyCreated,HKEY_LOCAL_MACHINE\BCD00000000\Objects\{9dea862c-5cdd-4e70-acc1-f32b344d4795}\Elements\11000001,,,network service,wmiprvse.exe
"Sep 2, 2026 3:09:57 PM",RegistryKeyDeleted,,,,network service,wmiprvse.exe
"Sep 2, 2026 3:08:11 PM",RegistryValueSet,HKEY_LOCAL_MACHINE\SYSTEM\ControlSet001\Control\CI\WhqlOnlyEvaluation,SystemUptimeTimestamp,288247340000,system,aggregatorhost.exe
"Sep 2, 2026 3:08:11 PM",RegistryValueSet,HKEY_LOCAL_MACHINE\SYSTEM\ControlSet001\Control\CI\WhqlOnlyEvaluation,SystemUptime,1632499690000,system,aggregatorhost.exe
"Sep 2, 2026 3:07:47 PM",RegistryValueSet,HKEY_LOCAL_MACHINE\SYSTEM\ControlSet001\Services\Tcpip\Parameters,Health,,system,ntoskrnl.exe
"Sep 2, 2026 2:33:04 PM",RegistryValueSet,HKEY_LOCAL_MACHINE\SYSTEM\ControlSet001\Control\WMI\Security,4adf77ec-e908-4289-a1ec-951669e27e3e,,system,mpdefendercoreservice.exe
"Sep 2, 2026 2:09:46 PM",RegistryValueSet,HKEY_LOCAL_MACHINE\BCD00000000\Objects\{a5a30fa2-3d06-4e9f-b5f4-a01df9d1fcba}\Elements\24000001,Element,{9dea862c-5cdd-4e70-acc1-f32b344d4795},network service,wmiprvse.exe
"Sep 2, 2026 2:09:46 PM",RegistryKeyCreated,HKEY_LOCAL_MACHINE\BCD00000000\Objects\{a5a30fa2-3d06-4e9f-b5f4-a01df9d1fcba}\Elements\24000001,,,network service,wmiprvse.exe
"Sep 2, 2026 2:09:46 PM",RegistryKeyCreated,HKEY_LOCAL_MACHINE\BCD00000000\Objects\{a5a30fa2-3d06-4e9f-b5f4-a01df9d1fcba}\Elements\25000004,,,network service,wmiprvse.exe
"Sep 2, 2026 2:09:46 PM",RegistryValueSet,HKEY_LOCAL_MACHINE\BCD00000000\Objects\{a5a30fa2-3d06-4e9f-b5f4-a01df9d1fcba}\Elements\25000004,Element,,network service,wmiprvse.exe
"Sep 2, 2026 2:09:46 PM",RegistryKeyDeleted,,,,network service,wmiprvse.exe
"Sep 2, 2026 2:09:46 PM",RegistryValueSet,HKEY_LOCAL_MACHINE\BCD00000000\Objects\{0c5b8103-93d0-11f1-8f67-806e6f6e6963}\Elements\11000001,Element,,network service,wmiprvse.exe
"Sep 2, 2026 2:09:46 PM",RegistryKeyDeleted,,,,network service,wmiprvse.exe
"Sep 2, 2026 2:09:46 PM",RegistryKeyDeleted,,,,network service,wmiprvse.exe
"Sep 2, 2026 2:09:46 PM",RegistryKeyDeleted,,,,network service,wmiprvse.exe
"Sep 2, 2026 2:09:46 PM",RegistryKeyDeleted,,,,network service,wmiprvse.exe
"Sep 2, 2026 2:09:46 PM",RegistryKeyCreated,HKEY_LOCAL_MACHINE\BCD00000000\Objects\{a5a30fa2-3d06-4e9f-b5f4-a01df9d1fcba},,,network service,wmiprvse.exe
"Sep 2, 2026 2:09:46 PM",RegistryKeyCreated,HKEY_LOCAL_MACHINE\BCD00000000\Objects\{a5a30fa2-3d06-4e9f-b5f4-a01df9d1fcba}\Description,,,network service,wmiprvse.exe
"Sep 2, 2026 2:09:46 PM",RegistryValueSet,HKEY_LOCAL_MACHINE\BCD00000000\Objects\{a5a30fa2-3d06-4e9f-b5f4-a01df9d1fcba}\Description,Type,269484033,network service,wmiprvse.exe
"Sep 2, 2026 2:09:46 PM",RegistryKeyCreated,HKEY_LOCAL_MACHINE\BCD00000000\Objects\{a5a30fa2-3d06-4e9f-b5f4-a01df9d1fcba}\Elements,,,network service,wmiprvse.exe
"Sep 2, 2026 2:09:46 PM",RegistryKeyCreated,HKEY_LOCAL_MACHINE\BCD00000000\Objects\{9dea862c-5cdd-4e70-acc1-f32b344d4795}\Elements\12000002,,,network service,wmiprvse.exe
"Sep 2, 2026 2:09:46 PM",RegistryKeyDeleted,,,,network service,wmiprvse.exe
"Sep 2, 2026 2:09:46 PM",RegistryKeyCreated,HKEY_LOCAL_MACHINE\BCD00000000\Objects\{0c5b8103-93d0-11f1-8f67-806e6f6e6963}\Elements\11000001,,,network service,wmiprvse.exe
"Sep 2, 2026 2:09:46 PM",RegistryValueSet,HKEY_LOCAL_MACHINE\BCD00000000\Objects\{9dea862c-5cdd-4e70-acc1-f32b344d4795}\Elements\12000002,Element,\EFI\Microsoft\Boot\bootmgfw.efi,network service,wmiprvse.exe
"Sep 2, 2026 2:09:46 PM",RegistryKeyCreated,HKEY_LOCAL_MACHINE\BCD00000000\Objects\{9dea862c-5cdd-4e70-acc1-f32b344d4795}\Elements\11000001,,,network service,wmiprvse.exe
"Sep 2, 2026 2:09:46 PM",RegistryKeyDeleted,,,,network service,wmiprvse.exe
"Sep 2, 2026 2:09:46 PM",RegistryValueSet,HKEY_LOCAL_MACHINE\BCD00000000\Objects\{9dea862c-5cdd-4e70-acc1-f32b344d4795}\Elements\11000001,Element,,network service,wmiprvse.exe
"Sep 2, 2026 2:09:46 PM",RegistryKeyDeleted,,,,network service,wmiprvse.exe
"Sep 2, 2026 2:09:46 PM",RegistryValueSet,HKEY_LOCAL_MACHINE\BCD00000000\Objects\{a5a30fa2-3d06-4e9f-b5f4-a01df9d1fcba}\Elements\24000001,Element,{9dea862c-5cdd-4e70-acc1-f32b344d4795},network service,wmiprvse.exe
"Sep 2, 2026 2:09:46 PM",RegistryKeyCreated,HKEY_LOCAL_MACHINE\BCD00000000\Objects\{a5a30fa2-3d06-4e9f-b5f4-a01df9d1fcba}\Elements\25000004,,,network service,wmiprvse.exe
"Sep 2, 2026 2:09:46 PM",RegistryValueSet,HKEY_LOCAL_MACHINE\BCD00000000\Objects\{a5a30fa2-3d06-4e9f-b5f4-a01df9d1fcba}\Elements\25000004,Element,,network service,wmiprvse.exe
"Sep 2, 2026 2:09:46 PM",RegistryKeyCreated,HKEY_LOCAL_MACHINE\BCD00000000\Objects\{a5a30fa2-3d06-4e9f-b5f4-a01df9d1fcba}\Elements\24000001,,,network service,wmiprvse.exe
"Sep 2, 2026 2:09:46 PM",RegistryKeyCreated,HKEY_LOCAL_MACHINE\BCD00000000\Objects\{a5a30fa2-3d06-4e9f-b5f4-a01df9d1fcba},,,network service,wmiprvse.exe
"Sep 2, 2026 2:09:46 PM",RegistryValueSet,HKEY_LOCAL_MACHINE\BCD00000000\Objects\{0c5b8103-93d0-11f1-8f67-806e6f6e6963}\Elements\11000001,Element,,network service,wmiprvse.exe
"Sep 2, 2026 2:09:46 PM",RegistryKeyDeleted,,,,network service,wmiprvse.exe
"Sep 2, 2026 2:09:46 PM",RegistryKeyDeleted,,,,network service,wmiprvse.exe
"Sep 2, 2026 2:09:46 PM",RegistryKeyDeleted,,,,network service,wmiprvse.exe
"Sep 2, 2026 2:09:46 PM",RegistryKeyDeleted,,,,network service,wmiprvse.exe
"Sep 2, 2026 2:09:46 PM",RegistryKeyDeleted,,,,network service,wmiprvse.exe
"Sep 2, 2026 2:09:46 PM",RegistryValueSet,HKEY_LOCAL_MACHINE\BCD00000000\Objects\{a5a30fa2-3d06-4e9f-b5f4-a01df9d1fcba}\Description,Type,269484033,network service,wmiprvse.exe
"Sep 2, 2026 2:09:46 PM",RegistryKeyCreated,HKEY_LOCAL_MACHINE\BCD00000000\Objects\{a5a30fa2-3d06-4e9f-b5f4-a01df9d1fcba}\Description,,,network service,wmiprvse.exe
"Sep 2, 2026 2:09:46 PM",RegistryKeyCreated,HKEY_LOCAL_MACHINE\BCD00000000\Objects\{a5a30fa2-3d06-4e9f-b5f4-a01df9d1fcba}\Elements,,,network service,wmiprvse.exe
"Sep 2, 2026 2:09:46 PM",RegistryKeyDeleted,,,,network service,wmiprvse.exe
"Sep 2, 2026 2:09:46 PM",RegistryKeyCreated,HKEY_LOCAL_MACHINE\BCD00000000\Objects\{0c5b8103-93d0-11f1-8f67-806e6f6e6963}\Elements\11000001,,,network service,wmiprvse.exe
"Sep 2, 2026 2:09:46 PM",RegistryKeyCreated,HKEY_LOCAL_MACHINE\BCD00000000\Objects\{9dea862c-5cdd-4e70-acc1-f32b344d4795}\Elements\12000002,,,network service,wmiprvse.exe
"Sep 2, 2026 2:09:46 PM",RegistryValueSet,HKEY_LOCAL_MACHINE\BCD00000000\Objects\{9dea862c-5cdd-4e70-acc1-f32b344d4795}\Elements\12000002,Element,\EFI\Microsoft\Boot\bootmgfw.efi,network service,wmiprvse.exe
"Sep 2, 2026 2:09:46 PM",RegistryKeyDeleted,,,,network service,wmiprvse.exe
"Sep 2, 2026 2:09:46 PM",RegistryValueSet,HKEY_LOCAL_MACHINE\BCD00000000\Objects\{9dea862c-5cdd-4e70-acc1-f32b344d4795}\Elements\11000001,Element,,network service,wmiprvse.exe
"Sep 2, 2026 2:09:46 PM",RegistryKeyCreated,HKEY_LOCAL_MACHINE\BCD00000000\Objects\{9dea862c-5cdd-4e70-acc1-f32b344d4795}\Elements\11000001,,,network service,wmiprvse.exe
"Sep 2, 2026 2:09:46 PM",RegistryKeyDeleted,,,,network service,wmiprvse.exe
"Sep 2, 2026 2:09:46 PM",RegistryKeyCreated,HKEY_LOCAL_MACHINE\BCD00000000\Objects\{a5a30fa2-3d06-4e9f-b5f4-a01df9d1fcba}\Elements\24000001,,,network service,wmiprvse.exe
"Sep 2, 2026 2:09:46 PM",RegistryKeyCreated,HKEY_LOCAL_MACHINE\BCD00000000\Objects\{a5a30fa2-3d06-4e9f-b5f4-a01df9d1fcba}\Elements\25000004,,,network service,wmiprvse.exe
"Sep 2, 2026 2:09:46 PM",RegistryValueSet,HKEY_LOCAL_MACHINE\BCD00000000\Objects\{a5a30fa2-3d06-4e9f-b5f4-a01df9d1fcba}\Elements\24000001,Element,{9dea862c-5cdd-4e70-acc1-f32b344d4795},network service,wmiprvse.exe
"Sep 2, 2026 2:09:46 PM",RegistryValueSet,HKEY_LOCAL_MACHINE\BCD00000000\Objects\{a5a30fa2-3d06-4e9f-b5f4-a01df9d1fcba}\Elements\25000004,Element,,network service,wmiprvse.exe
"Sep 2, 2026 2:09:46 PM",RegistryKeyDeleted,,,,network service,wmiprvse.exe
"Sep 2, 2026 2:09:46 PM",RegistryKeyDeleted,,,,network service,wmiprvse.exe
"Sep 2, 2026 2:09:46 PM",RegistryValueSet,HKEY_LOCAL_MACHINE\BCD00000000\Objects\{0c5b8103-93d0-11f1-8f67-806e6f6e6963}\Elements\11000001,Element,,network service,wmiprvse.exe
"Sep 2, 2026 2:09:46 PM",RegistryKeyDeleted,,,,network service,wmiprvse.exe
"Sep 2, 2026 2:09:46 PM",RegistryKeyDeleted,,,,network service,wmiprvse.exe
"Sep 2, 2026 2:09:46 PM",RegistryKeyCreated,HKEY_LOCAL_MACHINE\BCD00000000\Objects\{a5a30fa2-3d06-4e9f-b5f4-a01df9d1fcba},,,network service,wmiprvse.exe
"Sep 2, 2026 2:09:46 PM",RegistryKeyCreated,HKEY_LOCAL_MACHINE\BCD00000000\Objects\{a5a30fa2-3d06-4e9f-b5f4-a01df9d1fcba}\Description,,,network service,wmiprvse.exe
"Sep 2, 2026 2:09:46 PM",RegistryKeyCreated,HKEY_LOCAL_MACHINE\BCD00000000\Objects\{a5a30fa2-3d06-4e9f-b5f4-a01df9d1fcba}\Elements,,,network service,wmiprvse.exe
"Sep 2, 2026 2:09:46 PM",RegistryValueSet,HKEY_LOCAL_MACHINE\BCD00000000\Objects\{a5a30fa2-3d06-4e9f-b5f4-a01df9d1fcba}\Description,Type,269484033,network service,wmiprvse.exe
"Sep 2, 2026 2:09:46 PM",RegistryKeyDeleted,,,,network service,wmiprvse.exe
"Sep 2, 2026 2:09:46 PM",RegistryKeyDeleted,,,,network service,wmiprvse.exe
"Sep 2, 2026 2:09:46 PM",RegistryKeyCreated,HKEY_LOCAL_MACHINE\BCD00000000\Objects\{0c5b8103-93d0-11f1-8f67-806e6f6e6963}\Elements\11000001,,,network service,wmiprvse.exe
"Sep 2, 2026 2:09:46 PM",RegistryKeyCreated,HKEY_LOCAL_MACHINE\BCD00000000\Objects\{9dea862c-5cdd-4e70-acc1-f32b344d4795}\Elements\12000002,,,network service,wmiprvse.exe
"Sep 2, 2026 2:09:46 PM",RegistryValueSet,HKEY_LOCAL_MACHINE\BCD00000000\Objects\{9dea862c-5cdd-4e70-acc1-f32b344d4795}\Elements\11000001,Element,,network service,wmiprvse.exe
"Sep 2, 2026 2:09:46 PM",RegistryValueSet,HKEY_LOCAL_MACHINE\BCD00000000\Objects\{9dea862c-5cdd-4e70-acc1-f32b344d4795}\Elements\12000002,Element,\EFI\Microsoft\Boot\bootmgfw.efi,network service,wmiprvse.exe
"Sep 2, 2026 2:09:46 PM",RegistryKeyDeleted,,,,network service,wmiprvse.exe
"Sep 2, 2026 2:09:46 PM",RegistryKeyCreated,HKEY_LOCAL_MACHINE\BCD00000000\Objects\{9dea862c-5cdd-4e70-acc1-f32b344d4795}\Elements\11000001,,,network service,wmiprvse.exe
"Sep 2, 2026 2:09:46 PM",RegistryKeyDeleted,,,,network service,wmiprvse.exe
"Sep 2, 2026 2:08:11 PM",RegistryValueSet,HKEY_LOCAL_MACHINE\SYSTEM\ControlSet001\Control\CI\WhqlOnlyEvaluation,SystemUptimeTimestamp,252247180000,system,aggregatorhost.exe
"Sep 2, 2026 2:08:11 PM",RegistryValueSet,HKEY_LOCAL_MACHINE\SYSTEM\ControlSet001\Control\CI\WhqlOnlyEvaluation,SystemUptime,1596499530000,system,aggregatorhost.exe
"Sep 2, 2026 2:07:47 PM",RegistryValueSet,HKEY_LOCAL_MACHINE\SYSTEM\ControlSet001\Services\Tcpip\Parameters,Health,,system,ntoskrnl.exe
"Sep 2, 2026 1:09:35 PM",RegistryValueSet,HKEY_LOCAL_MACHINE\BCD00000000\Objects\{a5a30fa2-3d06-4e9f-b5f4-a01df9d1fcba}\Elements\25000004,Element,,network service,wmiprvse.exe
"Sep 2, 2026 1:09:35 PM",RegistryKeyCreated,HKEY_LOCAL_MACHINE\BCD00000000\Objects\{a5a30fa2-3d06-4e9f-b5f4-a01df9d1fcba}\Description,,,network service,wmiprvse.exe
"Sep 2, 2026 1:09:35 PM",RegistryValueSet,HKEY_LOCAL_MACHINE\BCD00000000\Objects\{a5a30fa2-3d06-4e9f-b5f4-a01df9d1fcba}\Description,Type,269484033,network service,wmiprvse.exe
"Sep 2, 2026 1:09:35 PM",RegistryKeyCreated,HKEY_LOCAL_MACHINE\BCD00000000\Objects\{a5a30fa2-3d06-4e9f-b5f4-a01df9d1fcba}\Elements,,,network service,wmiprvse.exe
"Sep 2, 2026 1:09:35 PM",RegistryKeyCreated,HKEY_LOCAL_MACHINE\BCD00000000\Objects\{a5a30fa2-3d06-4e9f-b5f4-a01df9d1fcba},,,network service,wmiprvse.exe
"Sep 2, 2026 1:09:35 PM",RegistryKeyCreated,HKEY_LOCAL_MACHINE\BCD00000000\Objects\{a5a30fa2-3d06-4e9f-b5f4-a01df9d1fcba}\Elements\25000004,,,network service,wmiprvse.exe
"Sep 2, 2026 1:09:35 PM",RegistryValueSet,HKEY_LOCAL_MACHINE\BCD00000000\Objects\{a5a30fa2-3d06-4e9f-b5f4-a01df9d1fcba}\Elements\24000001,Element,{9dea862c-5cdd-4e70-acc1-f32b344d4795},network service,wmiprvse.exe
"Sep 2, 2026 1:09:35 PM",RegistryKeyDeleted,,,,network service,wmiprvse.exe
"Sep 2, 2026 1:09:35 PM",RegistryKeyCreated,HKEY_LOCAL_MACHINE\BCD00000000\Objects\{a5a30fa2-3d06-4e9f-b5f4-a01df9d1fcba}\Elements\24000001,,,network service,wmiprvse.exe
"Sep 2, 2026 1:09:35 PM",RegistryKeyDeleted,,,,network service,wmiprvse.exe
"Sep 2, 2026 1:09:35 PM",RegistryValueSet,HKEY_LOCAL_MACHINE\BCD00000000\Objects\{0c5b8103-93d0-11f1-8f67-806e6f6e6963}\Elements\11000001,Element,,network service,wmiprvse.exe
"Sep 2, 2026 1:09:35 PM",RegistryKeyDeleted,,,,network service,wmiprvse.exe
"Sep 2, 2026 1:09:35 PM",RegistryKeyDeleted,,,,network service,wmiprvse.exe
"Sep 2, 2026 1:09:35 PM",RegistryKeyDeleted,,,,network service,wmiprvse.exe
"Sep 2, 2026 1:09:35 PM",RegistryValueSet,HKEY_LOCAL_MACHINE\BCD00000000\Objects\{9dea862c-5cdd-4e70-acc1-f32b344d4795}\Elements\12000002,Element,\EFI\Microsoft\Boot\bootmgfw.efi,network service,wmiprvse.exe
"Sep 2, 2026 1:09:35 PM",RegistryKeyDeleted,,,,network service,wmiprvse.exe
"Sep 2, 2026 1:09:35 PM",RegistryKeyCreated,HKEY_LOCAL_MACHINE\BCD00000000\Objects\{9dea862c-5cdd-4e70-acc1-f32b344d4795}\Elements\12000002,,,network service,wmiprvse.exe
"Sep 2, 2026 1:09:35 PM",RegistryKeyDeleted,,,,network service,wmiprvse.exe
"Sep 2, 2026 1:09:35 PM",RegistryKeyCreated,HKEY_LOCAL_MACHINE\BCD00000000\Objects\{0c5b8103-93d0-11f1-8f67-806e6f6e6963}\Elements\11000001,,,network service,wmiprvse.exe
"Sep 2, 2026 1:09:35 PM",RegistryKeyCreated,HKEY_LOCAL_MACHINE\BCD00000000\Objects\{9dea862c-5cdd-4e70-acc1-f32b344d4795}\Elements\11000001,,,network service,wmiprvse.exe
"Sep 2, 2026 1:09:35 PM",RegistryValueSet,HKEY_LOCAL_MACHINE\BCD00000000\Objects\{9dea862c-5cdd-4e70-acc1-f32b344d4795}\Elements\11000001,Element,,network service,wmiprvse.exe
"Sep 2, 2026 1:09:35 PM",RegistryKeyDeleted,,,,network service,wmiprvse.exe
"Sep 2, 2026 1:09:35 PM",RegistryKeyCreated,HKEY_LOCAL_MACHINE\BCD00000000\Objects\{a5a30fa2-3d06-4e9f-b5f4-a01df9d1fcba}\Elements\25000004,,,network service,wmiprvse.exe
"Sep 2, 2026 1:09:35 PM",RegistryValueSet,HKEY_LOCAL_MACHINE\BCD00000000\Objects\{a5a30fa2-3d06-4e9f-b5f4-a01df9d1fcba}\Elements\25000004,Element,,network service,wmiprvse.exe
"Sep 2, 2026 1:09:35 PM",RegistryKeyDeleted,,,,network service,wmiprvse.exe
"Sep 2, 2026 1:09:35 PM",RegistryKeyDeleted,,,,network service,wmiprvse.exe
"Sep 2, 2026 1:09:35 PM",RegistryKeyDeleted,,,,network service,wmiprvse.exe
"Sep 2, 2026 1:09:35 PM",RegistryKeyCreated,HKEY_LOCAL_MACHINE\BCD00000000\Objects\{a5a30fa2-3d06-4e9f-b5f4-a01df9d1fcba},,,network service,wmiprvse.exe
"Sep 2, 2026 1:09:35 PM",RegistryKeyDeleted,,,,network service,wmiprvse.exe
"Sep 2, 2026 1:09:35 PM",RegistryValueSet,HKEY_LOCAL_MACHINE\BCD00000000\Objects\{a5a30fa2-3d06-4e9f-b5f4-a01df9d1fcba}\Description,Type,269484033,network service,wmiprvse.exe
"Sep 2, 2026 1:09:35 PM",RegistryKeyCreated,HKEY_LOCAL_MACHINE\BCD00000000\Objects\{a5a30fa2-3d06-4e9f-b5f4-a01df9d1fcba}\Description,,,network service,wmiprvse.exe
"Sep 2, 2026 1:09:35 PM",RegistryKeyCreated,HKEY_LOCAL_MACHINE\BCD00000000\Objects\{a5a30fa2-3d06-4e9f-b5f4-a01df9d1fcba}\Elements,,,network service,wmiprvse.exe
"Sep 2, 2026 1:09:35 PM",RegistryKeyCreated,HKEY_LOCAL_MACHINE\BCD00000000\Objects\{a5a30fa2-3d06-4e9f-b5f4-a01df9d1fcba}\Elements\24000001,,,network service,wmiprvse.exe
"Sep 2, 2026 1:09:35 PM",RegistryValueSet,HKEY_LOCAL_MACHINE\BCD00000000\Objects\{a5a30fa2-3d06-4e9f-b5f4-a01df9d1fcba}\Elements\24000001,Element,{9dea862c-5cdd-4e70-acc1-f32b344d4795},network service,wmiprvse.exe
"Sep 2, 2026 1:09:35 PM",RegistryKeyDeleted,,,,network service,wmiprvse.exe
"Sep 2, 2026 1:09:35 PM",RegistryValueSet,HKEY_LOCAL_MACHINE\BCD00000000\Objects\{0c5b8103-93d0-11f1-8f67-806e6f6e6963}\Elements\11000001,Element,,network service,wmiprvse.exe
"Sep 2, 2026 1:09:35 PM",RegistryKeyCreated,HKEY_LOCAL_MACHINE\BCD00000000\Objects\{0c5b8103-93d0-11f1-8f67-806e6f6e6963}\Elements\11000001,,,network service,wmiprvse.exe
"Sep 2, 2026 1:09:35 PM",RegistryKeyCreated,HKEY_LOCAL_MACHINE\BCD00000000\Objects\{9dea862c-5cdd-4e70-acc1-f32b344d4795}\Elements\12000002,,,network service,wmiprvse.exe
"Sep 2, 2026 1:09:35 PM",RegistryKeyDeleted,,,,network service,wmiprvse.exe
"Sep 2, 2026 1:09:35 PM",RegistryKeyDeleted,,,,network service,wmiprvse.exe
"Sep 2, 2026 1:09:35 PM",RegistryValueSet,HKEY_LOCAL_MACHINE\BCD00000000\Objects\{9dea862c-5cdd-4e70-acc1-f32b344d4795}\Elements\12000002,Element,\EFI\Microsoft\Boot\bootmgfw.efi,network service,wmiprvse.exe
"Sep 2, 2026 1:09:35 PM",RegistryValueSet,HKEY_LOCAL_MACHINE\BCD00000000\Objects\{9dea862c-5cdd-4e70-acc1-f32b344d4795}\Elements\11000001,Element,,network service,wmiprvse.exe
"Sep 2, 2026 1:09:35 PM",RegistryKeyCreated,HKEY_LOCAL_MACHINE\BCD00000000\Objects\{9dea862c-5cdd-4e70-acc1-f32b344d4795}\Elements\11000001,,,network service,wmiprvse.exe
"Sep 2, 2026 1:09:35 PM",RegistryKeyDeleted,,,,network service,wmiprvse.exe
"Sep 2, 2026 1:09:34 PM",RegistryKeyCreated,HKEY_LOCAL_MACHINE\BCD00000000\Objects\{a5a30fa2-3d06-4e9f-b5f4-a01df9d1fcba}\Elements\25000004,,,network service,wmiprvse.exe
"Sep 2, 2026 1:09:34 PM",RegistryValueSet,HKEY_LOCAL_MACHINE\BCD00000000\Objects\{a5a30fa2-3d06-4e9f-b5f4-a01df9d1fcba}\Elements\25000004,Element,,network service,wmiprvse.exe
"Sep 2, 2026 1:09:34 PM",RegistryKeyDeleted,,,,network service,wmiprvse.exe
"Sep 2, 2026 1:09:34 PM",RegistryKeyDeleted,,,,network service,wmiprvse.exe
"Sep 2, 2026 1:09:34 PM",RegistryKeyDeleted,,,,network service,wmiprvse.exe
"Sep 2, 2026 1:09:34 PM",RegistryKeyDeleted,,,,network service,wmiprvse.exe
"Sep 2, 2026 1:09:34 PM",RegistryKeyCreated,HKEY_LOCAL_MACHINE\BCD00000000\Objects\{a5a30fa2-3d06-4e9f-b5f4-a01df9d1fcba},,,network service,wmiprvse.exe
"Sep 2, 2026 1:09:34 PM",RegistryKeyCreated,HKEY_LOCAL_MACHINE\BCD00000000\Objects\{a5a30fa2-3d06-4e9f-b5f4-a01df9d1fcba}\Description,,,network service,wmiprvse.exe
"Sep 2, 2026 1:09:34 PM",RegistryValueSet,HKEY_LOCAL_MACHINE\BCD00000000\Objects\{a5a30fa2-3d06-4e9f-b5f4-a01df9d1fcba}\Description,Type,269484033,network service,wmiprvse.exe
"Sep 2, 2026 1:09:34 PM",RegistryKeyCreated,HKEY_LOCAL_MACHINE\BCD00000000\Objects\{a5a30fa2-3d06-4e9f-b5f4-a01df9d1fcba}\Elements,,,network service,wmiprvse.exe
"Sep 2, 2026 1:09:34 PM",RegistryKeyCreated,HKEY_LOCAL_MACHINE\BCD00000000\Objects\{a5a30fa2-3d06-4e9f-b5f4-a01df9d1fcba}\Elements\24000001,,,network service,wmiprvse.exe
"Sep 2, 2026 1:09:34 PM",RegistryValueSet,HKEY_LOCAL_MACHINE\BCD00000000\Objects\{a5a30fa2-3d06-4e9f-b5f4-a01df9d1fcba}\Elements\24000001,Element,{9dea862c-5cdd-4e70-acc1-f32b344d4795},network service,wmiprvse.exe
"Sep 2, 2026 1:09:34 PM",RegistryValueSet,HKEY_LOCAL_MACHINE\BCD00000000\Objects\{0c5b8103-93d0-11f1-8f67-806e6f6e6963}\Elements\11000001,Element,,network service,wmiprvse.exe
"Sep 2, 2026 1:09:34 PM",RegistryKeyDeleted,,,,network service,wmiprvse.exe
"Sep 2, 2026 1:09:34 PM",RegistryKeyCreated,HKEY_LOCAL_MACHINE\BCD00000000\Objects\{9dea862c-5cdd-4e70-acc1-f32b344d4795}\Elements\12000002,,,network service,wmiprvse.exe
"Sep 2, 2026 1:09:34 PM",RegistryValueSet,HKEY_LOCAL_MACHINE\BCD00000000\Objects\{9dea862c-5cdd-4e70-acc1-f32b344d4795}\Elements\12000002,Element,\EFI\Microsoft\Boot\bootmgfw.efi,network service,wmiprvse.exe
"Sep 2, 2026 1:09:34 PM",RegistryKeyCreated,HKEY_LOCAL_MACHINE\BCD00000000\Objects\{0c5b8103-93d0-11f1-8f67-806e6f6e6963}\Elements\11000001,,,network service,wmiprvse.exe
"Sep 2, 2026 1:09:34 PM",RegistryKeyDeleted,,,,network service,wmiprvse.exe
"Sep 2, 2026 1:09:34 PM",RegistryKeyCreated,HKEY_LOCAL_MACHINE\BCD00000000\Objects\{9dea862c-5cdd-4e70-acc1-f32b344d4795}\Elements\11000001,,,network service,wmiprvse.exe
"Sep 2, 2026 1:09:34 PM",RegistryValueSet,HKEY_LOCAL_MACHINE\BCD00000000\Objects\{9dea862c-5cdd-4e70-acc1-f32b344d4795}\Elements\11000001,Element,,network service,wmiprvse.exe
"Sep 2, 2026 1:09:34 PM",RegistryKeyDeleted,,,,network service,wmiprvse.exe
"Sep 2, 2026 1:09:34 PM",RegistryKeyDeleted,,,,network service,wmiprvse.exe
"Sep 2, 2026 1:08:11 PM",RegistryValueSet,HKEY_LOCAL_MACHINE\SYSTEM\ControlSet001\Control\CI\WhqlOnlyEvaluation,SystemUptime,1560499380000,system,aggregatorhost.exe
"Sep 2, 2026 1:08:11 PM",RegistryValueSet,HKEY_LOCAL_MACHINE\SYSTEM\ControlSet001\Control\CI\WhqlOnlyEvaluation,SystemUptimeTimestamp,216247030000,system,aggregatorhost.exe
"Sep 2, 2026 1:07:47 PM",RegistryValueSet,HKEY_LOCAL_MACHINE\SYSTEM\ControlSet001\Services\Tcpip\Parameters,Health,,system,ntoskrnl.exe
"Sep 2, 2026 12:09:24 PM",RegistryKeyDeleted,,,,network service,wmiprvse.exe
"Sep 2, 2026 12:09:24 PM",RegistryKeyDeleted,,,,network service,wmiprvse.exe
"Sep 2, 2026 12:09:24 PM",RegistryKeyDeleted,,,,network service,wmiprvse.exe
"Sep 2, 2026 12:09:24 PM",RegistryValueSet,HKEY_LOCAL_MACHINE\BCD00000000\Objects\{a5a30fa2-3d06-4e9f-b5f4-a01df9d1fcba}\Description,Type,269484033,network service,wmiprvse.exe
"Sep 2, 2026 12:09:24 PM",RegistryKeyCreated,HKEY_LOCAL_MACHINE\BCD00000000\Objects\{a5a30fa2-3d06-4e9f-b5f4-a01df9d1fcba}\Elements\24000001,,,network service,wmiprvse.exe
"Sep 2, 2026 12:09:24 PM",RegistryKeyCreated,HKEY_LOCAL_MACHINE\BCD00000000\Objects\{a5a30fa2-3d06-4e9f-b5f4-a01df9d1fcba},,,network service,wmiprvse.exe
"Sep 2, 2026 12:09:24 PM",RegistryKeyCreated,HKEY_LOCAL_MACHINE\BCD00000000\Objects\{a5a30fa2-3d06-4e9f-b5f4-a01df9d1fcba}\Description,,,network service,wmiprvse.exe
"Sep 2, 2026 12:09:24 PM",RegistryValueSet,HKEY_LOCAL_MACHINE\BCD00000000\Objects\{a5a30fa2-3d06-4e9f-b5f4-a01df9d1fcba}\Elements\25000004,Element,,network service,wmiprvse.exe
"Sep 2, 2026 12:09:24 PM",RegistryValueSet,HKEY_LOCAL_MACHINE\BCD00000000\Objects\{a5a30fa2-3d06-4e9f-b5f4-a01df9d1fcba}\Elements\24000001,Element,{9dea862c-5cdd-4e70-acc1-f32b344d4795},network service,wmiprvse.exe
"Sep 2, 2026 12:09:24 PM",RegistryKeyCreated,HKEY_LOCAL_MACHINE\BCD00000000\Objects\{a5a30fa2-3d06-4e9f-b5f4-a01df9d1fcba}\Elements,,,network service,wmiprvse.exe
"Sep 2, 2026 12:09:24 PM",RegistryKeyCreated,HKEY_LOCAL_MACHINE\BCD00000000\Objects\{a5a30fa2-3d06-4e9f-b5f4-a01df9d1fcba}\Elements\25000004,,,network service,wmiprvse.exe
"Sep 2, 2026 12:09:24 PM",RegistryValueSet,HKEY_LOCAL_MACHINE\BCD00000000\Objects\{0c5b8103-93d0-11f1-8f67-806e6f6e6963}\Elements\11000001,Element,,network service,wmiprvse.exe
"Sep 2, 2026 12:09:24 PM",RegistryKeyDeleted,,,,network service,wmiprvse.exe
"Sep 2, 2026 12:09:24 PM",RegistryKeyCreated,HKEY_LOCAL_MACHINE\BCD00000000\Objects\{0c5b8103-93d0-11f1-8f67-806e6f6e6963}\Elements\11000001,,,network service,wmiprvse.exe
"Sep 2, 2026 12:09:24 PM",RegistryKeyDeleted,,,,network service,wmiprvse.exe
"Sep 2, 2026 12:09:24 PM",RegistryKeyDeleted,,,,network service,wmiprvse.exe
"Sep 2, 2026 12:09:24 PM",RegistryValueSet,HKEY_LOCAL_MACHINE\BCD00000000\Objects\{9dea862c-5cdd-4e70-acc1-f32b344d4795}\Elements\11000001,Element,,network service,wmiprvse.exe
"Sep 2, 2026 12:09:24 PM",RegistryKeyDeleted,,,,network service,wmiprvse.exe
"Sep 2, 2026 12:09:24 PM",RegistryKeyCreated,HKEY_LOCAL_MACHINE\BCD00000000\Objects\{9dea862c-5cdd-4e70-acc1-f32b344d4795}\Elements\12000002,,,network service,wmiprvse.exe
"Sep 2, 2026 12:09:24 PM",RegistryValueSet,HKEY_LOCAL_MACHINE\BCD00000000\Objects\{9dea862c-5cdd-4e70-acc1-f32b344d4795}\Elements\12000002,Element,\EFI\Microsoft\Boot\bootmgfw.efi,network service,wmiprvse.exe
"Sep 2, 2026 12:09:24 PM",RegistryKeyCreated,HKEY_LOCAL_MACHINE\BCD00000000\Objects\{9dea862c-5cdd-4e70-acc1-f32b344d4795}\Elements\11000001,,,network service,wmiprvse.exe
"Sep 2, 2026 12:09:24 PM",RegistryKeyDeleted,,,,network service,wmiprvse.exe
"Sep 2, 2026 12:09:24 PM",RegistryKeyCreated,HKEY_LOCAL_MACHINE\BCD00000000\Objects\{a5a30fa2-3d06-4e9f-b5f4-a01df9d1fcba}\Elements\25000004,,,network service,wmiprvse.exe
"Sep 2, 2026 12:09:24 PM",RegistryValueSet,HKEY_LOCAL_MACHINE\BCD00000000\Objects\{a5a30fa2-3d06-4e9f-b5f4-a01df9d1fcba}\Elements\25000004,Element,,network service,wmiprvse.exe
"Sep 2, 2026 12:09:24 PM",RegistryKeyDeleted,,,,network service,wmiprvse.exe
"Sep 2, 2026 12:09:24 PM",RegistryKeyDeleted,,,,network service,wmiprvse.exe
"Sep 2, 2026 12:09:24 PM",RegistryKeyDeleted,,,,network service,wmiprvse.exe
"Sep 2, 2026 12:09:24 PM",RegistryKeyDeleted,,,,network service,wmiprvse.exe
"Sep 2, 2026 12:09:24 PM",RegistryKeyDeleted,,,,network service,wmiprvse.exe
"Sep 2, 2026 12:09:24 PM",RegistryKeyCreated,HKEY_LOCAL_MACHINE\BCD00000000\Objects\{a5a30fa2-3d06-4e9f-b5f4-a01df9d1fcba}\Description,,,network service,wmiprvse.exe
"Sep 2, 2026 12:09:24 PM",RegistryKeyCreated,HKEY_LOCAL_MACHINE\BCD00000000\Objects\{a5a30fa2-3d06-4e9f-b5f4-a01df9d1fcba},,,network service,wmiprvse.exe
"Sep 2, 2026 12:09:24 PM",RegistryValueSet,HKEY_LOCAL_MACHINE\BCD00000000\Objects\{a5a30fa2-3d06-4e9f-b5f4-a01df9d1fcba}\Description,Type,269484033,network service,wmiprvse.exe
"Sep 2, 2026 12:09:24 PM",RegistryKeyCreated,HKEY_LOCAL_MACHINE\BCD00000000\Objects\{a5a30fa2-3d06-4e9f-b5f4-a01df9d1fcba}\Elements,,,network service,wmiprvse.exe
"Sep 2, 2026 12:09:24 PM",RegistryKeyCreated,HKEY_LOCAL_MACHINE\BCD00000000\Objects\{a5a30fa2-3d06-4e9f-b5f4-a01df9d1fcba}\Elements\24000001,,,network service,wmiprvse.exe
"Sep 2, 2026 12:09:24 PM",RegistryValueSet,HKEY_LOCAL_MACHINE\BCD00000000\Objects\{a5a30fa2-3d06-4e9f-b5f4-a01df9d1fcba}\Elements\24000001,Element,{9dea862c-5cdd-4e70-acc1-f32b344d4795},network service,wmiprvse.exe
"Sep 2, 2026 12:09:24 PM",RegistryKeyCreated,HKEY_LOCAL_MACHINE\BCD00000000\Objects\{0c5b8103-93d0-11f1-8f67-806e6f6e6963}\Elements\11000001,,,network service,wmiprvse.exe
"Sep 2, 2026 12:09:24 PM",RegistryKeyDeleted,,,,network service,wmiprvse.exe
"Sep 2, 2026 12:09:24 PM",RegistryValueSet,HKEY_LOCAL_MACHINE\BCD00000000\Objects\{0c5b8103-93d0-11f1-8f67-806e6f6e6963}\Elements\11000001,Element,,network service,wmiprvse.exe
"Sep 2, 2026 12:09:24 PM",RegistryValueSet,HKEY_LOCAL_MACHINE\BCD00000000\Objects\{9dea862c-5cdd-4e70-acc1-f32b344d4795}\Elements\11000001,Element,,network service,wmiprvse.exe
"Sep 2, 2026 12:09:24 PM",RegistryValueSet,HKEY_LOCAL_MACHINE\BCD00000000\Objects\{9dea862c-5cdd-4e70-acc1-f32b344d4795}\Elements\12000002,Element,\EFI\Microsoft\Boot\bootmgfw.efi,network service,wmiprvse.exe
"Sep 2, 2026 12:09:24 PM",RegistryKeyDeleted,,,,network service,wmiprvse.exe
"Sep 2, 2026 12:09:24 PM",RegistryKeyCreated,HKEY_LOCAL_MACHINE\BCD00000000\Objects\{9dea862c-5cdd-4e70-acc1-f32b344d4795}\Elements\12000002,,,network service,wmiprvse.exe
"Sep 2, 2026 12:09:24 PM",RegistryKeyCreated,HKEY_LOCAL_MACHINE\BCD00000000\Objects\{9dea862c-5cdd-4e70-acc1-f32b344d4795}\Elements\11000001,,,network service,wmiprvse.exe
"Sep 2, 2026 12:09:24 PM",RegistryKeyDeleted,,,,network service,wmiprvse.exe
"Sep 2, 2026 12:09:23 PM",RegistryKeyCreated,HKEY_LOCAL_MACHINE\BCD00000000\Objects\{a5a30fa2-3d06-4e9f-b5f4-a01df9d1fcba}\Elements\25000004,,,network service,wmiprvse.exe
"Sep 2, 2026 12:09:23 PM",RegistryValueSet,HKEY_LOCAL_MACHINE\BCD00000000\Objects\{a5a30fa2-3d06-4e9f-b5f4-a01df9d1fcba}\Elements\25000004,Element,,network service,wmiprvse.exe
"Sep 2, 2026 12:09:23 PM",RegistryKeyCreated,HKEY_LOCAL_MACHINE\BCD00000000\Objects\{a5a30fa2-3d06-4e9f-b5f4-a01df9d1fcba},,,network service,wmiprvse.exe
"Sep 2, 2026 12:09:23 PM",RegistryKeyDeleted,,,,network service,wmiprvse.exe
"Sep 2, 2026 12:09:23 PM",RegistryKeyDeleted,,,,network service,wmiprvse.exe
"Sep 2, 2026 12:09:23 PM",RegistryKeyCreated,HKEY_LOCAL_MACHINE\BCD00000000\Objects\{a5a30fa2-3d06-4e9f-b5f4-a01df9d1fcba}\Elements\24000001,,,network service,wmiprvse.exe
"Sep 2, 2026 12:09:23 PM",RegistryKeyCreated,HKEY_LOCAL_MACHINE\BCD00000000\Objects\{a5a30fa2-3d06-4e9f-b5f4-a01df9d1fcba}\Description,,,network service,wmiprvse.exe
"Sep 2, 2026 12:09:23 PM",RegistryKeyCreated,HKEY_LOCAL_MACHINE\BCD00000000\Objects\{a5a30fa2-3d06-4e9f-b5f4-a01df9d1fcba}\Elements,,,network service,wmiprvse.exe
"Sep 2, 2026 12:09:23 PM",RegistryValueSet,HKEY_LOCAL_MACHINE\BCD00000000\Objects\{a5a30fa2-3d06-4e9f-b5f4-a01df9d1fcba}\Description,Type,269484033,network service,wmiprvse.exe
"Sep 2, 2026 12:09:23 PM",RegistryValueSet,HKEY_LOCAL_MACHINE\BCD00000000\Objects\{a5a30fa2-3d06-4e9f-b5f4-a01df9d1fcba}\Elements\24000001,Element,{9dea862c-5cdd-4e70-acc1-f32b344d4795},network service,wmiprvse.exe
"Sep 2, 2026 12:09:23 PM",RegistryValueSet,HKEY_LOCAL_MACHINE\BCD00000000\Objects\{0c5b8103-93d0-11f1-8f67-806e6f6e6963}\Elements\11000001,Element,,network service,wmiprvse.exe
"Sep 2, 2026 12:09:23 PM",RegistryKeyDeleted,,,,network service,wmiprvse.exe
"Sep 2, 2026 12:09:23 PM",RegistryKeyDeleted,,,,network service,wmiprvse.exe
"Sep 2, 2026 12:09:23 PM",RegistryKeyDeleted,,,,network service,wmiprvse.exe
"Sep 2, 2026 12:09:23 PM",RegistryValueSet,HKEY_LOCAL_MACHINE\BCD00000000\Objects\{9dea862c-5cdd-4e70-acc1-f32b344d4795}\Elements\12000002,Element,\EFI\Microsoft\Boot\bootmgfw.efi,network service,wmiprvse.exe
"Sep 2, 2026 12:09:23 PM",RegistryKeyDeleted,,,,network service,wmiprvse.exe
"Sep 2, 2026 12:09:23 PM",RegistryKeyCreated,HKEY_LOCAL_MACHINE\BCD00000000\Objects\{0c5b8103-93d0-11f1-8f67-806e6f6e6963}\Elements\11000001,,,network service,wmiprvse.exe
"Sep 2, 2026 12:09:23 PM",RegistryKeyCreated,HKEY_LOCAL_MACHINE\BCD00000000\Objects\{9dea862c-5cdd-4e70-acc1-f32b344d4795}\Elements\11000001,,,network service,wmiprvse.exe
"Sep 2, 2026 12:09:23 PM",RegistryKeyDeleted,,,,network service,wmiprvse.exe
"Sep 2, 2026 12:09:23 PM",RegistryKeyCreated,HKEY_LOCAL_MACHINE\BCD00000000\Objects\{9dea862c-5cdd-4e70-acc1-f32b344d4795}\Elements\12000002,,,network service,wmiprvse.exe
"Sep 2, 2026 12:09:23 PM",RegistryValueSet,HKEY_LOCAL_MACHINE\BCD00000000\Objects\{9dea862c-5cdd-4e70-acc1-f32b344d4795}\Elements\11000001,Element,,network service,wmiprvse.exe
"Sep 2, 2026 12:09:23 PM",RegistryKeyDeleted,,,,network service,wmiprvse.exe
"Sep 2, 2026 12:08:11 PM",RegistryValueSet,HKEY_LOCAL_MACHINE\SYSTEM\ControlSet001\Control\CI\WhqlOnlyEvaluation,SystemUptimeTimestamp,180247030000,system,aggregatorhost.exe
"Sep 2, 2026 12:08:11 PM",RegistryValueSet,HKEY_LOCAL_MACHINE\SYSTEM\ControlSet001\Control\CI\WhqlOnlyEvaluation,SystemUptime,1524499380000,system,aggregatorhost.exe
"Sep 2, 2026 11:12:49 AM",RegistryKeyDeleted,,,,system,svchost.exe
"Sep 2, 2026 11:12:49 AM",RegistryKeyDeleted,,,,system,svchost.exe
"Sep 2, 2026 11:12:44 AM",RegistryKeyCreated,HKEY_LOCAL_MACHINE\SYSTEM\ControlSet001\Services\VSS\Diag\SwProvider_{b5946137-7b9f-4925-af80-51abd60b20d5},,,system,vssvc.exe
"Sep 2, 2026 11:12:44 AM",RegistryKeyCreated,HKEY_LOCAL_MACHINE\SYSTEM\CurrentControlSet\Services\VSS\Diag\SwProvider_{b5946137-7b9f-4925-af80-51abd60b20d5},,,system,vssvc.exe
"Sep 2, 2026 11:12:44 AM",RegistryKeyCreated,HKEY_LOCAL_MACHINE\SYSTEM\ControlSet001\Services\VSS\Diag\Shadow Copy Optimization Writer,,,system,vssvc.exe
"Sep 2, 2026 11:12:44 AM",RegistryKeyCreated,HKEY_LOCAL_MACHINE\SYSTEM\CurrentControlSet\Services\VSS\Diag\Shadow Copy Optimization Writer,,,system,vssvc.exe
"Sep 2, 2026 11:12:44 AM",RegistryKeyCreated,HKEY_LOCAL_MACHINE\SYSTEM\ControlSet001\Services\VSS\Diag\ASR Writer,,,system,vssvc.exe
"Sep 2, 2026 11:12:44 AM",RegistryKeyCreated,HKEY_LOCAL_MACHINE\SYSTEM\CurrentControlSet\Services\VSS\Diag\ASR Writer,,,system,vssvc.exe
"Sep 2, 2026 11:12:44 AM",RegistryKeyCreated,HKEY_LOCAL_MACHINE\SYSTEM\ControlSet001\Services\VSS\Diag\COM+ REGDB Writer,,,system,vssvc.exe
"Sep 2, 2026 11:12:44 AM",RegistryKeyCreated,HKEY_LOCAL_MACHINE\SYSTEM\CurrentControlSet\Services\VSS\Diag\COM+ REGDB Writer,,,system,vssvc.exe
"Sep 2, 2026 11:12:44 AM",RegistryKeyCreated,HKEY_LOCAL_MACHINE\SYSTEM\CurrentControlSet\Services\VSS\Diag\Registry Writer,,,system,vssvc.exe
"Sep 2, 2026 11:12:44 AM",RegistryKeyCreated,HKEY_LOCAL_MACHINE\SYSTEM\ControlSet001\Services\VSS\Diag\Registry Writer,,,system,vssvc.exe
"Sep 2, 2026 11:12:44 AM",RegistryKeyCreated,HKEY_LOCAL_MACHINE\SYSTEM\ControlSet001\Services\VSS\Diag\VssapiPublisher,,,system,taskhostw.exe
"Sep 2, 2026 11:12:44 AM",RegistryKeyCreated,HKEY_LOCAL_MACHINE\SYSTEM\CurrentControlSet\Services\VSS\Diag\VssapiPublisher,,,system,taskhostw.exe
"Sep 2, 2026 11:09:13 AM",RegistryKeyCreated,HKEY_LOCAL_MACHINE\BCD00000000\Objects\{a5a30fa2-3d06-4e9f-b5f4-a01df9d1fcba}\Elements\24000001,,,network service,wmiprvse.exe
"Sep 2, 2026 11:09:13 AM",RegistryKeyCreated,HKEY_LOCAL_MACHINE\BCD00000000\Objects\{a5a30fa2-3d06-4e9f-b5f4-a01df9d1fcba}\Elements,,,network service,wmiprvse.exe
"Sep 2, 2026 11:09:13 AM",RegistryKeyCreated,HKEY_LOCAL_MACHINE\BCD00000000\Objects\{a5a30fa2-3d06-4e9f-b5f4-a01df9d1fcba}\Elements\25000004,,,network service,wmiprvse.exe
"Sep 2, 2026 11:09:13 AM",RegistryKeyDeleted,,,,network service,wmiprvse.exe
"Sep 2, 2026 11:09:13 AM",RegistryKeyDeleted,,,,network service,wmiprvse.exe
"Sep 2, 2026 11:09:13 AM",RegistryKeyDeleted,,,,network service,wmiprvse.exe
"Sep 2, 2026 11:09:13 AM",RegistryKeyCreated,HKEY_LOCAL_MACHINE\BCD00000000\Objects\{a5a30fa2-3d06-4e9f-b5f4-a01df9d1fcba},,,network service,wmiprvse.exe
"Sep 2, 2026 11:09:13 AM",RegistryKeyDeleted,,,,network service,wmiprvse.exe
"Sep 2, 2026 11:09:13 AM",RegistryKeyCreated,HKEY_LOCAL_MACHINE\BCD00000000\Objects\{a5a30fa2-3d06-4e9f-b5f4-a01df9d1fcba}\Description,,,network service,wmiprvse.exe
"Sep 2, 2026 11:09:13 AM",RegistryKeyDeleted,,,,network service,wmiprvse.exe
"Sep 2, 2026 11:09:13 AM",RegistryKeyDeleted,,,,network service,wmiprvse.exe
"Sep 2, 2026 11:09:13 AM",RegistryKeyCreated,HKEY_LOCAL_MACHINE\BCD00000000\Objects\{9dea862c-5cdd-4e70-acc1-f32b344d4795}\Elements\12000002,,,network service,wmiprvse.exe
"Sep 2, 2026 11:09:13 AM",RegistryKeyCreated,HKEY_LOCAL_MACHINE\BCD00000000\Objects\{0c5b8103-93d0-11f1-8f67-806e6f6e6963}\Elements\11000001,,,network service,wmiprvse.exe
"Sep 2, 2026 11:09:13 AM",RegistryKeyDeleted,,,,network service,wmiprvse.exe
"Sep 2, 2026 11:09:13 AM",RegistryKeyCreated,HKEY_LOCAL_MACHINE\BCD00000000\Objects\{9dea862c-5cdd-4e70-acc1-f32b344d4795}\Elements\11000001,,,network service,wmiprvse.exe
"Sep 2, 2026 11:09:13 AM",RegistryKeyDeleted,,,,network service,wmiprvse.exe
"Sep 2, 2026 11:09:13 AM",RegistryKeyCreated,HKEY_LOCAL_MACHINE\BCD00000000\Objects\{a5a30fa2-3d06-4e9f-b5f4-a01df9d1fcba}\Elements\24000001,,,network service,wmiprvse.exe
"Sep 2, 2026 11:09:13 AM",RegistryKeyCreated,HKEY_LOCAL_MACHINE\BCD00000000\Objects\{a5a30fa2-3d06-4e9f-b5f4-a01df9d1fcba}\Elements\25000004,,,network service,wmiprvse.exe
"Sep 2, 2026 11:09:13 AM",RegistryKeyDeleted,,,,network service,wmiprvse.exe
"Sep 2, 2026 11:09:13 AM",RegistryKeyDeleted,,,,network service,wmiprvse.exe
"Sep 2, 2026 11:09:13 AM",RegistryKeyDeleted,,,,network service,wmiprvse.exe
"Sep 2, 2026 11:09:13 AM",RegistryKeyDeleted,,,,network service,wmiprvse.exe
"Sep 2, 2026 11:09:13 AM",RegistryKeyDeleted,,,,network service,wmiprvse.exe
"Sep 2, 2026 11:09:13 AM",RegistryKeyCreated,HKEY_LOCAL_MACHINE\BCD00000000\Objects\{a5a30fa2-3d06-4e9f-b5f4-a01df9d1fcba}\Elements,,,network service,wmiprvse.exe
"Sep 2, 2026 11:09:13 AM",RegistryKeyCreated,HKEY_LOCAL_MACHINE\BCD00000000\Objects\{a5a30fa2-3d06-4e9f-b5f4-a01df9d1fcba},,,network service,wmiprvse.exe
"Sep 2, 2026 11:09:13 AM",RegistryKeyCreated,HKEY_LOCAL_MACHINE\BCD00000000\Objects\{a5a30fa2-3d06-4e9f-b5f4-a01df9d1fcba}\Description,,,network service,wmiprvse.exe
"Sep 2, 2026 11:09:13 AM",RegistryKeyDeleted,,,,network service,wmiprvse.exe
"Sep 2, 2026 11:09:13 AM",RegistryKeyCreated,HKEY_LOCAL_MACHINE\BCD00000000\Objects\{0c5b8103-93d0-11f1-8f67-806e6f6e6963}\Elements\11000001,,,network service,wmiprvse.exe
"Sep 2, 2026 11:09:13 AM",RegistryKeyDeleted,,,,network service,wmiprvse.exe
"Sep 2, 2026 11:09:13 AM",RegistryKeyCreated,HKEY_LOCAL_MACHINE\BCD00000000\Objects\{9dea862c-5cdd-4e70-acc1-f32b344d4795}\Elements\12000002,,,network service,wmiprvse.exe
"Sep 2, 2026 11:09:13 AM",RegistryKeyCreated,HKEY_LOCAL_MACHINE\BCD00000000\Objects\{9dea862c-5cdd-4e70-acc1-f32b344d4795}\Elements\11000001,,,network service,wmiprvse.exe
"Sep 2, 2026 11:09:13 AM",RegistryKeyDeleted,,,,network service,wmiprvse.exe
"Sep 2, 2026 11:09:12 AM",RegistryKeyCreated,HKEY_LOCAL_MACHINE\BCD00000000\Objects\{a5a30fa2-3d06-4e9f-b5f4-a01df9d1fcba}\Elements\25000004,,,network service,wmiprvse.exe
"Sep 2, 2026 11:09:12 AM",RegistryKeyDeleted,,,,network service,wmiprvse.exe
"Sep 2, 2026 11:09:12 AM",RegistryKeyDeleted,,,,network service,wmiprvse.exe
"Sep 2, 2026 11:09:12 AM",RegistryKeyCreated,HKEY_LOCAL_MACHINE\BCD00000000\Objects\{a5a30fa2-3d06-4e9f-b5f4-a01df9d1fcba}\Description,,,network service,wmiprvse.exe
"Sep 2, 2026 11:09:12 AM",RegistryKeyDeleted,,,,network service,wmiprvse.exe
"Sep 2, 2026 11:09:12 AM",RegistryKeyDeleted,,,,network service,wmiprvse.exe
"Sep 2, 2026 11:09:12 AM",RegistryKeyDeleted,,,,network service,wmiprvse.exe
"Sep 2, 2026 11:09:12 AM",RegistryKeyCreated,HKEY_LOCAL_MACHINE\BCD00000000\Objects\{a5a30fa2-3d06-4e9f-b5f4-a01df9d1fcba}\Elements,,,network service,wmiprvse.exe
"Sep 2, 2026 11:09:12 AM",RegistryKeyCreated,HKEY_LOCAL_MACHINE\BCD00000000\Objects\{a5a30fa2-3d06-4e9f-b5f4-a01df9d1fcba}\Elements\24000001,,,network service,wmiprvse.exe
"Sep 2, 2026 11:09:12 AM",RegistryKeyCreated,HKEY_LOCAL_MACHINE\BCD00000000\Objects\{a5a30fa2-3d06-4e9f-b5f4-a01df9d1fcba},,,network service,wmiprvse.exe
"Sep 2, 2026 11:09:12 AM",RegistryKeyCreated,HKEY_LOCAL_MACHINE\BCD00000000\Objects\{0c5b8103-93d0-11f1-8f67-806e6f6e6963}\Elements\11000001,,,network service,wmiprvse.exe
"Sep 2, 2026 11:09:12 AM",RegistryKeyDeleted,,,,network service,wmiprvse.exe
"Sep 2, 2026 11:09:12 AM",RegistryKeyCreated,HKEY_LOCAL_MACHINE\BCD00000000\Objects\{9dea862c-5cdd-4e70-acc1-f32b344d4795}\Elements\12000002,,,network service,wmiprvse.exe
"Sep 2, 2026 11:09:12 AM",RegistryKeyDeleted,,,,network service,wmiprvse.exe
"Sep 2, 2026 11:09:12 AM",RegistryKeyCreated,HKEY_LOCAL_MACHINE\BCD00000000\Objects\{9dea862c-5cdd-4e70-acc1-f32b344d4795}\Elements\11000001,,,network service,wmiprvse.exe
"Sep 2, 2026 11:09:12 AM",RegistryKeyDeleted,,,,network service,wmiprvse.exe
"Sep 2, 2026 10:09:02 AM",RegistryKeyDeleted,,,,network service,wmiprvse.exe
"Sep 2, 2026 10:09:02 AM",RegistryKeyDeleted,,,,network service,wmiprvse.exe
"Sep 2, 2026 10:09:02 AM",RegistryKeyCreated,HKEY_LOCAL_MACHINE\BCD00000000\Objects\{a5a30fa2-3d06-4e9f-b5f4-a01df9d1fcba}\Elements\25000004,,,network service,wmiprvse.exe
"Sep 2, 2026 10:09:02 AM",RegistryKeyCreated,HKEY_LOCAL_MACHINE\BCD00000000\Objects\{a5a30fa2-3d06-4e9f-b5f4-a01df9d1fcba}\Description,,,network service,wmiprvse.exe
"Sep 2, 2026 10:09:02 AM",RegistryKeyCreated,HKEY_LOCAL_MACHINE\BCD00000000\Objects\{a5a30fa2-3d06-4e9f-b5f4-a01df9d1fcba}\Elements\24000001,,,network service,wmiprvse.exe
"Sep 2, 2026 10:09:02 AM",RegistryKeyCreated,HKEY_LOCAL_MACHINE\BCD00000000\Objects\{a5a30fa2-3d06-4e9f-b5f4-a01df9d1fcba}\Elements,,,network service,wmiprvse.exe
"Sep 2, 2026 10:09:02 AM",RegistryKeyCreated,HKEY_LOCAL_MACHINE\BCD00000000\Objects\{a5a30fa2-3d06-4e9f-b5f4-a01df9d1fcba},,,network service,wmiprvse.exe
"Sep 2, 2026 10:09:02 AM",RegistryKeyCreated,HKEY_LOCAL_MACHINE\BCD00000000\Objects\{0c5b8103-93d0-11f1-8f67-806e6f6e6963}\Elements\11000001,,,network service,wmiprvse.exe
"Sep 2, 2026 10:09:02 AM",RegistryKeyDeleted,,,,network service,wmiprvse.exe
"Sep 2, 2026 10:09:02 AM",RegistryKeyDeleted,,,,network service,wmiprvse.exe
"Sep 2, 2026 10:09:02 AM",RegistryKeyDeleted,,,,network service,wmiprvse.exe
"Sep 2, 2026 10:09:02 AM",RegistryKeyCreated,HKEY_LOCAL_MACHINE\BCD00000000\Objects\{9dea862c-5cdd-4e70-acc1-f32b344d4795}\Elements\12000002,,,network service,wmiprvse.exe
"Sep 2, 2026 10:09:02 AM",RegistryKeyDeleted,,,,network service,wmiprvse.exe
"Sep 2, 2026 10:09:02 AM",RegistryKeyDeleted,,,,network service,wmiprvse.exe
"Sep 2, 2026 10:09:02 AM",RegistryKeyCreated,HKEY_LOCAL_MACHINE\BCD00000000\Objects\{9dea862c-5cdd-4e70-acc1-f32b344d4795}\Elements\11000001,,,network service,wmiprvse.exe
"Sep 2, 2026 10:09:02 AM",RegistryKeyDeleted,,,,network service,wmiprvse.exe
"Sep 2, 2026 10:09:02 AM",RegistryKeyCreated,HKEY_LOCAL_MACHINE\BCD00000000\Objects\{a5a30fa2-3d06-4e9f-b5f4-a01df9d1fcba}\Elements\25000004,,,network service,wmiprvse.exe
"Sep 2, 2026 10:09:02 AM",RegistryKeyCreated,HKEY_LOCAL_MACHINE\BCD00000000\Objects\{a5a30fa2-3d06-4e9f-b5f4-a01df9d1fcba}\Elements\24000001,,,network service,wmiprvse.exe
"Sep 2, 2026 10:09:02 AM",RegistryKeyDeleted,,,,network service,wmiprvse.exe
"Sep 2, 2026 10:09:02 AM",RegistryKeyDeleted,,,,network service,wmiprvse.exe
"Sep 2, 2026 10:09:02 AM",RegistryKeyDeleted,,,,network service,wmiprvse.exe
"Sep 2, 2026 10:09:02 AM",RegistryKeyDeleted,,,,network service,wmiprvse.exe
"Sep 2, 2026 10:09:02 AM",RegistryKeyCreated,HKEY_LOCAL_MACHINE\BCD00000000\Objects\{a5a30fa2-3d06-4e9f-b5f4-a01df9d1fcba}\Elements,,,network service,wmiprvse.exe
"Sep 2, 2026 10:09:02 AM",RegistryKeyCreated,HKEY_LOCAL_MACHINE\BCD00000000\Objects\{a5a30fa2-3d06-4e9f-b5f4-a01df9d1fcba},,,network service,wmiprvse.exe
"Sep 2, 2026 10:09:02 AM",RegistryKeyCreated,HKEY_LOCAL_MACHINE\BCD00000000\Objects\{a5a30fa2-3d06-4e9f-b5f4-a01df9d1fcba}\Description,,,network service,wmiprvse.exe
"Sep 2, 2026 10:09:02 AM",RegistryKeyDeleted,,,,network service,wmiprvse.exe
"Sep 2, 2026 10:09:02 AM",RegistryKeyCreated,HKEY_LOCAL_MACHINE\BCD00000000\Objects\{0c5b8103-93d0-11f1-8f67-806e6f6e6963}\Elements\11000001,,,network service,wmiprvse.exe
"Sep 2, 2026 10:09:02 AM",RegistryKeyDeleted,,,,network service,wmiprvse.exe
"Sep 2, 2026 10:09:02 AM",RegistryKeyDeleted,,,,network service,wmiprvse.exe
"Sep 2, 2026 10:09:02 AM",RegistryKeyCreated,HKEY_LOCAL_MACHINE\BCD00000000\Objects\{9dea862c-5cdd-4e70-acc1-f32b344d4795}\Elements\12000002,,,network service,wmiprvse.exe
"Sep 2, 2026 10:09:02 AM",RegistryKeyCreated,HKEY_LOCAL_MACHINE\BCD00000000\Objects\{9dea862c-5cdd-4e70-acc1-f32b344d4795}\Elements\11000001,,,network service,wmiprvse.exe
"Sep 2, 2026 10:09:02 AM",RegistryKeyDeleted,,,,network service,wmiprvse.exe
"Sep 2, 2026 10:09:01 AM",RegistryKeyCreated,HKEY_LOCAL_MACHINE\BCD00000000\Objects\{a5a30fa2-3d06-4e9f-b5f4-a01df9d1fcba}\Elements\25000004,,,network service,wmiprvse.exe
"Sep 2, 2026 10:09:01 AM",RegistryKeyDeleted,,,,network service,wmiprvse.exe
"Sep 2, 2026 10:09:01 AM",RegistryKeyDeleted,,,,network service,wmiprvse.exe
"Sep 2, 2026 10:09:01 AM",RegistryKeyDeleted,,,,network service,wmiprvse.exe
"Sep 2, 2026 10:09:01 AM",RegistryKeyDeleted,,,,network service,wmiprvse.exe
"Sep 2, 2026 10:09:01 AM",RegistryKeyCreated,HKEY_LOCAL_MACHINE\BCD00000000\Objects\{a5a30fa2-3d06-4e9f-b5f4-a01df9d1fcba}\Description,,,network service,wmiprvse.exe
"Sep 2, 2026 10:09:01 AM",RegistryKeyCreated,HKEY_LOCAL_MACHINE\BCD00000000\Objects\{a5a30fa2-3d06-4e9f-b5f4-a01df9d1fcba},,,network service,wmiprvse.exe
"Sep 2, 2026 10:09:01 AM",RegistryKeyDeleted,,,,network service,wmiprvse.exe
"Sep 2, 2026 10:09:01 AM",RegistryKeyCreated,HKEY_LOCAL_MACHINE\BCD00000000\Objects\{a5a30fa2-3d06-4e9f-b5f4-a01df9d1fcba}\Elements\24000001,,,network service,wmiprvse.exe
"Sep 2, 2026 10:09:01 AM",RegistryKeyCreated,HKEY_LOCAL_MACHINE\BCD00000000\Objects\{a5a30fa2-3d06-4e9f-b5f4-a01df9d1fcba}\Elements,,,network service,wmiprvse.exe
"Sep 2, 2026 10:09:01 AM",RegistryKeyCreated,HKEY_LOCAL_MACHINE\BCD00000000\Objects\{0c5b8103-93d0-11f1-8f67-806e6f6e6963}\Elements\11000001,,,network service,wmiprvse.exe
"Sep 2, 2026 10:09:01 AM",RegistryKeyDeleted,,,,network service,wmiprvse.exe
"Sep 2, 2026 10:09:01 AM",RegistryKeyDeleted,,,,network service,wmiprvse.exe
"Sep 2, 2026 10:09:01 AM",RegistryKeyCreated,HKEY_LOCAL_MACHINE\BCD00000000\Objects\{9dea862c-5cdd-4e70-acc1-f32b344d4795}\Elements\12000002,,,network service,wmiprvse.exe
"Sep 2, 2026 10:09:01 AM",RegistryKeyCreated,HKEY_LOCAL_MACHINE\BCD00000000\Objects\{9dea862c-5cdd-4e70-acc1-f32b344d4795}\Elements\11000001,,,network service,wmiprvse.exe
"Sep 2, 2026 10:09:01 AM",RegistryKeyDeleted,,,,network service,wmiprvse.exe
"Sep 2, 2026 9:08:51 AM",RegistryKeyCreated,HKEY_LOCAL_MACHINE\BCD00000000\Objects\{a5a30fa2-3d06-4e9f-b5f4-a01df9d1fcba}\Description,,,network service,wmiprvse.exe
"Sep 2, 2026 9:08:51 AM",RegistryKeyCreated,HKEY_LOCAL_MACHINE\BCD00000000\Objects\{a5a30fa2-3d06-4e9f-b5f4-a01df9d1fcba}\Elements,,,network service,wmiprvse.exe
"Sep 2, 2026 9:08:51 AM",RegistryKeyCreated,HKEY_LOCAL_MACHINE\BCD00000000\Objects\{a5a30fa2-3d06-4e9f-b5f4-a01df9d1fcba}\Elements\24000001,,,network service,wmiprvse.exe
"Sep 2, 2026 9:08:51 AM",RegistryKeyCreated,HKEY_LOCAL_MACHINE\BCD00000000\Objects\{a5a30fa2-3d06-4e9f-b5f4-a01df9d1fcba}\Elements\25000004,,,network service,wmiprvse.exe
"Sep 2, 2026 9:08:51 AM",RegistryKeyDeleted,,,,network service,wmiprvse.exe
"Sep 2, 2026 9:08:51 AM",RegistryKeyDeleted,,,,network service,wmiprvse.exe
"Sep 2, 2026 9:08:51 AM",RegistryKeyDeleted,,,,network service,wmiprvse.exe
"Sep 2, 2026 9:08:51 AM",RegistryKeyDeleted,,,,network service,wmiprvse.exe
"Sep 2, 2026 9:08:51 AM",RegistryKeyCreated,HKEY_LOCAL_MACHINE\BCD00000000\Objects\{a5a30fa2-3d06-4e9f-b5f4-a01df9d1fcba},,,network service,wmiprvse.exe
"Sep 2, 2026 9:08:51 AM",RegistryKeyDeleted,,,,network service,wmiprvse.exe
"Sep 2, 2026 9:08:51 AM",RegistryKeyDeleted,,,,network service,wmiprvse.exe
"Sep 2, 2026 9:08:51 AM",RegistryKeyCreated,HKEY_LOCAL_MACHINE\BCD00000000\Objects\{0c5b8103-93d0-11f1-8f67-806e6f6e6963}\Elements\11000001,,,network service,wmiprvse.exe
"Sep 2, 2026 9:08:51 AM",RegistryKeyCreated,HKEY_LOCAL_MACHINE\BCD00000000\Objects\{9dea862c-5cdd-4e70-acc1-f32b344d4795}\Elements\12000002,,,network service,wmiprvse.exe
"Sep 2, 2026 9:08:51 AM",RegistryKeyDeleted,,,,network service,wmiprvse.exe
"Sep 2, 2026 9:08:51 AM",RegistryKeyCreated,HKEY_LOCAL_MACHINE\BCD00000000\Objects\{9dea862c-5cdd-4e70-acc1-f32b344d4795}\Elements\11000001,,,network service,wmiprvse.exe
"Sep 2, 2026 9:08:51 AM",RegistryKeyDeleted,,,,network service,wmiprvse.exe
"Sep 2, 2026 9:08:51 AM",RegistryKeyCreated,HKEY_LOCAL_MACHINE\BCD00000000\Objects\{a5a30fa2-3d06-4e9f-b5f4-a01df9d1fcba}\Elements\25000004,,,network service,wmiprvse.exe
"Sep 2, 2026 9:08:51 AM",RegistryKeyDeleted,,,,network service,wmiprvse.exe
"Sep 2, 2026 9:08:51 AM",RegistryKeyDeleted,,,,network service,wmiprvse.exe
"Sep 2, 2026 9:08:51 AM",RegistryKeyCreated,HKEY_LOCAL_MACHINE\BCD00000000\Objects\{a5a30fa2-3d06-4e9f-b5f4-a01df9d1fcba}\Description,,,network service,wmiprvse.exe
"Sep 2, 2026 9:08:51 AM",RegistryKeyDeleted,,,,network service,wmiprvse.exe
"Sep 2, 2026 9:08:51 AM",RegistryKeyCreated,HKEY_LOCAL_MACHINE\BCD00000000\Objects\{a5a30fa2-3d06-4e9f-b5f4-a01df9d1fcba},,,network service,wmiprvse.exe
"Sep 2, 2026 9:08:51 AM",RegistryKeyCreated,HKEY_LOCAL_MACHINE\BCD00000000\Objects\{a5a30fa2-3d06-4e9f-b5f4-a01df9d1fcba}\Elements\24000001,,,network service,wmiprvse.exe
"Sep 2, 2026 9:08:51 AM",RegistryKeyCreated,HKEY_LOCAL_MACHINE\BCD00000000\Objects\{a5a30fa2-3d06-4e9f-b5f4-a01df9d1fcba}\Elements,,,network service,wmiprvse.exe
"Sep 2, 2026 9:08:51 AM",RegistryKeyDeleted,,,,network service,wmiprvse.exe
"Sep 2, 2026 9:08:51 AM",RegistryKeyDeleted,,,,network service,wmiprvse.exe
"Sep 2, 2026 9:08:51 AM",RegistryKeyCreated,HKEY_LOCAL_MACHINE\BCD00000000\Objects\{9dea862c-5cdd-4e70-acc1-f32b344d4795}\Elements\12000002,,,network service,wmiprvse.exe
"Sep 2, 2026 9:08:51 AM",RegistryKeyDeleted,,,,network service,wmiprvse.exe
"Sep 2, 2026 9:08:51 AM",RegistryKeyCreated,HKEY_LOCAL_MACHINE\BCD00000000\Objects\{0c5b8103-93d0-11f1-8f67-806e6f6e6963}\Elements\11000001,,,network service,wmiprvse.exe
"Sep 2, 2026 9:08:51 AM",RegistryKeyDeleted,,,,network service,wmiprvse.exe
"Sep 2, 2026 9:08:51 AM",RegistryKeyCreated,HKEY_LOCAL_MACHINE\BCD00000000\Objects\{9dea862c-5cdd-4e70-acc1-f32b344d4795}\Elements\11000001,,,network service,wmiprvse.exe
"Sep 2, 2026 9:08:51 AM",RegistryKeyDeleted,,,,network service,wmiprvse.exe
"Sep 2, 2026 9:08:50 AM",RegistryKeyCreated,HKEY_LOCAL_MACHINE\BCD00000000\Objects\{a5a30fa2-3d06-4e9f-b5f4-a01df9d1fcba}\Elements\25000004,,,network service,wmiprvse.exe
"Sep 2, 2026 9:08:50 AM",RegistryKeyCreated,HKEY_LOCAL_MACHINE\BCD00000000\Objects\{a5a30fa2-3d06-4e9f-b5f4-a01df9d1fcba}\Elements\24000001,,,network service,wmiprvse.exe
"Sep 2, 2026 9:08:50 AM",RegistryKeyDeleted,,,,network service,wmiprvse.exe
"Sep 2, 2026 9:08:50 AM",RegistryKeyDeleted,,,,network service,wmiprvse.exe
"Sep 2, 2026 9:08:50 AM",RegistryKeyDeleted,,,,network service,wmiprvse.exe
"Sep 2, 2026 9:08:50 AM",RegistryKeyDeleted,,,,network service,wmiprvse.exe
"Sep 2, 2026 9:08:50 AM",RegistryKeyDeleted,,,,network service,wmiprvse.exe
"Sep 2, 2026 9:08:50 AM",RegistryKeyCreated,HKEY_LOCAL_MACHINE\BCD00000000\Objects\{a5a30fa2-3d06-4e9f-b5f4-a01df9d1fcba}\Elements,,,network service,wmiprvse.exe
"Sep 2, 2026 9:08:50 AM",RegistryKeyCreated,HKEY_LOCAL_MACHINE\BCD00000000\Objects\{a5a30fa2-3d06-4e9f-b5f4-a01df9d1fcba},,,network service,wmiprvse.exe
"Sep 2, 2026 9:08:50 AM",RegistryKeyCreated,HKEY_LOCAL_MACHINE\BCD00000000\Objects\{a5a30fa2-3d06-4e9f-b5f4-a01df9d1fcba}\Description,,,network service,wmiprvse.exe
"Sep 2, 2026 9:08:50 AM",RegistryKeyDeleted,,,,network service,wmiprvse.exe
"Sep 2, 2026 9:08:50 AM",RegistryKeyCreated,HKEY_LOCAL_MACHINE\BCD00000000\Objects\{0c5b8103-93d0-11f1-8f67-806e6f6e6963}\Elements\11000001,,,network service,wmiprvse.exe
"Sep 2, 2026 9:08:50 AM",RegistryKeyDeleted,,,,network service,wmiprvse.exe
"Sep 2, 2026 9:08:50 AM",RegistryKeyCreated,HKEY_LOCAL_MACHINE\BCD00000000\Objects\{9dea862c-5cdd-4e70-acc1-f32b344d4795}\Elements\12000002,,,network service,wmiprvse.exe
"Sep 2, 2026 9:08:50 AM",RegistryKeyCreated,HKEY_LOCAL_MACHINE\BCD00000000\Objects\{9dea862c-5cdd-4e70-acc1-f32b344d4795}\Elements\11000001,,,network service,wmiprvse.exe
"Sep 2, 2026 9:08:50 AM",RegistryKeyDeleted,,,,network service,wmiprvse.exe
"Sep 2, 2026 8:50:28 AM",RegistryValueSet,HKEY_LOCAL_MACHINE\SOFTWARE\Microsoft\Windows Advanced Threat Protection,Configuration,,system,mssense.exe
"Sep 2, 2026 8:50:27 AM",RegistryValueSet,HKEY_LOCAL_MACHINE\SOFTWARE\Microsoft\Windows Advanced Threat Protection,Capabilities,**********,system,mssense.exe
"Sep 2, 2026 8:50:27 AM",RegistryValueDeleted,,,,system,mssense.exe
"Sep 2, 2026 8:08:39 AM",RegistryKeyDeleted,,,,network service,wmiprvse.exe
"Sep 2, 2026 8:08:39 AM",RegistryKeyCreated,HKEY_LOCAL_MACHINE\BCD00000000\Objects\{a5a30fa2-3d06-4e9f-b5f4-a01df9d1fcba}\Description,,,network service,wmiprvse.exe
"Sep 2, 2026 8:08:39 AM",RegistryKeyCreated,HKEY_LOCAL_MACHINE\BCD00000000\Objects\{a5a30fa2-3d06-4e9f-b5f4-a01df9d1fcba}\Elements,,,network service,wmiprvse.exe
"Sep 2, 2026 8:08:39 AM",RegistryKeyCreated,HKEY_LOCAL_MACHINE\BCD00000000\Objects\{a5a30fa2-3d06-4e9f-b5f4-a01df9d1fcba}\Elements\25000004,,,network service,wmiprvse.exe
"Sep 2, 2026 8:08:39 AM",RegistryKeyCreated,HKEY_LOCAL_MACHINE\BCD00000000\Objects\{a5a30fa2-3d06-4e9f-b5f4-a01df9d1fcba},,,network service,wmiprvse.exe
"Sep 2, 2026 8:08:39 AM",RegistryKeyCreated,HKEY_LOCAL_MACHINE\BCD00000000\Objects\{a5a30fa2-3d06-4e9f-b5f4-a01df9d1fcba}\Elements\24000001,,,network service,wmiprvse.exe
"Sep 2, 2026 8:08:39 AM",RegistryKeyDeleted,,,,network service,wmiprvse.exe
"Sep 2, 2026 8:08:39 AM",RegistryKeyDeleted,,,,network service,wmiprvse.exe
"Sep 2, 2026 8:08:39 AM",RegistryKeyDeleted,,,,network service,wmiprvse.exe
"Sep 2, 2026 8:08:39 AM",RegistryKeyCreated,HKEY_LOCAL_MACHINE\BCD00000000\Objects\{0c5b8103-93d0-11f1-8f67-806e6f6e6963}\Elements\11000001,,,network service,wmiprvse.exe
"Sep 2, 2026 8:08:39 AM",RegistryKeyDeleted,,,,network service,wmiprvse.exe
"Sep 2, 2026 8:08:39 AM",RegistryKeyDeleted,,,,network service,wmiprvse.exe
"Sep 2, 2026 8:08:39 AM",RegistryKeyDeleted,,,,network service,wmiprvse.exe
"Sep 2, 2026 8:08:39 AM",RegistryKeyCreated,HKEY_LOCAL_MACHINE\BCD00000000\Objects\{9dea862c-5cdd-4e70-acc1-f32b344d4795}\Elements\12000002,,,network service,wmiprvse.exe
"Sep 2, 2026 8:08:39 AM",RegistryKeyCreated,HKEY_LOCAL_MACHINE\BCD00000000\Objects\{9dea862c-5cdd-4e70-acc1-f32b344d4795}\Elements\11000001,,,network service,wmiprvse.exe
"Sep 2, 2026 8:08:39 AM",RegistryKeyDeleted,,,,network service,wmiprvse.exe
"Sep 2, 2026 8:08:39 AM",RegistryKeyCreated,HKEY_LOCAL_MACHINE\BCD00000000\Objects\{a5a30fa2-3d06-4e9f-b5f4-a01df9d1fcba}\Elements\25000004,,,network service,wmiprvse.exe
"Sep 2, 2026 8:08:39 AM",RegistryKeyDeleted,,,,network service,wmiprvse.exe
"Sep 2, 2026 8:08:39 AM",RegistryKeyDeleted,,,,network service,wmiprvse.exe
"Sep 2, 2026 8:08:39 AM",RegistryKeyDeleted,,,,network service,wmiprvse.exe
"Sep 2, 2026 8:08:39 AM",RegistryKeyDeleted,,,,network service,wmiprvse.exe
"Sep 2, 2026 8:08:39 AM",RegistryKeyDeleted,,,,network service,wmiprvse.exe
"Sep 2, 2026 8:08:39 AM",RegistryKeyCreated,HKEY_LOCAL_MACHINE\BCD00000000\Objects\{a5a30fa2-3d06-4e9f-b5f4-a01df9d1fcba}\Description,,,network service,wmiprvse.exe
"Sep 2, 2026 8:08:39 AM",RegistryKeyCreated,HKEY_LOCAL_MACHINE\BCD00000000\Objects\{a5a30fa2-3d06-4e9f-b5f4-a01df9d1fcba}\Elements\24000001,,,network service,wmiprvse.exe
"Sep 2, 2026 8:08:39 AM",RegistryKeyCreated,HKEY_LOCAL_MACHINE\BCD00000000\Objects\{a5a30fa2-3d06-4e9f-b5f4-a01df9d1fcba}\Elements,,,network service,wmiprvse.exe
"Sep 2, 2026 8:08:39 AM",RegistryKeyCreated,HKEY_LOCAL_MACHINE\BCD00000000\Objects\{a5a30fa2-3d06-4e9f-b5f4-a01df9d1fcba},,,network service,wmiprvse.exe
"Sep 2, 2026 8:08:39 AM",RegistryKeyCreated,HKEY_LOCAL_MACHINE\BCD00000000\Objects\{0c5b8103-93d0-11f1-8f67-806e6f6e6963}\Elements\11000001,,,network service,wmiprvse.exe
"Sep 2, 2026 8:08:39 AM",RegistryKeyDeleted,,,,network service,wmiprvse.exe
"Sep 2, 2026 8:08:39 AM",RegistryKeyDeleted,,,,network service,wmiprvse.exe
"Sep 2, 2026 8:08:39 AM",RegistryKeyCreated,HKEY_LOCAL_MACHINE\BCD00000000\Objects\{9dea862c-5cdd-4e70-acc1-f32b344d4795}\Elements\12000002,,,network service,wmiprvse.exe
"Sep 2, 2026 8:08:39 AM",RegistryKeyCreated,HKEY_LOCAL_MACHINE\BCD00000000\Objects\{9dea862c-5cdd-4e70-acc1-f32b344d4795}\Elements\11000001,,,network service,wmiprvse.exe
"Sep 2, 2026 8:08:39 AM",RegistryKeyDeleted,,,,network service,wmiprvse.exe
"Sep 2, 2026 8:08:39 AM",RegistryKeyCreated,HKEY_LOCAL_MACHINE\BCD00000000\Objects\{a5a30fa2-3d06-4e9f-b5f4-a01df9d1fcba}\Elements\25000004,,,network service,wmiprvse.exe
"Sep 2, 2026 8:08:39 AM",RegistryKeyDeleted,,,,network service,wmiprvse.exe
"Sep 2, 2026 8:08:39 AM",RegistryKeyDeleted,,,,network service,wmiprvse.exe
"Sep 2, 2026 8:08:39 AM",RegistryKeyDeleted,,,,network service,wmiprvse.exe
"Sep 2, 2026 8:08:39 AM",RegistryKeyDeleted,,,,network service,wmiprvse.exe
"Sep 2, 2026 8:08:39 AM",RegistryKeyCreated,HKEY_LOCAL_MACHINE\BCD00000000\Objects\{a5a30fa2-3d06-4e9f-b5f4-a01df9d1fcba}\Description,,,network service,wmiprvse.exe
"Sep 2, 2026 8:08:39 AM",RegistryKeyCreated,HKEY_LOCAL_MACHINE\BCD00000000\Objects\{a5a30fa2-3d06-4e9f-b5f4-a01df9d1fcba}\Elements,,,network service,wmiprvse.exe
"Sep 2, 2026 8:08:39 AM",RegistryKeyCreated,HKEY_LOCAL_MACHINE\BCD00000000\Objects\{a5a30fa2-3d06-4e9f-b5f4-a01df9d1fcba},,,network service,wmiprvse.exe
"Sep 2, 2026 8:08:39 AM",RegistryKeyDeleted,,,,network service,wmiprvse.exe
"Sep 2, 2026 8:08:39 AM",RegistryKeyCreated,HKEY_LOCAL_MACHINE\BCD00000000\Objects\{a5a30fa2-3d06-4e9f-b5f4-a01df9d1fcba}\Elements\24000001,,,network service,wmiprvse.exe
"Sep 2, 2026 8:08:39 AM",RegistryKeyCreated,HKEY_LOCAL_MACHINE\BCD00000000\Objects\{0c5b8103-93d0-11f1-8f67-806e6f6e6963}\Elements\11000001,,,network service,wmiprvse.exe
"Sep 2, 2026 8:08:39 AM",RegistryKeyDeleted,,,,network service,wmiprvse.exe
"Sep 2, 2026 8:08:39 AM",RegistryKeyDeleted,,,,network service,wmiprvse.exe
"Sep 2, 2026 8:08:39 AM",RegistryKeyCreated,HKEY_LOCAL_MACHINE\BCD00000000\Objects\{9dea862c-5cdd-4e70-acc1-f32b344d4795}\Elements\12000002,,,network service,wmiprvse.exe
"Sep 2, 2026 8:08:39 AM",RegistryKeyCreated,HKEY_LOCAL_MACHINE\BCD00000000\Objects\{9dea862c-5cdd-4e70-acc1-f32b344d4795}\Elements\11000001,,,network service,wmiprvse.exe
"Sep 2, 2026 8:08:39 AM",RegistryKeyDeleted,,,,network service,wmiprvse.exe
"Sep 2, 2026 7:11:19 AM",RegistryValueSet,HKEY_LOCAL_MACHINE\SOFTWARE\Microsoft\Windows Advanced Threat Protection,KernelIntegrityCheckReportTime,134328210794433834,system,mssense.exe
"Sep 2, 2026 7:09:44 AM",RegistryValueSet,HKEY_LOCAL_MACHINE\SOFTWARE\Policies\Microsoft\Windows\DataCollection,LastUpdate,2eeba988-b0c4-4ba5-a37b-445004328df9,system,powershell.exe
"Sep 2, 2026 7:09:12 AM",RegistryValueDeleted,,,,system,msmpeng.exe
"Sep 2, 2026 7:08:36 AM",RegistryKeyCreated,HKEY_LOCAL_MACHINE\SYSTEM\CurrentControlSet\Services\VSS\Diag\BITS Writer,,,system,svchost.exe
"Sep 2, 2026 7:08:36 AM",RegistryKeyCreated,HKEY_LOCAL_MACHINE\SYSTEM\ControlSet001\Services\VSS\Diag\BITS Writer,,,system,svchost.exe
"Sep 2, 2026 7:08:34 AM",RegistryKeyCreated,HKEY_LOCAL_MACHINE\BCD00000000\Objects\{a5a30fa2-3d06-4e9f-b5f4-a01df9d1fcba}\Elements\24000001,,,network service,wmiprvse.exe
"Sep 2, 2026 7:08:34 AM",RegistryKeyCreated,HKEY_LOCAL_MACHINE\BCD00000000\Objects\{a5a30fa2-3d06-4e9f-b5f4-a01df9d1fcba}\Elements\25000004,,,network service,wmiprvse.exe
"Sep 2, 2026 7:08:34 AM",RegistryKeyDeleted,,,,network service,wmiprvse.exe
"Sep 2, 2026 7:08:34 AM",RegistryKeyCreated,HKEY_LOCAL_MACHINE\BCD00000000\Objects\{a5a30fa2-3d06-4e9f-b5f4-a01df9d1fcba},,,network service,wmiprvse.exe
"Sep 2, 2026 7:08:34 AM",RegistryKeyDeleted,,,,network service,wmiprvse.exe
"Sep 2, 2026 7:08:34 AM",RegistryKeyDeleted,,,,network service,wmiprvse.exe
"Sep 2, 2026 7:08:34 AM",RegistryKeyDeleted,,,,network service,wmiprvse.exe
"Sep 2, 2026 7:08:34 AM",RegistryKeyDeleted,,,,network service,wmiprvse.exe
"Sep 2, 2026 7:08:34 AM",RegistryKeyCreated,HKEY_LOCAL_MACHINE\BCD00000000\Objects\{a5a30fa2-3d06-4e9f-b5f4-a01df9d1fcba}\Elements,,,network service,wmiprvse.exe
"Sep 2, 2026 7:08:34 AM",RegistryKeyCreated,HKEY_LOCAL_MACHINE\BCD00000000\Objects\{a5a30fa2-3d06-4e9f-b5f4-a01df9d1fcba}\Description,,,network service,wmiprvse.exe
"Sep 2, 2026 7:08:34 AM",RegistryKeyDeleted,,,,network service,wmiprvse.exe
"Sep 2, 2026 7:08:34 AM",RegistryKeyCreated,HKEY_LOCAL_MACHINE\BCD00000000\Objects\{0c5b8103-93d0-11f1-8f67-806e6f6e6963}\Elements\11000001,,,network service,wmiprvse.exe
"Sep 2, 2026 7:08:34 AM",RegistryKeyCreated,HKEY_LOCAL_MACHINE\BCD00000000\Objects\{9dea862c-5cdd-4e70-acc1-f32b344d4795}\Elements\12000002,,,network service,wmiprvse.exe
"Sep 2, 2026 7:08:34 AM",RegistryKeyDeleted,,,,network service,wmiprvse.exe
"Sep 2, 2026 7:08:34 AM",RegistryKeyCreated,HKEY_LOCAL_MACHINE\BCD00000000\Objects\{9dea862c-5cdd-4e70-acc1-f32b344d4795}\Elements\11000001,,,network service,wmiprvse.exe
"Sep 2, 2026 7:08:34 AM",RegistryKeyDeleted,,,,network service,wmiprvse.exe
"Sep 2, 2026 7:08:34 AM",RegistryKeyCreated,HKEY_LOCAL_MACHINE\BCD00000000\Objects\{a5a30fa2-3d06-4e9f-b5f4-a01df9d1fcba}\Elements\24000001,,,network service,wmiprvse.exe
"Sep 2, 2026 7:08:34 AM",RegistryKeyCreated,HKEY_LOCAL_MACHINE\BCD00000000\Objects\{a5a30fa2-3d06-4e9f-b5f4-a01df9d1fcba}\Elements\25000004,,,network service,wmiprvse.exe
"Sep 2, 2026 7:08:34 AM",RegistryKeyDeleted,,,,network service,wmiprvse.exe
"Sep 2, 2026 7:08:34 AM",RegistryKeyDeleted,,,,network service,wmiprvse.exe
"Sep 2, 2026 7:08:34 AM",RegistryKeyDeleted,,,,network service,wmiprvse.exe
"Sep 2, 2026 7:08:34 AM",RegistryKeyDeleted,,,,network service,wmiprvse.exe
"Sep 2, 2026 7:08:34 AM",RegistryKeyCreated,HKEY_LOCAL_MACHINE\BCD00000000\Objects\{a5a30fa2-3d06-4e9f-b5f4-a01df9d1fcba},,,network service,wmiprvse.exe
"Sep 2, 2026 7:08:34 AM",RegistryKeyCreated,HKEY_LOCAL_MACHINE\BCD00000000\Objects\{a5a30fa2-3d06-4e9f-b5f4-a01df9d1fcba}\Description,,,network service,wmiprvse.exe
"Sep 2, 2026 7:08:34 AM",RegistryKeyDeleted,,,,network service,wmiprvse.exe
"Sep 2, 2026 7:08:34 AM",RegistryKeyCreated,HKEY_LOCAL_MACHINE\BCD00000000\Objects\{a5a30fa2-3d06-4e9f-b5f4-a01df9d1fcba}\Elements,,,network service,wmiprvse.exe
"Sep 2, 2026 7:08:34 AM",RegistryKeyCreated,HKEY_LOCAL_MACHINE\BCD00000000\Objects\{0c5b8103-93d0-11f1-8f67-806e6f6e6963}\Elements\11000001,,,network service,wmiprvse.exe
"Sep 2, 2026 7:08:34 AM",RegistryKeyDeleted,,,,network service,wmiprvse.exe
"Sep 2, 2026 7:08:34 AM",RegistryKeyCreated,HKEY_LOCAL_MACHINE\BCD00000000\Objects\{9dea862c-5cdd-4e70-acc1-f32b344d4795}\Elements\12000002,,,network service,wmiprvse.exe
"Sep 2, 2026 7:08:34 AM",RegistryKeyDeleted,,,,network service,wmiprvse.exe
"Sep 2, 2026 7:08:34 AM",RegistryKeyCreated,HKEY_LOCAL_MACHINE\BCD00000000\Objects\{9dea862c-5cdd-4e70-acc1-f32b344d4795}\Elements\11000001,,,network service,wmiprvse.exe
"Sep 2, 2026 7:08:34 AM",RegistryKeyDeleted,,,,network service,wmiprvse.exe
"Sep 2, 2026 7:08:33 AM",RegistryKeyCreated,HKEY_LOCAL_MACHINE\BCD00000000\Objects\{a5a30fa2-3d06-4e9f-b5f4-a01df9d1fcba}\Elements\24000001,,,network service,wmiprvse.exe
"Sep 2, 2026 7:08:33 AM",RegistryKeyCreated,HKEY_LOCAL_MACHINE\BCD00000000\Objects\{a5a30fa2-3d06-4e9f-b5f4-a01df9d1fcba}\Elements\25000004,,,network service,wmiprvse.exe
"Sep 2, 2026 7:08:33 AM",RegistryKeyDeleted,,,,network service,wmiprvse.exe
"Sep 2, 2026 7:08:33 AM",RegistryKeyDeleted,,,,network service,wmiprvse.exe
"Sep 2, 2026 7:08:33 AM",RegistryKeyDeleted,,,,network service,wmiprvse.exe
"Sep 2, 2026 7:08:33 AM",RegistryKeyDeleted,,,,network service,wmiprvse.exe
"Sep 2, 2026 7:08:33 AM",RegistryKeyCreated,HKEY_LOCAL_MACHINE\BCD00000000\Objects\{a5a30fa2-3d06-4e9f-b5f4-a01df9d1fcba}\Description,,,network service,wmiprvse.exe
"Sep 2, 2026 7:08:33 AM",RegistryKeyCreated,HKEY_LOCAL_MACHINE\BCD00000000\Objects\{a5a30fa2-3d06-4e9f-b5f4-a01df9d1fcba}\Elements,,,network service,wmiprvse.exe
"Sep 2, 2026 7:08:33 AM",RegistryKeyDeleted,,,,network service,wmiprvse.exe
"Sep 2, 2026 7:08:33 AM",RegistryKeyCreated,HKEY_LOCAL_MACHINE\BCD00000000\Objects\{a5a30fa2-3d06-4e9f-b5f4-a01df9d1fcba},,,network service,wmiprvse.exe
"Sep 2, 2026 7:08:33 AM",RegistryKeyDeleted,,,,network service,wmiprvse.exe
"Sep 2, 2026 7:08:33 AM",RegistryKeyCreated,HKEY_LOCAL_MACHINE\BCD00000000\Objects\{0c5b8103-93d0-11f1-8f67-806e6f6e6963}\Elements\11000001,,,network service,wmiprvse.exe
"Sep 2, 2026 7:08:33 AM",RegistryKeyCreated,HKEY_LOCAL_MACHINE\BCD00000000\Objects\{9dea862c-5cdd-4e70-acc1-f32b344d4795}\Elements\12000002,,,network service,wmiprvse.exe
"Sep 2, 2026 7:08:33 AM",RegistryKeyDeleted,,,,network service,wmiprvse.exe
"Sep 2, 2026 7:08:33 AM",RegistryKeyCreated,HKEY_LOCAL_MACHINE\BCD00000000\Objects\{9dea862c-5cdd-4e70-acc1-f32b344d4795}\Elements\11000001,,,network service,wmiprvse.exe
"Sep 2, 2026 7:08:33 AM",RegistryKeyDeleted,,,,network service,wmiprvse.exe
"Sep 2, 2026 7:08:32 AM",RegistryValueSet,HKEY_LOCAL_MACHINE\SOFTWARE\Microsoft\SystemCertificates\MY\Certificates\B636F161B41CBF30715EC7E418FD74B0B3DC196D,Blob,,system,windowsazureguestagent.exe
"Sep 2, 2026 7:08:32 AM",RegistryKeyCreated,HKEY_LOCAL_MACHINE\SOFTWARE\Microsoft\SystemCertificates\MY\Certificates\B636F161B41CBF30715EC7E418FD74B0B3DC196D,,,system,windowsazureguestagent.exe
"Sep 2, 2026 7:08:32 AM",RegistryValueSet,HKEY_LOCAL_MACHINE\SOFTWARE\Microsoft\SystemCertificates\MY\Certificates\B636F161B41CBF30715EC7E418FD74B0B3DC196D,Blob,,system,windowsazureguestagent.exe
"Sep 2, 2026 7:08:32 AM",RegistryKeyCreated,HKEY_LOCAL_MACHINE\SYSTEM\CurrentControlSet\Services\VSS\Diag\MSSearch Service Writer,,,system,searchindexer.exe
"Sep 2, 2026 7:08:32 AM",RegistryKeyCreated,HKEY_LOCAL_MACHINE\SYSTEM\ControlSet001\Services\VSS\Diag\MSSearch Service Writer,,,system,searchindexer.exe
"Sep 2, 2026 7:08:31 AM",RegistryValueSet,HKEY_LOCAL_MACHINE\SOFTWARE\Microsoft\SystemCertificates\Runtime_Transport_Store_D2E68232-6F4D-4523-941B-F0E9550F2583\Certificates\E46502AE3A8D92FF6874A4C986497E28787B5662,Blob,,system,windowsazureguestagent.exe
"Sep 2, 2026 7:08:31 AM",RegistryKeyCreated,HKEY_LOCAL_MACHINE\SOFTWARE\Microsoft\SystemCertificates\Runtime_Transport_Store_D2E68232-6F4D-4523-941B-F0E9550F2583\Certificates\E46502AE3A8D92FF6874A4C986497E28787B5662,,,system,windowsazureguestagent.exe
"Sep 2, 2026 7:08:30 AM",RegistryValueSet,HKEY_LOCAL_MACHINE\SYSTEM\ControlSet001\Services\Sense,DelayedAutostart,0,system,services.exe
"Sep 2, 2026 7:08:30 AM",RegistryValueDeleted,,,,system,mssense.exe
"Sep 2, 2026 7:08:30 AM",RegistryKeyCreated,HKEY_LOCAL_MACHINE\SYSTEM\ControlSet001\Services\W32Time\SecureTimeLimits\RunTime,,,system,lsass.exe
"Sep 2, 2026 7:08:27 AM",RegistryKeyDeleted,,,,system,windowsazureguestagent.exe
"Sep 2, 2026 7:08:21 AM",RegistryValueDeleted,,,,system,mssense.exe
"Sep 2, 2026 7:08:19 AM",RegistryKeyCreated,HKEY_LOCAL_MACHINE\SOFTWARE\Microsoft\Windows Advanced Threat Protection\TelLib\TestHooks\Volatile,,,system,mssense.exe
"Sep 2, 2026 7:08:19 AM",RegistryValueSet,HKEY_LOCAL_MACHINE\SOFTWARE\Microsoft\Windows Advanced Threat Protection,EpochResetCount,3,system,mssense.exe
"Sep 2, 2026 4:02:14 AM",RegistryValueDeleted,,,,system,msmpeng.exe
"Sep 2, 2026 4:02:13 AM",RegistryValueSet,HKEY_LOCAL_MACHINE\SOFTWARE\Microsoft\Windows NT\CurrentVersion\AppCompatFlags\TelemetryController,Checksum,910026100056007106439831000,system,svchost.exe
"Sep 2, 2026 4:02:13 AM",RegistryKeyDeleted,,,,local service,svchost.exe
"Sep 2, 2026 4:02:13 AM",RegistryValueSet,HKEY_LOCAL_MACHINE\SYSTEM\ControlSet001\Services\Winmgmt\Parameters,ServiceDllUnloadOnStop,0,system,svchost.exe
"Sep 2, 2026 4:01:56 AM",RegistryValueSet,HKEY_LOCAL_MACHINE\SOFTWARE\Microsoft\Windows NT\CurrentVersion\Winlogon,LastLogOffEndTimePerfCounter,674746582285,system,winlogon.exe
"Sep 2, 2026 4:01:55 AM",RegistryKeyDeleted,,,,system,services.exe
"Sep 2, 2026 4:01:55 AM",RegistryKeyDeleted,,,,system,services.exe
"Sep 2, 2026 4:01:55 AM",RegistryKeyDeleted,,,,system,services.exe
"Sep 2, 2026 4:01:55 AM",RegistryKeyDeleted,,,,system,services.exe
"Sep 2, 2026 4:01:55 AM",RegistryKeyDeleted,,,,system,services.exe
"Sep 2, 2026 4:01:55 AM",RegistryKeyDeleted,,,,system,services.exe
"Sep 2, 2026 4:01:55 AM",RegistryKeyDeleted,,,,system,services.exe
"Sep 2, 2026 4:01:55 AM",RegistryKeyDeleted,,,,system,services.exe
"Sep 2, 2026 4:01:55 AM",RegistryKeyDeleted,,,,system,services.exe
"Sep 2, 2026 4:01:55 AM",RegistryKeyDeleted,,,,system,services.exe
"Sep 2, 2026 4:01:55 AM",RegistryKeyDeleted,,,,system,services.exe
"Sep 2, 2026 4:01:55 AM",RegistryKeyDeleted,,,,system,services.exe
"Sep 2, 2026 4:01:55 AM",RegistryKeyDeleted,,,,system,services.exe
"Sep 2, 2026 4:01:55 AM",RegistryKeyDeleted,,,,system,services.exe
"Sep 2, 2026 4:01:55 AM",RegistryKeyDeleted,,,,system,services.exe
"Sep 2, 2026 4:01:55 AM",RegistryKeyDeleted,,,,system,services.exe
"Sep 2, 2026 4:01:55 AM",RegistryKeyDeleted,,,,system,services.exe
"Sep 2, 2026 4:01:55 AM",RegistryKeyDeleted,,,,system,services.exe
"Sep 2, 2026 4:01:55 AM",RegistryKeyDeleted,,,,system,services.exe
"Sep 2, 2026 4:01:55 AM",RegistryKeyDeleted,,,,system,services.exe
"Sep 2, 2026 4:01:55 AM",RegistryKeyDeleted,,,,system,services.exe
"Sep 2, 2026 4:01:55 AM",RegistryKeyDeleted,,,,system,services.exe
"Sep 2, 2026 4:01:55 AM",RegistryKeyDeleted,,,,system,services.exe
"Sep 2, 2026 4:01:55 AM",RegistryKeyDeleted,,,,system,services.exe
"Sep 2, 2026 4:01:55 AM",RegistryKeyDeleted,,,,system,services.exe
"Sep 2, 2026 4:01:55 AM",RegistryKeyDeleted,,,,system,services.exe
"Sep 2, 2026 4:01:55 AM",RegistryKeyDeleted,,,,system,services.exe
"Sep 2, 2026 4:01:55 AM",RegistryKeyDeleted,,,,system,services.exe
"Sep 2, 2026 4:01:55 AM",RegistryKeyDeleted,,,,system,services.exe
"Sep 2, 2026 4:01:55 AM",RegistryKeyDeleted,,,,system,services.exe
"Sep 2, 2026 4:01:55 AM",RegistryKeyDeleted,,,,system,services.exe
"Sep 2, 2026 4:01:55 AM",RegistryKeyDeleted,,,,system,services.exe
"Sep 2, 2026 4:01:55 AM",RegistryKeyDeleted,,,,system,services.exe
"Sep 2, 2026 4:01:55 AM",RegistryKeyDeleted,,,,system,services.exe
"Sep 2, 2026 4:01:55 AM",RegistryKeyDeleted,,,,system,services.exe
"Sep 2, 2026 4:01:55 AM",RegistryKeyDeleted,,,,system,services.exe
"Sep 2, 2026 4:01:55 AM",RegistryKeyDeleted,,,,system,services.exe
"Sep 2, 2026 4:01:55 AM",RegistryKeyDeleted,,,,system,services.exe
"Sep 2, 2026 4:01:55 AM",RegistryKeyDeleted,,,,system,services.exe
"Sep 2, 2026 4:01:55 AM",RegistryKeyDeleted,,,,system,services.exe
"Sep 2, 2026 4:01:55 AM",RegistryKeyDeleted,,,,system,services.exe
"Sep 2, 2026 4:01:55 AM",RegistryKeyDeleted,,,,system,services.exe
"Sep 2, 2026 4:01:55 AM",RegistryKeyDeleted,,,,system,services.exe
"Sep 2, 2026 4:01:55 AM",RegistryKeyDeleted,,,,system,services.exe
"Sep 2, 2026 4:01:55 AM",RegistryKeyDeleted,,,,system,services.exe
"Sep 2, 2026 4:01:55 AM",RegistryKeyDeleted,,,,system,services.exe
"Sep 2, 2026 4:01:55 AM",RegistryKeyDeleted,,,,system,services.exe
"Sep 2, 2026 4:01:55 AM",RegistryKeyDeleted,,,,system,services.exe
"Sep 2, 2026 4:01:55 AM",RegistryKeyDeleted,,,,system,services.exe
"Sep 2, 2026 4:01:55 AM",RegistryKeyDeleted,,,,system,services.exe
"Sep 2, 2026 4:01:55 AM",RegistryKeyDeleted,,,,system,services.exe
"Sep 2, 2026 4:01:55 AM",RegistryKeyDeleted,,,,system,services.exe
"Sep 2, 2026 4:01:55 AM",RegistryKeyDeleted,,,,system,services.exe
"Sep 2, 2026 4:01:55 AM",RegistryKeyDeleted,,,,system,services.exe
"Sep 2, 2026 4:01:55 AM",RegistryKeyDeleted,,,,system,services.exe
"Sep 2, 2026 4:01:55 AM",RegistryKeyDeleted,,,,system,services.exe
"Sep 2, 2026 4:01:55 AM",RegistryKeyDeleted,,,,system,services.exe
"Sep 2, 2026 4:01:55 AM",RegistryKeyDeleted,,,,system,services.exe
"Sep 2, 2026 4:01:55 AM",RegistryKeyDeleted,,,,system,services.exe
"Sep 2, 2026 4:01:55 AM",RegistryKeyDeleted,,,,system,services.exe
"Sep 2, 2026 4:01:55 AM",RegistryKeyDeleted,,,,system,services.exe
"Sep 2, 2026 4:01:54 AM",RegistryValueSet,HKEY_LOCAL_MACHINE\SOFTWARE\Microsoft\Windows NT\CurrentVersion\Winlogon,LastLogOffEndTimePerfCounter,674729316756,system,winlogon.exe
"Sep 2, 2026 3:30:01 AM",RegistryValueDeleted,,,,system,mssense.exe
"Sep 2, 2026 3:21:30 AM",RegistryKeyCreated,HKEY_LOCAL_MACHINE\BCD00000000\Objects\{a5a30fa2-3d06-4e9f-b5f4-a01df9d1fcba}\Elements\24000001,,,network service,wmiprvse.exe
"Sep 2, 2026 3:21:30 AM",RegistryKeyCreated,HKEY_LOCAL_MACHINE\BCD00000000\Objects\{a5a30fa2-3d06-4e9f-b5f4-a01df9d1fcba}\Elements\25000004,,,network service,wmiprvse.exe
"Sep 2, 2026 3:21:30 AM",RegistryKeyDeleted,,,,network service,wmiprvse.exe
"Sep 2, 2026 3:21:30 AM",RegistryKeyDeleted,,,,network service,wmiprvse.exe
"Sep 2, 2026 3:21:30 AM",RegistryKeyDeleted,,,,network service,wmiprvse.exe
"Sep 2, 2026 3:21:30 AM",RegistryKeyCreated,HKEY_LOCAL_MACHINE\BCD00000000\Objects\{a5a30fa2-3d06-4e9f-b5f4-a01df9d1fcba}\Elements,,,network service,wmiprvse.exe
"Sep 2, 2026 3:21:30 AM",RegistryKeyCreated,HKEY_LOCAL_MACHINE\BCD00000000\Objects\{a5a30fa2-3d06-4e9f-b5f4-a01df9d1fcba},,,network service,wmiprvse.exe
"Sep 2, 2026 3:21:30 AM",RegistryKeyCreated,HKEY_LOCAL_MACHINE\BCD00000000\Objects\{a5a30fa2-3d06-4e9f-b5f4-a01df9d1fcba}\Description,,,network service,wmiprvse.exe
"Sep 2, 2026 3:21:30 AM",RegistryKeyDeleted,,,,network service,wmiprvse.exe
"Sep 2, 2026 3:21:30 AM",RegistryKeyDeleted,,,,network service,wmiprvse.exe
"Sep 2, 2026 3:21:30 AM",RegistryKeyCreated,HKEY_LOCAL_MACHINE\BCD00000000\Objects\{9dea862c-5cdd-4e70-acc1-f32b344d4795}\Elements\12000002,,,network service,wmiprvse.exe
"Sep 2, 2026 3:21:30 AM",RegistryKeyCreated,HKEY_LOCAL_MACHINE\BCD00000000\Objects\{0c5b8103-93d0-11f1-8f67-806e6f6e6963}\Elements\11000001,,,network service,wmiprvse.exe
"Sep 2, 2026 3:21:30 AM",RegistryKeyDeleted,,,,network service,wmiprvse.exe
"Sep 2, 2026 3:21:30 AM",RegistryKeyCreated,HKEY_LOCAL_MACHINE\BCD00000000\Objects\{9dea862c-5cdd-4e70-acc1-f32b344d4795}\Elements\11000001,,,network service,wmiprvse.exe
"Sep 2, 2026 3:21:30 AM",RegistryKeyDeleted,,,,network service,wmiprvse.exe
"Sep 2, 2026 3:21:30 AM",RegistryKeyDeleted,,,,network service,wmiprvse.exe
"Sep 2, 2026 3:21:30 AM",RegistryKeyCreated,HKEY_LOCAL_MACHINE\BCD00000000\Objects\{a5a30fa2-3d06-4e9f-b5f4-a01df9d1fcba}\Elements\25000004,,,network service,wmiprvse.exe
"Sep 2, 2026 3:21:30 AM",RegistryKeyDeleted,,,,network service,wmiprvse.exe
"Sep 2, 2026 3:21:30 AM",RegistryKeyDeleted,,,,network service,wmiprvse.exe
"Sep 2, 2026 3:21:30 AM",RegistryKeyDeleted,,,,network service,wmiprvse.exe
"Sep 2, 2026 3:21:30 AM",RegistryKeyDeleted,,,,network service,wmiprvse.exe
"Sep 2, 2026 3:21:30 AM",RegistryKeyDeleted,,,,network service,wmiprvse.exe
"Sep 2, 2026 3:21:30 AM",RegistryKeyCreated,HKEY_LOCAL_MACHINE\BCD00000000\Objects\{a5a30fa2-3d06-4e9f-b5f4-a01df9d1fcba},,,network service,wmiprvse.exe
"Sep 2, 2026 3:21:30 AM",RegistryKeyCreated,HKEY_LOCAL_MACHINE\BCD00000000\Objects\{a5a30fa2-3d06-4e9f-b5f4-a01df9d1fcba}\Elements,,,network service,wmiprvse.exe
"Sep 2, 2026 3:21:30 AM",RegistryKeyCreated,HKEY_LOCAL_MACHINE\BCD00000000\Objects\{a5a30fa2-3d06-4e9f-b5f4-a01df9d1fcba}\Description,,,network service,wmiprvse.exe
"Sep 2, 2026 3:21:30 AM",RegistryKeyCreated,HKEY_LOCAL_MACHINE\BCD00000000\Objects\{a5a30fa2-3d06-4e9f-b5f4-a01df9d1fcba}\Elements\24000001,,,network service,wmiprvse.exe
"Sep 2, 2026 3:21:30 AM",RegistryKeyCreated,HKEY_LOCAL_MACHINE\BCD00000000\Objects\{0c5b8103-93d0-11f1-8f67-806e6f6e6963}\Elements\11000001,,,network service,wmiprvse.exe
"Sep 2, 2026 3:21:30 AM",RegistryKeyDeleted,,,,network service,wmiprvse.exe
"Sep 2, 2026 3:21:30 AM",RegistryKeyDeleted,,,,network service,wmiprvse.exe
"Sep 2, 2026 3:21:30 AM",RegistryKeyCreated,HKEY_LOCAL_MACHINE\BCD00000000\Objects\{9dea862c-5cdd-4e70-acc1-f32b344d4795}\Elements\12000002,,,network service,wmiprvse.exe
"Sep 2, 2026 3:21:30 AM",RegistryKeyCreated,HKEY_LOCAL_MACHINE\BCD00000000\Objects\{9dea862c-5cdd-4e70-acc1-f32b344d4795}\Elements\11000001,,,network service,wmiprvse.exe
"Sep 2, 2026 3:21:30 AM",RegistryKeyDeleted,,,,network service,wmiprvse.exe
"Sep 2, 2026 3:21:29 AM",RegistryKeyCreated,HKEY_LOCAL_MACHINE\BCD00000000\Objects\{a5a30fa2-3d06-4e9f-b5f4-a01df9d1fcba}\Elements\25000004,,,network service,wmiprvse.exe
"Sep 2, 2026 3:21:29 AM",RegistryKeyDeleted,,,,network service,wmiprvse.exe
"Sep 2, 2026 3:21:29 AM",RegistryKeyCreated,HKEY_LOCAL_MACHINE\BCD00000000\Objects\{a5a30fa2-3d06-4e9f-b5f4-a01df9d1fcba}\Elements,,,network service,wmiprvse.exe
"Sep 2, 2026 3:21:29 AM",RegistryKeyCreated,HKEY_LOCAL_MACHINE\BCD00000000\Objects\{a5a30fa2-3d06-4e9f-b5f4-a01df9d1fcba}\Description,,,network service,wmiprvse.exe
"Sep 2, 2026 3:21:29 AM",RegistryKeyDeleted,,,,network service,wmiprvse.exe
"Sep 2, 2026 3:21:29 AM",RegistryKeyDeleted,,,,network service,wmiprvse.exe
"Sep 2, 2026 3:21:29 AM",RegistryKeyDeleted,,,,network service,wmiprvse.exe
"Sep 2, 2026 3:21:29 AM",RegistryKeyCreated,HKEY_LOCAL_MACHINE\BCD00000000\Objects\{a5a30fa2-3d06-4e9f-b5f4-a01df9d1fcba}\Elements\24000001,,,network service,wmiprvse.exe
"Sep 2, 2026 3:21:29 AM",RegistryKeyCreated,HKEY_LOCAL_MACHINE\BCD00000000\Objects\{a5a30fa2-3d06-4e9f-b5f4-a01df9d1fcba},,,network service,wmiprvse.exe
"Sep 2, 2026 3:21:29 AM",RegistryKeyDeleted,,,,network service,wmiprvse.exe
"Sep 2, 2026 3:21:29 AM",RegistryKeyCreated,HKEY_LOCAL_MACHINE\BCD00000000\Objects\{0c5b8103-93d0-11f1-8f67-806e6f6e6963}\Elements\11000001,,,network service,wmiprvse.exe
"Sep 2, 2026 3:21:29 AM",RegistryKeyDeleted,,,,network service,wmiprvse.exe
"Sep 2, 2026 3:21:29 AM",RegistryKeyCreated,HKEY_LOCAL_MACHINE\BCD00000000\Objects\{9dea862c-5cdd-4e70-acc1-f32b344d4795}\Elements\12000002,,,network service,wmiprvse.exe
"Sep 2, 2026 3:21:29 AM",RegistryKeyDeleted,,,,network service,wmiprvse.exe
"Sep 2, 2026 3:21:29 AM",RegistryKeyCreated,HKEY_LOCAL_MACHINE\BCD00000000\Objects\{9dea862c-5cdd-4e70-acc1-f32b344d4795}\Elements\11000001,,,network service,wmiprvse.exe
"Sep 2, 2026 3:21:29 AM",RegistryKeyDeleted,,,,network service,wmiprvse.exe
"Sep 2, 2026 2:50:13 AM",RegistryValueDeleted,,,,system,mssense.exe
"Sep 2, 2026 2:35:08 AM",RegistryValueDeleted,,,,system,mssense.exe
"Sep 2, 2026 2:21:20 AM",RegistryKeyCreated,HKEY_LOCAL_MACHINE\BCD00000000\Objects\{a5a30fa2-3d06-4e9f-b5f4-a01df9d1fcba}\Elements\25000004,,,network service,wmiprvse.exe
"Sep 2, 2026 2:21:20 AM",RegistryKeyDeleted,,,,network service,wmiprvse.exe
"Sep 2, 2026 2:21:20 AM",RegistryKeyDeleted,,,,network service,wmiprvse.exe
"Sep 2, 2026 2:21:20 AM",RegistryKeyDeleted,,,,network service,wmiprvse.exe
"Sep 2, 2026 2:21:20 AM",RegistryKeyDeleted,,,,network service,wmiprvse.exe
"Sep 2, 2026 2:21:20 AM",RegistryKeyCreated,HKEY_LOCAL_MACHINE\BCD00000000\Objects\{a5a30fa2-3d06-4e9f-b5f4-a01df9d1fcba},,,network service,wmiprvse.exe
"Sep 2, 2026 2:21:20 AM",RegistryKeyCreated,HKEY_LOCAL_MACHINE\BCD00000000\Objects\{a5a30fa2-3d06-4e9f-b5f4-a01df9d1fcba}\Elements\24000001,,,network service,wmiprvse.exe
"Sep 2, 2026 2:21:20 AM",RegistryKeyCreated,HKEY_LOCAL_MACHINE\BCD00000000\Objects\{a5a30fa2-3d06-4e9f-b5f4-a01df9d1fcba}\Description,,,network service,wmiprvse.exe
"Sep 2, 2026 2:21:20 AM",RegistryKeyCreated,HKEY_LOCAL_MACHINE\BCD00000000\Objects\{a5a30fa2-3d06-4e9f-b5f4-a01df9d1fcba}\Elements,,,network service,wmiprvse.exe
"Sep 2, 2026 2:21:20 AM",RegistryKeyCreated,HKEY_LOCAL_MACHINE\BCD00000000\Objects\{0c5b8103-93d0-11f1-8f67-806e6f6e6963}\Elements\11000001,,,network service,wmiprvse.exe
"Sep 2, 2026 2:21:20 AM",RegistryKeyDeleted,,,,network service,wmiprvse.exe
"Sep 2, 2026 2:21:20 AM",RegistryKeyDeleted,,,,network service,wmiprvse.exe
"Sep 2, 2026 2:21:20 AM",RegistryKeyDeleted,,,,network service,wmiprvse.exe
"Sep 2, 2026 2:21:20 AM",RegistryKeyCreated,HKEY_LOCAL_MACHINE\BCD00000000\Objects\{9dea862c-5cdd-4e70-acc1-f32b344d4795}\Elements\12000002,,,network service,wmiprvse.exe
"Sep 2, 2026 2:21:20 AM",RegistryKeyCreated,HKEY_LOCAL_MACHINE\BCD00000000\Objects\{9dea862c-5cdd-4e70-acc1-f32b344d4795}\Elements\11000001,,,network service,wmiprvse.exe
"Sep 2, 2026 2:21:20 AM",RegistryKeyDeleted,,,,network service,wmiprvse.exe
"Sep 2, 2026 2:21:20 AM",RegistryKeyCreated,HKEY_LOCAL_MACHINE\BCD00000000\Objects\{a5a30fa2-3d06-4e9f-b5f4-a01df9d1fcba}\Elements\24000001,,,network service,wmiprvse.exe
"Sep 2, 2026 2:21:20 AM",RegistryKeyCreated,HKEY_LOCAL_MACHINE\BCD00000000\Objects\{a5a30fa2-3d06-4e9f-b5f4-a01df9d1fcba}\Elements\25000004,,,network service,wmiprvse.exe
"Sep 2, 2026 2:21:20 AM",RegistryKeyDeleted,,,,network service,wmiprvse.exe
"Sep 2, 2026 2:21:20 AM",RegistryKeyDeleted,,,,network service,wmiprvse.exe
"Sep 2, 2026 2:21:20 AM",RegistryKeyCreated,HKEY_LOCAL_MACHINE\BCD00000000\Objects\{a5a30fa2-3d06-4e9f-b5f4-a01df9d1fcba}\Description,,,network service,wmiprvse.exe
"Sep 2, 2026 2:21:20 AM",RegistryKeyDeleted,,,,network service,wmiprvse.exe
"Sep 2, 2026 2:21:20 AM",RegistryKeyCreated,HKEY_LOCAL_MACHINE\BCD00000000\Objects\{a5a30fa2-3d06-4e9f-b5f4-a01df9d1fcba},,,network service,wmiprvse.exe
"Sep 2, 2026 2:21:20 AM",RegistryKeyDeleted,,,,network service,wmiprvse.exe
"Sep 2, 2026 2:21:20 AM",RegistryKeyCreated,HKEY_LOCAL_MACHINE\BCD00000000\Objects\{a5a30fa2-3d06-4e9f-b5f4-a01df9d1fcba}\Elements,,,network service,wmiprvse.exe
"Sep 2, 2026 2:21:20 AM",RegistryKeyDeleted,,,,network service,wmiprvse.exe
"Sep 2, 2026 2:21:20 AM",RegistryKeyDeleted,,,,network service,wmiprvse.exe
"Sep 2, 2026 2:21:20 AM",RegistryKeyCreated,HKEY_LOCAL_MACHINE\BCD00000000\Objects\{0c5b8103-93d0-11f1-8f67-806e6f6e6963}\Elements\11000001,,,network service,wmiprvse.exe
"Sep 2, 2026 2:21:20 AM",RegistryKeyCreated,HKEY_LOCAL_MACHINE\BCD00000000\Objects\{9dea862c-5cdd-4e70-acc1-f32b344d4795}\Elements\12000002,,,network service,wmiprvse.exe
"Sep 2, 2026 2:21:20 AM",RegistryKeyDeleted,,,,network service,wmiprvse.exe
"Sep 2, 2026 2:21:20 AM",RegistryKeyCreated,HKEY_LOCAL_MACHINE\BCD00000000\Objects\{9dea862c-5cdd-4e70-acc1-f32b344d4795}\Elements\11000001,,,network service,wmiprvse.exe
"Sep 2, 2026 2:21:20 AM",RegistryKeyDeleted,,,,network service,wmiprvse.exe
"Sep 2, 2026 2:21:19 AM",RegistryKeyCreated,HKEY_LOCAL_MACHINE\BCD00000000\Objects\{a5a30fa2-3d06-4e9f-b5f4-a01df9d1fcba}\Elements\25000004,,,network service,wmiprvse.exe
"Sep 2, 2026 2:21:19 AM",RegistryKeyDeleted,,,,network service,wmiprvse.exe
"Sep 2, 2026 2:21:19 AM",RegistryKeyDeleted,,,,network service,wmiprvse.exe
"Sep 2, 2026 2:21:19 AM",RegistryKeyCreated,HKEY_LOCAL_MACHINE\BCD00000000\Objects\{a5a30fa2-3d06-4e9f-b5f4-a01df9d1fcba},,,network service,wmiprvse.exe
"Sep 2, 2026 2:21:19 AM",RegistryKeyDeleted,,,,network service,wmiprvse.exe
"Sep 2, 2026 2:21:19 AM",RegistryKeyDeleted,,,,network service,wmiprvse.exe
"Sep 2, 2026 2:21:19 AM",RegistryKeyCreated,HKEY_LOCAL_MACHINE\BCD00000000\Objects\{a5a30fa2-3d06-4e9f-b5f4-a01df9d1fcba}\Elements\24000001,,,network service,wmiprvse.exe
"Sep 2, 2026 2:21:19 AM",RegistryKeyCreated,HKEY_LOCAL_MACHINE\BCD00000000\Objects\{a5a30fa2-3d06-4e9f-b5f4-a01df9d1fcba}\Description,,,network service,wmiprvse.exe
"Sep 2, 2026 2:21:19 AM",RegistryKeyCreated,HKEY_LOCAL_MACHINE\BCD00000000\Objects\{a5a30fa2-3d06-4e9f-b5f4-a01df9d1fcba}\Elements,,,network service,wmiprvse.exe
"Sep 2, 2026 2:21:19 AM",RegistryKeyDeleted,,,,network service,wmiprvse.exe
"Sep 2, 2026 2:21:19 AM",RegistryKeyCreated,HKEY_LOCAL_MACHINE\BCD00000000\Objects\{0c5b8103-93d0-11f1-8f67-806e6f6e6963}\Elements\11000001,,,network service,wmiprvse.exe
"Sep 2, 2026 2:21:19 AM",RegistryKeyCreated,HKEY_LOCAL_MACHINE\BCD00000000\Objects\{9dea862c-5cdd-4e70-acc1-f32b344d4795}\Elements\12000002,,,network service,wmiprvse.exe
"Sep 2, 2026 2:21:19 AM",RegistryKeyDeleted,,,,network service,wmiprvse.exe
"Sep 2, 2026 2:21:19 AM",RegistryKeyDeleted,,,,network service,wmiprvse.exe
"Sep 2, 2026 2:21:19 AM",RegistryKeyCreated,HKEY_LOCAL_MACHINE\BCD00000000\Objects\{9dea862c-5cdd-4e70-acc1-f32b344d4795}\Elements\11000001,,,network service,wmiprvse.exe
"Sep 2, 2026 2:21:19 AM",RegistryKeyDeleted,,,,network service,wmiprvse.exe
"Sep 2, 2026 1:50:57 AM",RegistryValueSet,HKEY_CURRENT_USER\S-1-5-21-1182323251-63060258-113523888-500\Software\Microsoft\Windows\CurrentVersion\Run,MicrosoftEdgeAutoLaunch_7C23D10DF097445B7670C59CA8E5FDC5,"""C:\Program Files (x86)\Microsoft\Edge\Application\msedge.exe"" --no-startup-window --win-session-start",mac,msedge.exe
"Sep 2, 2026 1:50:57 AM",RegistryValueDeleted,,,,mac,msedge.exe
"Sep 2, 2026 1:36:20 AM",RegistryValueSet,HKEY_LOCAL_MACHINE\SOFTWARE\Microsoft\Windows NT\CurrentVersion\Schedule\TaskCache\Tasks\{3379023C-5936-4974-A080-F4737F641F11},Actions,,system,svchost.exe
"Sep 2, 2026 1:36:20 AM",RegistryValueSet,HKEY_LOCAL_MACHINE\SOFTWARE\Microsoft\Windows NT\CurrentVersion\Schedule\TaskCache\Tasks\{E19AC6AF-51B8-4664-A9B8-020956804D5F},Actions,,system,svchost.exe
"Sep 2, 2026 1:36:20 AM",RegistryValueSet,HKEY_LOCAL_MACHINE\SOFTWARE\Microsoft\Windows NT\CurrentVersion\Schedule\TaskCache\Tasks\{FD5C708D-A1C8-4495-92CE-60F0B02B5F70},Actions,,system,svchost.exe
"Sep 2, 2026 1:36:20 AM",RegistryValueSet,HKEY_LOCAL_MACHINE\SOFTWARE\Microsoft\Windows NT\CurrentVersion\Schedule\TaskCache\Tasks\{001A22AA-C3C4-4D15-B11B-CA051ED4AABD},Actions,,system,svchost.exe
"Sep 2, 2026 1:31:09 AM",RegistryValueSet,HKEY_LOCAL_MACHINE\SYSTEM\ControlSet001\Control\WMI\Security,3d5cdb8b-aa91-4db9-bd3d-eb7fb5e50c5a,,system,mpdefendercoreservice.exe
"Sep 2, 2026 1:27:12 AM",RegistryValueDeleted,,,,system,msmpeng.exe
"Sep 2, 2026 1:27:08 AM",RegistryValueSet,HKEY_LOCAL_MACHINE\SYSTEM\ControlSet001\Services\MDCoreSvc,DisplayName,"@C:\ProgramData\Microsoft\Windows Defender\Platform\4.18.26080.3-0\MpAsDesc.dll,-245",system,services.exe
"Sep 2, 2026 1:27:08 AM",RegistryValueSet,HKEY_LOCAL_MACHINE\SYSTEM\ControlSet001\Services\MDCoreSvc,Description,"@C:\ProgramData\Microsoft\Windows Defender\Platform\4.18.26080.3-0\MpAsDesc.dll,-244",system,services.exe
"Sep 2, 2026 1:26:20 AM",RegistryValueSet,HKEY_LOCAL_MACHINE\SYSTEM\ControlSet001\Services\WdAiNisDrv,Start,4,system,services.exe
"Sep 2, 2026 1:26:20 AM",RegistryValueSet,HKEY_LOCAL_MACHINE\SOFTWARE\Microsoft\Windows Defender,InstallLocation,C:\ProgramData\Microsoft\Windows Defender\Platform\4.18.26080.3-0\,system,msmpeng.exe
"Sep 2, 2026 1:26:13 AM",RegistryValueSet,HKEY_LOCAL_MACHINE\SOFTWARE\Microsoft\Windows\CurrentVersion\WINEVT\Publishers\{68621c25-df8d-4a6b-aabc-19a22e296a7c},Enabled,1,local service,svchost.exe
"Sep 2, 2026 1:26:13 AM",RegistryValueSet,HKEY_LOCAL_MACHINE\SOFTWARE\Microsoft\Windows\CurrentVersion\WINEVT\Publishers\{0a002690-3839-4e3a-b3b6-96d8df868d99},Enabled,1,local service,svchost.exe
"Sep 2, 2026 1:26:13 AM",RegistryKeyCreated,HKEY_LOCAL_MACHINE\SOFTWARE\Microsoft\Windows\CurrentVersion\WINEVT\Publishers\{68621c25-df8d-4a6b-aabc-19a22e296a7c},,,system,wevtutil.exe
"Sep 2, 2026 1:26:13 AM",RegistryValueSet,HKEY_LOCAL_MACHINE\SOFTWARE\Microsoft\Windows\CurrentVersion\WINEVT\Publishers\{68621c25-df8d-4a6b-aabc-19a22e296a7c},,Microsoft-Antimalware-Engine-Instrumentation,system,wevtutil.exe
"Sep 2, 2026 1:26:13 AM",RegistryValueSet,HKEY_LOCAL_MACHINE\SOFTWARE\Microsoft\Windows\CurrentVersion\WINEVT\Publishers\{68621c25-df8d-4a6b-aabc-19a22e296a7c},MessageFileName,C:\ProgramData\Microsoft\Windows Defender\Definition Updates\StableEngineEtwLocation\mpengine_etw.dll,system,wevtutil.exe
"Sep 2, 2026 1:26:13 AM",RegistryValueSet,HKEY_LOCAL_MACHINE\SOFTWARE\Microsoft\Windows\CurrentVersion\WINEVT\Publishers\{68621c25-df8d-4a6b-aabc-19a22e296a7c},ResourceFileName,C:\ProgramData\Microsoft\Windows Defender\Definition Updates\StableEngineEtwLocation\mpengine_etw.dll,system,wevtutil.exe
"Sep 2, 2026 1:26:13 AM",RegistryValueSet,HKEY_LOCAL_MACHINE\SOFTWARE\Microsoft\Windows\CurrentVersion\WINEVT\Publishers\{68621c25-df8d-4a6b-aabc-19a22e296a7c},ParameterFileName,C:\ProgramData\Microsoft\Windows Defender\Definition Updates\StableEngineEtwLocation\mpengine_etw.dll,system,wevtutil.exe
"Sep 2, 2026 1:26:13 AM",RegistryKeyCreated,HKEY_LOCAL_MACHINE\SOFTWARE\Microsoft\Windows\CurrentVersion\WINEVT\Publishers\{0a002690-3839-4e3a-b3b6-96d8df868d99},,,system,wevtutil.exe
"Sep 2, 2026 1:26:13 AM",RegistryValueSet,HKEY_LOCAL_MACHINE\SOFTWARE\Microsoft\Windows\CurrentVersion\WINEVT\Publishers\{0a002690-3839-4e3a-b3b6-96d8df868d99},MessageFileName,C:\ProgramData\Microsoft\Windows Defender\Definition Updates\StableEngineEtwLocation\mpengine_etw.dll,system,wevtutil.exe
"Sep 2, 2026 1:26:13 AM",RegistryValueSet,HKEY_LOCAL_MACHINE\SOFTWARE\Microsoft\Windows\CurrentVersion\WINEVT\Publishers\{0a002690-3839-4e3a-b3b6-96d8df868d99},,Microsoft-Antimalware-Engine,system,wevtutil.exe
"Sep 2, 2026 1:26:13 AM",RegistryValueSet,HKEY_LOCAL_MACHINE\SOFTWARE\Microsoft\Windows\CurrentVersion\WINEVT\Publishers\{0a002690-3839-4e3a-b3b6-96d8df868d99},ParameterFileName,C:\ProgramData\Microsoft\Windows Defender\Definition Updates\StableEngineEtwLocation\mpengine_etw.dll,system,wevtutil.exe
"Sep 2, 2026 1:26:13 AM",RegistryValueSet,HKEY_LOCAL_MACHINE\SOFTWARE\Microsoft\Windows\CurrentVersion\WINEVT\Publishers\{0a002690-3839-4e3a-b3b6-96d8df868d99},ResourceFileName,C:\ProgramData\Microsoft\Windows Defender\Definition Updates\StableEngineEtwLocation\mpengine_etw.dll,system,wevtutil.exe
"Sep 2, 2026 1:26:13 AM",RegistryKeyDeleted,,,,system,wevtutil.exe
"Sep 2, 2026 1:26:12 AM",RegistryKeyDeleted,,,,system,wevtutil.exe
"Sep 2, 2026 1:26:12 AM",RegistryKeyCreated,HKEY_LOCAL_MACHINE\SYSTEM\ControlSet001\Services\KslD\SharedState,,,system,ntoskrnl.exe
"Sep 2, 2026 1:26:12 AM",RegistryKeyCreated,HKEY_LOCAL_MACHINE\SYSTEM\ControlSet001\Services\KslD\Parameters,,,system,ntoskrnl.exe
"Sep 2, 2026 1:26:12 AM",RegistryKeyCreated,HKEY_LOCAL_MACHINE\SYSTEM\ControlSet001\Services\KslD\Parameters\Wdf,,,system,ntoskrnl.exe
"Sep 2, 2026 1:26:12 AM",RegistryValueSet,HKEY_LOCAL_MACHINE\SYSTEM\ControlSet001\Services\KslD,Version,1.1.26080.64012,system,msmpeng.exe
"Sep 2, 2026 1:26:12 AM",RegistryValueSet,HKEY_LOCAL_MACHINE\SYSTEM\ControlSet001\Services\KslD,AllowedProcessName,\Device\HarddiskVolume4\ProgramData\Microsoft\Windows Defender\Platform\4.18.26080.3-0\MsMpEng.exe,system,msmpeng.exe
"Sep 2, 2026 1:26:12 AM",RegistryValueSet,HKEY_LOCAL_MACHINE\SYSTEM\ControlSet001\Services\KslD,DeviceName,KslD,system,msmpeng.exe
"Sep 2, 2026 1:26:12 AM",RegistryValueSet,HKEY_LOCAL_MACHINE\SYSTEM\ControlSet001\Services\KslD,Start,3,system,services.exe
"Sep 2, 2026 1:26:12 AM",RegistryKeyCreated,HKEY_LOCAL_MACHINE\SYSTEM\ControlSet001\Services\KslD,,,system,services.exe
"Sep 2, 2026 1:26:12 AM",RegistryValueSet,HKEY_LOCAL_MACHINE\SYSTEM\ControlSet001\Services\KslD,Type,1,system,services.exe
"Sep 2, 2026 1:26:12 AM",RegistryValueSet,HKEY_LOCAL_MACHINE\SYSTEM\ControlSet001\Services\KslD,ErrorControl,0,system,services.exe
"Sep 2, 2026 1:26:12 AM",RegistryValueSet,HKEY_LOCAL_MACHINE\SYSTEM\ControlSet001\Services\KslD,ImagePath,system32\drivers\wd\KslD.sys,system,services.exe
"Sep 2, 2026 1:26:12 AM",RegistryValueSet,HKEY_LOCAL_MACHINE\SOFTWARE\Microsoft\Windows Defender,ServiceStartStates,1,system,msmpeng.exe
"Sep 2, 2026 1:26:10 AM",RegistryValueSet,HKEY_LOCAL_MACHINE\SOFTWARE\Classes\CLSID\{2DCD7FDB-8809-48E4-8E4F-3157C57CF987}\InprocServer32,ThreadingModel,Both,system,msmpeng.exe
"Sep 2, 2026 1:26:10 AM",RegistryValueSet,HKEY_LOCAL_MACHINE\SOFTWARE\Classes\CLSID\{2DCD7FDB-8809-48E4-8E4F-3157C57CF987}\InprocServer32,,C:\ProgramData\Microsoft\Windows Defender\Platform\4.18.26080.3-0\MPUXAGENT.DLL,system,msmpeng.exe
"Sep 2, 2026 1:26:10 AM",RegistryKeyCreated,HKEY_LOCAL_MACHINE\SOFTWARE\Classes\CLSID\{2DCD7FDB-8809-48E4-8E4F-3157C57CF987}\InprocServer32,,,system,msmpeng.exe
"Sep 2, 2026 1:26:10 AM",RegistryValueSet,HKEY_LOCAL_MACHINE\SOFTWARE\Microsoft\Windows\CurrentVersion\WINEVT\Publishers\{e4b70372-261f-4c54-8fa6-a5a7914d73da},Enabled,1,local service,svchost.exe
"Sep 2, 2026 1:26:10 AM",RegistryKeyCreated,HKEY_LOCAL_MACHINE\SOFTWARE\Microsoft\Windows\CurrentVersion\WINEVT\Publishers\{e4b70372-261f-4c54-8fa6-a5a7914d73da},,,system,wevtutil.exe
"Sep 2, 2026 1:26:10 AM",RegistryValueSet,HKEY_LOCAL_MACHINE\SOFTWARE\Microsoft\Windows\CurrentVersion\WINEVT\Publishers\{e4b70372-261f-4c54-8fa6-a5a7914d73da},ResourceFileName,C:\ProgramData\Microsoft\Windows Defender\Platform\4.18.26080.3-0\MpClient.dll,system,wevtutil.exe
"Sep 2, 2026 1:26:10 AM",RegistryValueSet,HKEY_LOCAL_MACHINE\SOFTWARE\Microsoft\Windows\CurrentVersion\WINEVT\Publishers\{e4b70372-261f-4c54-8fa6-a5a7914d73da},,Microsoft-Antimalware-Protection,system,wevtutil.exe
"Sep 2, 2026 1:26:10 AM",RegistryValueSet,HKEY_LOCAL_MACHINE\SOFTWARE\Microsoft\Windows\CurrentVersion\WINEVT\Publishers\{e4b70372-261f-4c54-8fa6-a5a7914d73da},ParameterFileName,C:\ProgramData\Microsoft\Windows Defender\Platform\4.18.26080.3-0\MpClient.dll,system,wevtutil.exe
"Sep 2, 2026 1:26:10 AM",RegistryValueSet,HKEY_LOCAL_MACHINE\SOFTWARE\Microsoft\Windows\CurrentVersion\WINEVT\Publishers\{e4b70372-261f-4c54-8fa6-a5a7914d73da},MessageFileName,C:\ProgramData\Microsoft\Windows Defender\Platform\4.18.26080.3-0\MpClient.dll,system,wevtutil.exe
"Sep 2, 2026 1:26:10 AM",RegistryKeyDeleted,,,,system,wevtutil.exe
"Sep 2, 2026 1:26:10 AM",RegistryValueSet,HKEY_LOCAL_MACHINE\SOFTWARE\Microsoft\Windows\CurrentVersion\WINEVT\Publishers\{8e92deef-5e17-413b-b927-59b2f06a3cfc},Enabled,1,local service,svchost.exe
"Sep 2, 2026 1:26:10 AM",RegistryValueSet,HKEY_LOCAL_MACHINE\SOFTWARE\Microsoft\Windows\CurrentVersion\WINEVT\Publishers\{8e92deef-5e17-413b-b927-59b2f06a3cfc},MessageFileName,C:\ProgramData\Microsoft\Windows Defender\Platform\4.18.26080.3-0\MpRtp.dll,system,wevtutil.exe
"Sep 2, 2026 1:26:10 AM",RegistryKeyCreated,HKEY_LOCAL_MACHINE\SOFTWARE\Microsoft\Windows\CurrentVersion\WINEVT\Publishers\{8e92deef-5e17-413b-b927-59b2f06a3cfc},,,system,wevtutil.exe
"Sep 2, 2026 1:26:10 AM",RegistryValueSet,HKEY_LOCAL_MACHINE\SOFTWARE\Microsoft\Windows\CurrentVersion\WINEVT\Publishers\{8e92deef-5e17-413b-b927-59b2f06a3cfc},ResourceFileName,C:\ProgramData\Microsoft\Windows Defender\Platform\4.18.26080.3-0\MpRtp.dll,system,wevtutil.exe
"Sep 2, 2026 1:26:10 AM",RegistryValueSet,HKEY_LOCAL_MACHINE\SOFTWARE\Microsoft\Windows\CurrentVersion\WINEVT\Publishers\{8e92deef-5e17-413b-b927-59b2f06a3cfc},,Microsoft-Antimalware-RTP,system,wevtutil.exe
"Sep 2, 2026 1:26:10 AM",RegistryValueSet,HKEY_LOCAL_MACHINE\SOFTWARE\Microsoft\Windows\CurrentVersion\WINEVT\Publishers\{8e92deef-5e17-413b-b927-59b2f06a3cfc},ParameterFileName,C:\ProgramData\Microsoft\Windows Defender\Platform\4.18.26080.3-0\MpRtp.dll,system,wevtutil.exe
"Sep 2, 2026 1:26:10 AM",RegistryKeyDeleted,,,,system,wevtutil.exe
"Sep 2, 2026 1:26:10 AM",RegistryValueSet,HKEY_LOCAL_MACHINE\SOFTWARE\Microsoft\Windows\CurrentVersion\WINEVT\Publishers\{102aab0a-9d9c-4887-a860-55de33b96595},ResourceFileName,C:\ProgramData\Microsoft\Windows Defender\Platform\4.18.26080.3-0\NisSrv.exe,system,wevtutil.exe
"Sep 2, 2026 1:26:10 AM",RegistryValueSet,HKEY_LOCAL_MACHINE\SOFTWARE\Microsoft\Windows\CurrentVersion\WINEVT\Publishers\{102aab0a-9d9c-4887-a860-55de33b96595},MessageFileName,C:\ProgramData\Microsoft\Windows Defender\Platform\4.18.26080.3-0\NisSrv.exe,system,wevtutil.exe
"Sep 2, 2026 1:26:10 AM",RegistryKeyCreated,HKEY_LOCAL_MACHINE\SOFTWARE\Microsoft\Windows\CurrentVersion\WINEVT\Publishers\{102aab0a-9d9c-4887-a860-55de33b96595},,,system,wevtutil.exe
"Sep 2, 2026 1:26:10 AM",RegistryValueSet,HKEY_LOCAL_MACHINE\SOFTWARE\Microsoft\Windows\CurrentVersion\WINEVT\Publishers\{102aab0a-9d9c-4887-a860-55de33b96595},,Microsoft-Antimalware-NIS,system,wevtutil.exe
"Sep 2, 2026 1:26:10 AM",RegistryValueSet,HKEY_LOCAL_MACHINE\SOFTWARE\Microsoft\Windows\CurrentVersion\WINEVT\Publishers\{102aab0a-9d9c-4887-a860-55de33b96595},Enabled,1,local service,svchost.exe
"Sep 2, 2026 1:26:10 AM",RegistryValueSet,HKEY_LOCAL_MACHINE\SOFTWARE\Microsoft\Windows\CurrentVersion\WINEVT\Publishers\{102aab0a-9d9c-4887-a860-55de33b96595},ParameterFileName,C:\ProgramData\Microsoft\Windows Defender\Platform\4.18.26080.3-0\NisSrv.exe,system,wevtutil.exe
"Sep 2, 2026 1:26:09 AM",RegistryKeyDeleted,,,,system,wevtutil.exe
"Sep 2, 2026 1:26:09 AM",RegistryValueSet,HKEY_LOCAL_MACHINE\SOFTWARE\Microsoft\Windows\CurrentVersion\WINEVT\Publishers\{751ef305-6c6e-4fed-b847-02ef79d26aef},ResourceFileName,C:\ProgramData\Microsoft\Windows Defender\Platform\4.18.26080.3-0\MpSvc.dll,system,wevtutil.exe
"Sep 2, 2026 1:26:09 AM",RegistryKeyCreated,HKEY_LOCAL_MACHINE\SOFTWARE\Microsoft\Windows\CurrentVersion\WINEVT\Publishers\{751ef305-6c6e-4fed-b847-02ef79d26aef},,,system,wevtutil.exe
"Sep 2, 2026 1:26:09 AM",RegistryValueSet,HKEY_LOCAL_MACHINE\SOFTWARE\Microsoft\Windows\CurrentVersion\WINEVT\Publishers\{751ef305-6c6e-4fed-b847-02ef79d26aef},ParameterFileName,C:\ProgramData\Microsoft\Windows Defender\Platform\4.18.26080.3-0\MpSvc.dll,system,wevtutil.exe
"Sep 2, 2026 1:26:09 AM",RegistryValueSet,HKEY_LOCAL_MACHINE\SOFTWARE\Microsoft\Windows\CurrentVersion\WINEVT\Publishers\{751ef305-6c6e-4fed-b847-02ef79d26aef},,Microsoft-Antimalware-Service,system,wevtutil.exe
"Sep 2, 2026 1:26:09 AM",RegistryValueSet,HKEY_LOCAL_MACHINE\SOFTWARE\Microsoft\Windows\CurrentVersion\WINEVT\Publishers\{751ef305-6c6e-4fed-b847-02ef79d26aef},MessageFileName,C:\ProgramData\Microsoft\Windows Defender\Platform\4.18.26080.3-0\MpSvc.dll,system,wevtutil.exe
"Sep 2, 2026 1:26:09 AM",RegistryValueSet,HKEY_LOCAL_MACHINE\SOFTWARE\Microsoft\Windows\CurrentVersion\WINEVT\Publishers\{751ef305-6c6e-4fed-b847-02ef79d26aef},Enabled,1,local service,svchost.exe
"Sep 2, 2026 1:26:09 AM",RegistryKeyDeleted,,,,system,wevtutil.exe
"Sep 2, 2026 1:26:09 AM",RegistryValueSet,HKEY_LOCAL_MACHINE\SOFTWARE\Microsoft\Windows\CurrentVersion\WINEVT\Publishers\{11cd958a-c507-4ef3-b3f2-5fd9dfbd2c78},Enabled,1,local service,svchost.exe
"Sep 2, 2026 1:26:09 AM",RegistryValueSet,HKEY_LOCAL_MACHINE\SOFTWARE\Microsoft\Windows\CurrentVersion\WINEVT\Publishers\{11cd958a-c507-4ef3-b3f2-5fd9dfbd2c78},ResourceFileName,C:\ProgramData\Microsoft\Windows Defender\Platform\4.18.26080.3-0\MpEvMsg.dll,system,wevtutil.exe
"Sep 2, 2026 1:26:09 AM",RegistryValueSet,HKEY_LOCAL_MACHINE\SOFTWARE\Microsoft\Windows\CurrentVersion\WINEVT\Publishers\{11cd958a-c507-4ef3-b3f2-5fd9dfbd2c78},MessageFileName,C:\ProgramData\Microsoft\Windows Defender\Platform\4.18.26080.3-0\MpEvMsg.dll,system,wevtutil.exe
"Sep 2, 2026 1:26:09 AM",RegistryValueSet,HKEY_LOCAL_MACHINE\SOFTWARE\Microsoft\Windows\CurrentVersion\WINEVT\Publishers\{11cd958a-c507-4ef3-b3f2-5fd9dfbd2c78}\ChannelReferences\0,,Microsoft-Windows-Windows Defender/Operational,system,wevtutil.exe
"Sep 2, 2026 1:26:09 AM",RegistryValueSet,HKEY_LOCAL_MACHINE\SOFTWARE\Microsoft\Windows\CurrentVersion\WINEVT\Publishers\{11cd958a-c507-4ef3-b3f2-5fd9dfbd2c78},ParameterFileName,C:\ProgramData\Microsoft\Windows Defender\Platform\4.18.26080.3-0\MpEvMsg.dll,system,wevtutil.exe
"Sep 2, 2026 1:26:09 AM",RegistryKeyCreated,HKEY_LOCAL_MACHINE\SOFTWARE\Microsoft\Windows\CurrentVersion\WINEVT\Publishers\{11cd958a-c507-4ef3-b3f2-5fd9dfbd2c78}\ChannelReferences\0,,,system,wevtutil.exe
"Sep 2, 2026 1:26:09 AM",RegistryKeyCreated,HKEY_LOCAL_MACHINE\SOFTWARE\Microsoft\Windows\CurrentVersion\WINEVT\Publishers\{11cd958a-c507-4ef3-b3f2-5fd9dfbd2c78}\ChannelReferences,,,system,wevtutil.exe
"Sep 2, 2026 1:26:09 AM",RegistryValueSet,HKEY_LOCAL_MACHINE\SOFTWARE\Microsoft\Windows\CurrentVersion\WINEVT\Publishers\{11cd958a-c507-4ef3-b3f2-5fd9dfbd2c78}\ChannelReferences\1,,Microsoft-Windows-Windows Defender/WHC,system,wevtutil.exe
"Sep 2, 2026 1:26:09 AM",RegistryValueSet,HKEY_LOCAL_MACHINE\SOFTWARE\Microsoft\Windows\CurrentVersion\WINEVT\Publishers\{11cd958a-c507-4ef3-b3f2-5fd9dfbd2c78},,Microsoft-Windows-Windows Defender,system,wevtutil.exe
"Sep 2, 2026 1:26:09 AM",RegistryValueSet,HKEY_LOCAL_MACHINE\SOFTWARE\Microsoft\Windows\CurrentVersion\WINEVT\Publishers\{11cd958a-c507-4ef3-b3f2-5fd9dfbd2c78}\ChannelReferences\0,Id,16,system,wevtutil.exe
"Sep 2, 2026 1:26:09 AM",RegistryValueSet,HKEY_LOCAL_MACHINE\SOFTWARE\Microsoft\Windows\CurrentVersion\WINEVT\Publishers\{11cd958a-c507-4ef3-b3f2-5fd9dfbd2c78}\ChannelReferences\0,Flags,0,system,wevtutil.exe
"Sep 2, 2026 1:26:09 AM",RegistryValueSet,HKEY_LOCAL_MACHINE\SOFTWARE\Microsoft\Windows\CurrentVersion\WINEVT\Publishers\{11cd958a-c507-4ef3-b3f2-5fd9dfbd2c78}\ChannelReferences\1,Flags,0,system,wevtutil.exe
"Sep 2, 2026 1:26:09 AM",RegistryKeyCreated,HKEY_LOCAL_MACHINE\SOFTWARE\Microsoft\Windows\CurrentVersion\WINEVT\Publishers\{11cd958a-c507-4ef3-b3f2-5fd9dfbd2c78}\ChannelReferences\1,,,system,wevtutil.exe
"Sep 2, 2026 1:26:09 AM",RegistryValueSet,HKEY_LOCAL_MACHINE\SOFTWARE\Microsoft\Windows\CurrentVersion\WINEVT\Publishers\{11cd958a-c507-4ef3-b3f2-5fd9dfbd2c78}\ChannelReferences,Count,2,system,wevtutil.exe
"Sep 2, 2026 1:26:09 AM",RegistryValueSet,HKEY_LOCAL_MACHINE\SOFTWARE\Microsoft\Windows\CurrentVersion\WINEVT\Publishers\{11cd958a-c507-4ef3-b3f2-5fd9dfbd2c78}\ChannelReferences\1,Id,17,system,wevtutil.exe
"Sep 2, 2026 1:26:09 AM",RegistryKeyCreated,HKEY_LOCAL_MACHINE\SOFTWARE\Microsoft\Windows\CurrentVersion\WINEVT\Publishers\{11cd958a-c507-4ef3-b3f2-5fd9dfbd2c78},,,system,wevtutil.exe
"Sep 2, 2026 1:26:09 AM",RegistryValueSet,HKEY_LOCAL_MACHINE\SYSTEM\ControlSet001\Control\WMI\Security,3d5cdb8b-aa91-4db9-bd3d-eb7fb5e50c5a,,system,mpdefendercoreservice.exe
"Sep 2, 2026 1:26:09 AM",RegistryKeyDeleted,,,,system,wevtutil.exe
"Sep 2, 2026 1:26:09 AM",RegistryKeyDeleted,,,,system,wevtutil.exe
"Sep 2, 2026 1:26:09 AM",RegistryKeyDeleted,,,,system,wevtutil.exe
"Sep 2, 2026 1:26:09 AM",RegistryKeyDeleted,,,,system,wevtutil.exe
"Sep 2, 2026 1:26:09 AM",RegistryValueSet,HKEY_LOCAL_MACHINE\SOFTWARE\Microsoft\Windows\CurrentVersion\WINEVT\Publishers\{cfeb0608-330e-4410-b00d-56d8da9986e6},Enabled,1,local service,svchost.exe
"Sep 2, 2026 1:26:09 AM",RegistryValueSet,HKEY_LOCAL_MACHINE\SOFTWARE\Microsoft\Windows\CurrentVersion\WINEVT\Publishers\{cfeb0608-330e-4410-b00d-56d8da9986e6},ParameterFileName,C:\ProgramData\Microsoft\Windows Defender\Platform\4.18.26080.3-0\Drivers\WdFilter.sys,system,wevtutil.exe
"Sep 2, 2026 1:26:09 AM",RegistryKeyCreated,HKEY_LOCAL_MACHINE\SOFTWARE\Microsoft\Windows\CurrentVersion\WINEVT\Publishers\{cfeb0608-330e-4410-b00d-56d8da9986e6},,,system,wevtutil.exe
"Sep 2, 2026 1:26:09 AM",RegistryValueSet,HKEY_LOCAL_MACHINE\SOFTWARE\Microsoft\Windows\CurrentVersion\WINEVT\Publishers\{cfeb0608-330e-4410-b00d-56d8da9986e6},ResourceFileName,C:\ProgramData\Microsoft\Windows Defender\Platform\4.18.26080.3-0\Drivers\WdFilter.sys,system,wevtutil.exe
"Sep 2, 2026 1:26:09 AM",RegistryValueSet,HKEY_LOCAL_MACHINE\SOFTWARE\Microsoft\Windows\CurrentVersion\WINEVT\Publishers\{cfeb0608-330e-4410-b00d-56d8da9986e6},,Microsoft-Antimalware-AMFilter,system,wevtutil.exe
"Sep 2, 2026 1:26:09 AM",RegistryValueSet,HKEY_LOCAL_MACHINE\SOFTWARE\Microsoft\Windows\CurrentVersion\WINEVT\Publishers\{cfeb0608-330e-4410-b00d-56d8da9986e6},MessageFileName,C:\ProgramData\Microsoft\Windows Defender\Platform\4.18.26080.3-0\Drivers\WdFilter.sys,system,wevtutil.exe
"Sep 2, 2026 1:26:08 AM",RegistryKeyDeleted,,,,system,wevtutil.exe
"Sep 2, 2026 1:26:08 AM",RegistryValueSet,HKEY_LOCAL_MACHINE\SYSTEM\ControlSet001\Services\MDCoreSvc,RequiredPrivileges,SeBackupPrivilege SeRestorePrivilege SeDebugPrivilege SeChangeNotifyPrivilege SeShutdownPrivilege SeIncreaseQuotaPrivilege SeSecurityPrivilege SeAssignPrimaryTokenPrivilege,system,mpdefendercoreservice.exe
"Sep 2, 2026 1:26:07 AM",RegistryValueSet,HKEY_LOCAL_MACHINE\SYSTEM\ControlSet001\Services\MDCoreSvc,ImagePath,"""C:\ProgramData\Microsoft\Windows Defender\Platform\4.18.26080.3-0\MpDefenderCoreService.exe""",system,services.exe
"Sep 2, 2026 1:26:07 AM",RegistryKeyDeleted,,,,system,msmpeng.exe
"Sep 2, 2026 1:26:07 AM",RegistryValueSet,HKEY_LOCAL_MACHINE\SOFTWARE\Microsoft\Windows Defender,BackupLocation,C:\ProgramData\Microsoft\Windows Defender\Platform\4.18.26070.9-0,system,msmpeng.exe
"Sep 2, 2026 1:26:07 AM",RegistryValueDeleted,,,,system,msmpeng.exe
"Sep 2, 2026 1:26:07 AM",RegistryValueSet,HKEY_LOCAL_MACHINE\SOFTWARE\Microsoft\Windows Defender,IsServiceRunning,1,system,msmpeng.exe
"Sep 2, 2026 1:26:07 AM",RegistryValueDeleted,,,,system,msmpeng.exe
"Sep 2, 2026 1:26:07 AM",RegistryValueSet,HKEY_LOCAL_MACHINE\SYSTEM\ControlSet001\Services\WdAiNisDrv,Description,"@C:\ProgramData\Microsoft\Windows Defender\Platform\4.18.26080.3-0\MpAsDesc.dll,-440",system,services.exe
"Sep 2, 2026 1:26:07 AM",RegistryValueDeleted,,,,system,msmpeng.exe
"Sep 2, 2026 1:26:07 AM",RegistryValueSet,HKEY_LOCAL_MACHINE\SYSTEM\ControlSet001\Services\WdAiNisDrv,DisplayName,"@C:\ProgramData\Microsoft\Windows Defender\Platform\4.18.26080.3-0\MpAsDesc.dll,-430",system,services.exe
"Sep 2, 2026 1:26:07 AM",RegistryValueSet,HKEY_LOCAL_MACHINE\SYSTEM\ControlSet001\Services\WdNisDrv,DisplayName,"@C:\ProgramData\Microsoft\Windows Defender\Platform\4.18.26080.3-0\MpAsDesc.dll,-370",system,services.exe
"Sep 2, 2026 1:26:07 AM",RegistryValueSet,HKEY_LOCAL_MACHINE\SYSTEM\ControlSet001\Services\WdNisSvc,Description,"@C:\ProgramData\Microsoft\Windows Defender\Platform\4.18.26080.3-0\MpAsDesc.dll,-242",system,services.exe
"Sep 2, 2026 1:26:07 AM",RegistryValueSet,HKEY_LOCAL_MACHINE\SYSTEM\ControlSet001\Services\WdNisSvc,DisplayName,"@C:\ProgramData\Microsoft\Windows Defender\Platform\4.18.26080.3-0\MpAsDesc.dll,-320",system,services.exe
"Sep 2, 2026 1:26:07 AM",RegistryValueSet,HKEY_LOCAL_MACHINE\SYSTEM\ControlSet001\Services\WdNisDrv,Description,"@C:\ProgramData\Microsoft\Windows Defender\Platform\4.18.26080.3-0\MpAsDesc.dll,-242",system,services.exe
"Sep 2, 2026 1:26:07 AM",RegistryValueSet,HKEY_LOCAL_MACHINE\SYSTEM\ControlSet001\Services\WdBoot,Description,"@C:\ProgramData\Microsoft\Windows Defender\Platform\4.18.26080.3-0\MpAsDesc.dll,-400",system,services.exe
"Sep 2, 2026 1:26:07 AM",RegistryValueSet,HKEY_LOCAL_MACHINE\SYSTEM\ControlSet001\Services\WdBoot,DisplayName,"@C:\ProgramData\Microsoft\Windows Defender\Platform\4.18.26080.3-0\MpAsDesc.dll,-390",system,services.exe
"Sep 2, 2026 1:26:07 AM",RegistryValueSet,HKEY_LOCAL_MACHINE\SYSTEM\ControlSet001\Services\WdFilter,Description,"@C:\ProgramData\Microsoft\Windows Defender\Platform\4.18.26080.3-0\MpAsDesc.dll,-340",system,services.exe
"Sep 2, 2026 1:26:07 AM",RegistryValueSet,HKEY_LOCAL_MACHINE\SYSTEM\ControlSet001\Services\WdFilter,DisplayName,"@C:\ProgramData\Microsoft\Windows Defender\Platform\4.18.26080.3-0\MpAsDesc.dll,-330",system,services.exe
"Sep 2, 2026 1:26:07 AM",RegistryValueSet,HKEY_LOCAL_MACHINE\SYSTEM\ControlSet001\Services\WinDefend,Description,"@C:\ProgramData\Microsoft\Windows Defender\Platform\4.18.26080.3-0\MpAsDesc.dll,-240",system,services.exe
"Sep 2, 2026 1:26:07 AM",RegistryValueSet,HKEY_LOCAL_MACHINE\SYSTEM\ControlSet001\Services\WinDefend,DisplayName,"@C:\ProgramData\Microsoft\Windows Defender\Platform\4.18.26080.3-0\MpAsDesc.dll,-310",system,services.exe
"Sep 2, 2026 1:26:07 AM",RegistryValueSet,HKEY_LOCAL_MACHINE\SOFTWARE\Microsoft\Windows Defender,NewLocation,C:\ProgramData\Microsoft\Windows Defender\Platform\4.18.26080.3-0,system,msmpeng.exe
"Sep 2, 2026 1:26:07 AM",RegistryValueSet,HKEY_LOCAL_MACHINE\SYSTEM\ControlSet001\Services\WinDefend,ImagePath,"""C:\ProgramData\Microsoft\Windows Defender\Platform\4.18.26080.3-0\MsMpEng.exe""",system,services.exe
"Sep 2, 2026 1:26:05 AM",RegistryValueSet,HKEY_LOCAL_MACHINE\SOFTWARE\Classes\CLSID\{A7C452EF-8E9F-42EB-9F2B-245613CA0DC9}\InprocServer32,,"""%ProgramData%\Microsoft\Windows Defender\Platform\4.18.26080.3-0\ProtectionManagement.dll""",system,msmpeng.exe
"Sep 2, 2026 1:26:04 AM",RegistryValueSet,HKEY_LOCAL_MACHINE\SOFTWARE\Classes\CLSID\{195B4D07-3DE2-4744-BBF2-D90121AE785B}\InprocServer32,,"""%ProgramData%\Microsoft\Windows Defender\Platform\4.18.26080.3-0\DefenderCSP.dll""",system,msmpeng.exe
"Sep 2, 2026 1:26:04 AM",RegistryValueSet,HKEY_LOCAL_MACHINE\SOFTWARE\Classes\CLSID\{4DB116D1-9B24-4DFC-946B-BFE03E852002}\InProcServer32,,C:\ProgramData\Microsoft\Windows Defender\Platform\4.18.26080.3-0\MPUXAGENT.DLL,system,msmpeng.exe
"Sep 2, 2026 1:26:04 AM",RegistryValueSet,HKEY_LOCAL_MACHINE\SOFTWARE\Classes\CLSID\{301065FE-60AD-49C8-B24D-97D598A6BD49}\InprocServer32,ThreadingModel,Both,system,msmpeng.exe
"Sep 2, 2026 1:26:04 AM",RegistryKeyCreated,HKEY_LOCAL_MACHINE\SOFTWARE\Classes\CLSID\{301065FE-60AD-49C8-B24D-97D598A6BD49}\InprocServer32,,,system,msmpeng.exe
"Sep 2, 2026 1:26:04 AM",RegistryValueSet,HKEY_LOCAL_MACHINE\SOFTWARE\Classes\CLSID\{301065FE-60AD-49C8-B24D-97D598A6BD49}\InprocServer32,,C:\ProgramData\Microsoft\Windows Defender\Platform\4.18.26080.3-0\MPUXAGENT.DLL,system,msmpeng.exe
"Sep 2, 2026 1:26:04 AM",RegistryValueSet,HKEY_LOCAL_MACHINE\SOFTWARE\Classes\CLSID\{2DCD7FDB-8809-48E4-8E4F-3157C57CF987}\InprocServer32,,C:\ProgramData\Microsoft\Windows Defender\Platform\4.18.26080.3-0\MPUXAGENT.DLL,system,msmpeng.exe
"Sep 2, 2026 1:26:04 AM",RegistryValueSet,HKEY_LOCAL_MACHINE\SOFTWARE\Classes\WOW6432Node\CLSID\{2781761E-28E0-4109-99FE-B9D127C57AFE}\InprocServer32,,"""C:\ProgramData\Microsoft\Windows Defender\Platform\4.18.26080.3-0\X86\MpOav.dll""",system,msmpeng.exe
"Sep 2, 2026 1:26:04 AM",RegistryValueSet,HKEY_LOCAL_MACHINE\SOFTWARE\Classes\CLSID\{2781761E-28E0-4109-99FE-B9D127C57AFE}\InprocServer32,,"""%ProgramData%\Microsoft\Windows Defender\Platform\4.18.26080.3-0\MpOav.dll""",system,msmpeng.exe
"Sep 2, 2026 1:26:04 AM",RegistryValueSet,HKEY_LOCAL_MACHINE\SOFTWARE\Microsoft\Windows\CurrentVersion\WINEVT\Publishers\{e4b70372-261f-4c54-8fa6-a5a7914d73da},MessageFileName,C:\ProgramData\Microsoft\Windows Defender\Platform\4.18.26080.3-0\MpClient.dll,system,wevtutil.exe
"Sep 2, 2026 1:26:04 AM",RegistryValueSet,HKEY_LOCAL_MACHINE\SOFTWARE\Microsoft\Windows\CurrentVersion\WINEVT\Publishers\{e4b70372-261f-4c54-8fa6-a5a7914d73da},,Microsoft-Antimalware-Protection,system,wevtutil.exe
"Sep 2, 2026 1:26:04 AM",RegistryValueSet,HKEY_LOCAL_MACHINE\SOFTWARE\Microsoft\Windows\CurrentVersion\WINEVT\Publishers\{e4b70372-261f-4c54-8fa6-a5a7914d73da},Enabled,1,local service,svchost.exe
"Sep 2, 2026 1:26:04 AM",RegistryValueSet,HKEY_LOCAL_MACHINE\SOFTWARE\Microsoft\Windows\CurrentVersion\WINEVT\Publishers\{e4b70372-261f-4c54-8fa6-a5a7914d73da},ParameterFileName,C:\ProgramData\Microsoft\Windows Defender\Platform\4.18.26080.3-0\MpClient.dll,system,wevtutil.exe
"Sep 2, 2026 1:26:04 AM",RegistryKeyCreated,HKEY_LOCAL_MACHINE\SOFTWARE\Microsoft\Windows\CurrentVersion\WINEVT\Publishers\{e4b70372-261f-4c54-8fa6-a5a7914d73da},,,system,wevtutil.exe
"Sep 2, 2026 1:26:04 AM",RegistryValueSet,HKEY_LOCAL_MACHINE\SOFTWARE\Microsoft\Windows\CurrentVersion\WINEVT\Publishers\{e4b70372-261f-4c54-8fa6-a5a7914d73da},ResourceFileName,C:\ProgramData\Microsoft\Windows Defender\Platform\4.18.26080.3-0\MpClient.dll,system,wevtutil.exe
"Sep 2, 2026 1:26:04 AM",RegistryKeyDeleted,,,,system,wevtutil.exe
"Sep 2, 2026 1:26:04 AM",RegistryValueSet,HKEY_LOCAL_MACHINE\SOFTWARE\Microsoft\Windows\CurrentVersion\WINEVT\Publishers\{8e92deef-5e17-413b-b927-59b2f06a3cfc},ParameterFileName,C:\ProgramData\Microsoft\Windows Defender\Platform\4.18.26080.3-0\MpRtp.dll,system,wevtutil.exe
"Sep 2, 2026 1:26:04 AM",RegistryValueSet,HKEY_LOCAL_MACHINE\SOFTWARE\Microsoft\Windows\CurrentVersion\WINEVT\Publishers\{8e92deef-5e17-413b-b927-59b2f06a3cfc},MessageFileName,C:\ProgramData\Microsoft\Windows Defender\Platform\4.18.26080.3-0\MpRtp.dll,system,wevtutil.exe
"Sep 2, 2026 1:26:04 AM",RegistryValueSet,HKEY_LOCAL_MACHINE\SOFTWARE\Microsoft\Windows\CurrentVersion\WINEVT\Publishers\{8e92deef-5e17-413b-b927-59b2f06a3cfc},ResourceFileName,C:\ProgramData\Microsoft\Windows Defender\Platform\4.18.26080.3-0\MpRtp.dll,system,wevtutil.exe
"Sep 2, 2026 1:26:04 AM",RegistryValueSet,HKEY_LOCAL_MACHINE\SOFTWARE\Microsoft\Windows\CurrentVersion\WINEVT\Publishers\{8e92deef-5e17-413b-b927-59b2f06a3cfc},,Microsoft-Antimalware-RTP,system,wevtutil.exe
"Sep 2, 2026 1:26:04 AM",RegistryKeyCreated,HKEY_LOCAL_MACHINE\SOFTWARE\Microsoft\Windows\CurrentVersion\WINEVT\Publishers\{8e92deef-5e17-413b-b927-59b2f06a3cfc},,,system,wevtutil.exe
"Sep 2, 2026 1:26:04 AM",RegistryValueSet,HKEY_LOCAL_MACHINE\SOFTWARE\Microsoft\Windows\CurrentVersion\WINEVT\Publishers\{8e92deef-5e17-413b-b927-59b2f06a3cfc},Enabled,1,local service,svchost.exe
"Sep 2, 2026 1:26:04 AM",RegistryKeyDeleted,,,,system,wevtutil.exe
"Sep 2, 2026 1:26:04 AM",RegistryKeyCreated,HKEY_LOCAL_MACHINE\SOFTWARE\Microsoft\Windows\CurrentVersion\WINEVT\Publishers\{102aab0a-9d9c-4887-a860-55de33b96595},,,system,wevtutil.exe
"Sep 2, 2026 1:26:04 AM",RegistryValueSet,HKEY_LOCAL_MACHINE\SOFTWARE\Microsoft\Windows\CurrentVersion\WINEVT\Publishers\{102aab0a-9d9c-4887-a860-55de33b96595},ParameterFileName,C:\ProgramData\Microsoft\Windows Defender\Platform\4.18.26080.3-0\NisSrv.exe,system,wevtutil.exe
"Sep 2, 2026 1:26:04 AM",RegistryValueSet,HKEY_LOCAL_MACHINE\SOFTWARE\Microsoft\Windows\CurrentVersion\WINEVT\Publishers\{102aab0a-9d9c-4887-a860-55de33b96595},MessageFileName,C:\ProgramData\Microsoft\Windows Defender\Platform\4.18.26080.3-0\NisSrv.exe,system,wevtutil.exe
"Sep 2, 2026 1:26:04 AM",RegistryValueSet,HKEY_LOCAL_MACHINE\SOFTWARE\Microsoft\Windows\CurrentVersion\WINEVT\Publishers\{102aab0a-9d9c-4887-a860-55de33b96595},ResourceFileName,C:\ProgramData\Microsoft\Windows Defender\Platform\4.18.26080.3-0\NisSrv.exe,system,wevtutil.exe
"Sep 2, 2026 1:26:04 AM",RegistryValueSet,HKEY_LOCAL_MACHINE\SOFTWARE\Microsoft\Windows\CurrentVersion\WINEVT\Publishers\{102aab0a-9d9c-4887-a860-55de33b96595},Enabled,1,local service,svchost.exe
"Sep 2, 2026 1:26:04 AM",RegistryValueSet,HKEY_LOCAL_MACHINE\SOFTWARE\Microsoft\Windows\CurrentVersion\WINEVT\Publishers\{102aab0a-9d9c-4887-a860-55de33b96595},,Microsoft-Antimalware-NIS,system,wevtutil.exe
"Sep 2, 2026 1:26:04 AM",RegistryKeyDeleted,,,,system,wevtutil.exe
"Sep 2, 2026 1:26:04 AM",RegistryValueSet,HKEY_LOCAL_MACHINE\SOFTWARE\Microsoft\Windows\CurrentVersion\WINEVT\Publishers\{751ef305-6c6e-4fed-b847-02ef79d26aef},,Microsoft-Antimalware-Service,system,wevtutil.exe
"Sep 2, 2026 1:26:04 AM",RegistryValueSet,HKEY_LOCAL_MACHINE\SOFTWARE\Microsoft\Windows\CurrentVersion\WINEVT\Publishers\{751ef305-6c6e-4fed-b847-02ef79d26aef},Enabled,1,local service,svchost.exe
"Sep 2, 2026 1:26:04 AM",RegistryValueSet,HKEY_LOCAL_MACHINE\SOFTWARE\Microsoft\Windows\CurrentVersion\WINEVT\Publishers\{751ef305-6c6e-4fed-b847-02ef79d26aef},ParameterFileName,C:\ProgramData\Microsoft\Windows Defender\Platform\4.18.26080.3-0\MpSvc.dll,system,wevtutil.exe
"Sep 2, 2026 1:26:04 AM",RegistryValueSet,HKEY_LOCAL_MACHINE\SOFTWARE\Microsoft\Windows\CurrentVersion\WINEVT\Publishers\{751ef305-6c6e-4fed-b847-02ef79d26aef},ResourceFileName,C:\ProgramData\Microsoft\Windows Defender\Platform\4.18.26080.3-0\MpSvc.dll,system,wevtutil.exe
"Sep 2, 2026 1:26:04 AM",RegistryValueSet,HKEY_LOCAL_MACHINE\SOFTWARE\Microsoft\Windows\CurrentVersion\WINEVT\Publishers\{751ef305-6c6e-4fed-b847-02ef79d26aef},MessageFileName,C:\ProgramData\Microsoft\Windows Defender\Platform\4.18.26080.3-0\MpSvc.dll,system,wevtutil.exe
"Sep 2, 2026 1:26:04 AM",RegistryKeyCreated,HKEY_LOCAL_MACHINE\SOFTWARE\Microsoft\Windows\CurrentVersion\WINEVT\Publishers\{751ef305-6c6e-4fed-b847-02ef79d26aef},,,system,wevtutil.exe
"Sep 2, 2026 1:26:04 AM",RegistryKeyDeleted,,,,system,wevtutil.exe
"Sep 2, 2026 1:26:04 AM",RegistryValueSet,HKEY_LOCAL_MACHINE\SOFTWARE\Microsoft\Windows\CurrentVersion\WINEVT\Publishers\{11cd958a-c507-4ef3-b3f2-5fd9dfbd2c78},Enabled,1,local service,svchost.exe
"Sep 2, 2026 1:26:03 AM",RegistryValueSet,HKEY_LOCAL_MACHINE\SOFTWARE\Microsoft\Windows\CurrentVersion\WINEVT\Publishers\{11cd958a-c507-4ef3-b3f2-5fd9dfbd2c78}\ChannelReferences\1,,Microsoft-Windows-Windows Defender/WHC,system,wevtutil.exe
"Sep 2, 2026 1:26:03 AM",RegistryKeyCreated,HKEY_LOCAL_MACHINE\SOFTWARE\Microsoft\Windows\CurrentVersion\WINEVT\Publishers\{11cd958a-c507-4ef3-b3f2-5fd9dfbd2c78}\ChannelReferences\1,,,system,wevtutil.exe
"Sep 2, 2026 1:26:03 AM",RegistryValueSet,HKEY_LOCAL_MACHINE\SOFTWARE\Microsoft\Windows\CurrentVersion\WINEVT\Publishers\{11cd958a-c507-4ef3-b3f2-5fd9dfbd2c78}\ChannelReferences\1,Id,17,system,wevtutil.exe
"Sep 2, 2026 1:26:03 AM",RegistryValueSet,HKEY_LOCAL_MACHINE\SOFTWARE\Microsoft\Windows\CurrentVersion\WINEVT\Publishers\{11cd958a-c507-4ef3-b3f2-5fd9dfbd2c78}\ChannelReferences\1,Flags,0,system,wevtutil.exe
"Sep 2, 2026 1:26:03 AM",RegistryValueSet,HKEY_LOCAL_MACHINE\SOFTWARE\Microsoft\Windows\CurrentVersion\WINEVT\Publishers\{11cd958a-c507-4ef3-b3f2-5fd9dfbd2c78}\ChannelReferences,Count,2,system,wevtutil.exe
"Sep 2, 2026 1:26:03 AM",RegistryValueSet,HKEY_LOCAL_MACHINE\SOFTWARE\Microsoft\Windows\CurrentVersion\WINEVT\Publishers\{11cd958a-c507-4ef3-b3f2-5fd9dfbd2c78}\ChannelReferences\0,Flags,0,system,wevtutil.exe
"Sep 2, 2026 1:26:03 AM",RegistryValueSet,HKEY_LOCAL_MACHINE\SOFTWARE\Microsoft\Windows\CurrentVersion\WINEVT\Publishers\{11cd958a-c507-4ef3-b3f2-5fd9dfbd2c78}\ChannelReferences\0,Id,16,system,wevtutil.exe
"Sep 2, 2026 1:26:03 AM",RegistryKeyCreated,HKEY_LOCAL_MACHINE\SOFTWARE\Microsoft\Windows\CurrentVersion\WINEVT\Publishers\{11cd958a-c507-4ef3-b3f2-5fd9dfbd2c78}\ChannelReferences,,,system,wevtutil.exe
"Sep 2, 2026 1:26:03 AM",RegistryValueSet,HKEY_LOCAL_MACHINE\SOFTWARE\Microsoft\Windows\CurrentVersion\WINEVT\Publishers\{11cd958a-c507-4ef3-b3f2-5fd9dfbd2c78},ResourceFileName,C:\ProgramData\Microsoft\Windows Defender\Platform\4.18.26080.3-0\MpEvMsg.dll,system,wevtutil.exe
"Sep 2, 2026 1:26:03 AM",RegistryValueSet,HKEY_LOCAL_MACHINE\SOFTWARE\Microsoft\Windows\CurrentVersion\WINEVT\Publishers\{11cd958a-c507-4ef3-b3f2-5fd9dfbd2c78},ParameterFileName,C:\ProgramData\Microsoft\Windows Defender\Platform\4.18.26080.3-0\MpEvMsg.dll,system,wevtutil.exe
"Sep 2, 2026 1:26:03 AM",RegistryKeyCreated,HKEY_LOCAL_MACHINE\SOFTWARE\Microsoft\Windows\CurrentVersion\WINEVT\Publishers\{11cd958a-c507-4ef3-b3f2-5fd9dfbd2c78}\ChannelReferences\0,,,system,wevtutil.exe
"Sep 2, 2026 1:26:03 AM",RegistryValueSet,HKEY_LOCAL_MACHINE\SOFTWARE\Microsoft\Windows\CurrentVersion\WINEVT\Publishers\{11cd958a-c507-4ef3-b3f2-5fd9dfbd2c78},MessageFileName,C:\ProgramData\Microsoft\Windows Defender\Platform\4.18.26080.3-0\MpEvMsg.dll,system,wevtutil.exe
"Sep 2, 2026 1:26:03 AM",RegistryValueSet,HKEY_LOCAL_MACHINE\SOFTWARE\Microsoft\Windows\CurrentVersion\WINEVT\Publishers\{11cd958a-c507-4ef3-b3f2-5fd9dfbd2c78},,Microsoft-Windows-Windows Defender,system,wevtutil.exe
"Sep 2, 2026 1:26:03 AM",RegistryValueSet,HKEY_LOCAL_MACHINE\SOFTWARE\Microsoft\Windows\CurrentVersion\WINEVT\Publishers\{11cd958a-c507-4ef3-b3f2-5fd9dfbd2c78}\ChannelReferences\0,,Microsoft-Windows-Windows Defender/Operational,system,wevtutil.exe
"Sep 2, 2026 1:26:03 AM",RegistryKeyCreated,HKEY_LOCAL_MACHINE\SOFTWARE\Microsoft\Windows\CurrentVersion\WINEVT\Publishers\{11cd958a-c507-4ef3-b3f2-5fd9dfbd2c78},,,system,wevtutil.exe
"Sep 2, 2026 1:26:03 AM",RegistryKeyDeleted,,,,system,wevtutil.exe
"Sep 2, 2026 1:26:03 AM",RegistryKeyDeleted,,,,system,wevtutil.exe
"Sep 2, 2026 1:26:03 AM",RegistryKeyDeleted,,,,system,wevtutil.exe
"Sep 2, 2026 1:26:03 AM",RegistryKeyDeleted,,,,system,wevtutil.exe
"Sep 2, 2026 1:26:03 AM",RegistryValueSet,HKEY_LOCAL_MACHINE\SOFTWARE\Microsoft\Windows\CurrentVersion\WINEVT\Publishers\{cfeb0608-330e-4410-b00d-56d8da9986e6},Enabled,1,local service,svchost.exe
"Sep 2, 2026 1:26:03 AM",RegistryValueSet,HKEY_LOCAL_MACHINE\SOFTWARE\Microsoft\Windows\CurrentVersion\WINEVT\Publishers\{cfeb0608-330e-4410-b00d-56d8da9986e6},,Microsoft-Antimalware-AMFilter,system,wevtutil.exe
"Sep 2, 2026 1:26:03 AM",RegistryValueSet,HKEY_LOCAL_MACHINE\SOFTWARE\Microsoft\Windows\CurrentVersion\WINEVT\Publishers\{cfeb0608-330e-4410-b00d-56d8da9986e6},MessageFileName,C:\ProgramData\Microsoft\Windows Defender\Platform\4.18.26080.3-0\Drivers\WdFilter.sys,system,wevtutil.exe
"Sep 2, 2026 1:26:03 AM",RegistryValueSet,HKEY_LOCAL_MACHINE\SOFTWARE\Microsoft\Windows\CurrentVersion\WINEVT\Publishers\{cfeb0608-330e-4410-b00d-56d8da9986e6},ResourceFileName,C:\ProgramData\Microsoft\Windows Defender\Platform\4.18.26080.3-0\Drivers\WdFilter.sys,system,wevtutil.exe
"Sep 2, 2026 1:26:03 AM",RegistryKeyCreated,HKEY_LOCAL_MACHINE\SOFTWARE\Microsoft\Windows\CurrentVersion\WINEVT\Publishers\{cfeb0608-330e-4410-b00d-56d8da9986e6},,,system,wevtutil.exe
"Sep 2, 2026 1:26:03 AM",RegistryValueSet,HKEY_LOCAL_MACHINE\SOFTWARE\Microsoft\Windows\CurrentVersion\WINEVT\Publishers\{cfeb0608-330e-4410-b00d-56d8da9986e6},ParameterFileName,C:\ProgramData\Microsoft\Windows Defender\Platform\4.18.26080.3-0\Drivers\WdFilter.sys,system,wevtutil.exe
"Sep 2, 2026 1:26:03 AM",RegistryKeyDeleted,,,,system,wevtutil.exe
"Sep 2, 2026 1:26:03 AM",RegistryValueSet,HKEY_LOCAL_MACHINE\SYSTEM\ControlSet001\Services\WdNisSvc,ImagePath,"""%ProgramData%\Microsoft\Windows Defender\Platform\4.18.26080.3-0\NisSrv.exe""",system,services.exe
"Sep 2, 2026 1:26:02 AM",RegistryValueSet,HKEY_LOCAL_MACHINE\SOFTWARE\Microsoft\Windows Defender,IsServiceRunning,1,system,msmpeng.exe
"Sep 2, 2026 1:26:02 AM",RegistryValueSet,HKEY_LOCAL_MACHINE\SOFTWARE\Microsoft\Windows Defender,BlockedLocation,C:\ProgramData\Microsoft\Windows Defender\Platform\4.18.26080.3-0,system,msmpeng.exe
"Sep 2, 2026 1:26:01 AM",RegistryValueDeleted,,,,system,msmpeng.exe
"Sep 2, 2026 1:25:58 AM",RegistryValueSet,HKEY_LOCAL_MACHINE\SOFTWARE\Microsoft\Windows Defender,NewLocation,C:\Windows\SystemTemp\BDD2E37C-7068-4702-904E-C21ED96942C1,system,msmpeng.exe
"Sep 2, 2026 1:25:58 AM",RegistryValueSet,HKEY_LOCAL_MACHINE\SYSTEM\ControlSet001\Services\WdAiNisDrv,Start,3,system,services.exe
"Sep 2, 2026 1:25:58 AM",RegistryKeyDeleted,,,,system,services.exe
"Sep 2, 2026 1:25:58 AM",RegistryKeyDeleted,,,,system,services.exe
"Sep 2, 2026 1:25:58 AM",RegistryKeyDeleted,,,,system,services.exe
"Sep 2, 2026 1:25:58 AM",RegistryKeyDeleted,,,,system,services.exe
"Sep 2, 2026 1:25:58 AM",RegistryValueSet,HKEY_LOCAL_MACHINE\SYSTEM\ControlSet001\Services\KslD,Start,4,system,services.exe
"Sep 2, 2026 1:25:58 AM",RegistryValueSet,HKEY_LOCAL_MACHINE\SYSTEM\ControlSet001\Services\KslD,DeleteFlag,1,system,services.exe
"Sep 2, 2026 1:25:32 AM",RegistryValueSet,HKEY_LOCAL_MACHINE\SOFTWARE\Microsoft\Windows\CurrentVersion\WINEVT\Publishers\{68621c25-df8d-4a6b-aabc-19a22e296a7c},Enabled,1,local service,svchost.exe
"Sep 2, 2026 1:25:32 AM",RegistryValueSet,HKEY_LOCAL_MACHINE\SOFTWARE\Microsoft\Windows\CurrentVersion\WINEVT\Publishers\{0a002690-3839-4e3a-b3b6-96d8df868d99},Enabled,1,local service,svchost.exe
"Sep 2, 2026 1:25:32 AM",RegistryValueSet,HKEY_LOCAL_MACHINE\SOFTWARE\Microsoft\Windows\CurrentVersion\WINEVT\Publishers\{68621c25-df8d-4a6b-aabc-19a22e296a7c},,Microsoft-Antimalware-Engine-Instrumentation,system,wevtutil.exe
"Sep 2, 2026 1:25:32 AM",RegistryValueSet,HKEY_LOCAL_MACHINE\SOFTWARE\Microsoft\Windows\CurrentVersion\WINEVT\Publishers\{68621c25-df8d-4a6b-aabc-19a22e296a7c},ParameterFileName,C:\ProgramData\Microsoft\Windows Defender\Definition Updates\StableEngineEtwLocation\mpengine_etw.dll,system,wevtutil.exe
"Sep 2, 2026 1:25:32 AM",RegistryValueSet,HKEY_LOCAL_MACHINE\SOFTWARE\Microsoft\Windows\CurrentVersion\WINEVT\Publishers\{68621c25-df8d-4a6b-aabc-19a22e296a7c},ResourceFileName,C:\ProgramData\Microsoft\Windows Defender\Definition Updates\StableEngineEtwLocation\mpengine_etw.dll,system,wevtutil.exe
"Sep 2, 2026 1:25:32 AM",RegistryValueSet,HKEY_LOCAL_MACHINE\SOFTWARE\Microsoft\Windows\CurrentVersion\WINEVT\Publishers\{68621c25-df8d-4a6b-aabc-19a22e296a7c},MessageFileName,C:\ProgramData\Microsoft\Windows Defender\Definition Updates\StableEngineEtwLocation\mpengine_etw.dll,system,wevtutil.exe
"Sep 2, 2026 1:25:32 AM",RegistryKeyCreated,HKEY_LOCAL_MACHINE\SOFTWARE\Microsoft\Windows\CurrentVersion\WINEVT\Publishers\{68621c25-df8d-4a6b-aabc-19a22e296a7c},,,system,wevtutil.exe
"Sep 2, 2026 1:25:32 AM",RegistryValueSet,HKEY_LOCAL_MACHINE\SOFTWARE\Microsoft\Windows\CurrentVersion\WINEVT\Publishers\{0a002690-3839-4e3a-b3b6-96d8df868d99},ResourceFileName,C:\ProgramData\Microsoft\Windows Defender\Definition Updates\StableEngineEtwLocation\mpengine_etw.dll,system,wevtutil.exe
"Sep 2, 2026 1:25:32 AM",RegistryValueSet,HKEY_LOCAL_MACHINE\SOFTWARE\Microsoft\Windows\CurrentVersion\WINEVT\Publishers\{0a002690-3839-4e3a-b3b6-96d8df868d99},,Microsoft-Antimalware-Engine,system,wevtutil.exe
"Sep 2, 2026 1:25:32 AM",RegistryKeyCreated,HKEY_LOCAL_MACHINE\SOFTWARE\Microsoft\Windows\CurrentVersion\WINEVT\Publishers\{0a002690-3839-4e3a-b3b6-96d8df868d99},,,system,wevtutil.exe
"Sep 2, 2026 1:25:32 AM",RegistryValueSet,HKEY_LOCAL_MACHINE\SOFTWARE\Microsoft\Windows\CurrentVersion\WINEVT\Publishers\{0a002690-3839-4e3a-b3b6-96d8df868d99},ParameterFileName,C:\ProgramData\Microsoft\Windows Defender\Definition Updates\StableEngineEtwLocation\mpengine_etw.dll,system,wevtutil.exe
"Sep 2, 2026 1:25:32 AM",RegistryValueSet,HKEY_LOCAL_MACHINE\SOFTWARE\Microsoft\Windows\CurrentVersion\WINEVT\Publishers\{0a002690-3839-4e3a-b3b6-96d8df868d99},MessageFileName,C:\ProgramData\Microsoft\Windows Defender\Definition Updates\StableEngineEtwLocation\mpengine_etw.dll,system,wevtutil.exe
"Sep 2, 2026 1:25:32 AM",RegistryKeyDeleted,,,,system,wevtutil.exe
"Sep 2, 2026 1:21:09 AM",RegistryKeyCreated,HKEY_LOCAL_MACHINE\BCD00000000\Objects\{a5a30fa2-3d06-4e9f-b5f4-a01df9d1fcba}\Elements\24000001,,,network service,wmiprvse.exe
"Sep 2, 2026 1:21:09 AM",RegistryKeyCreated,HKEY_LOCAL_MACHINE\BCD00000000\Objects\{a5a30fa2-3d06-4e9f-b5f4-a01df9d1fcba}\Elements\25000004,,,network service,wmiprvse.exe
"Sep 2, 2026 1:21:09 AM",RegistryKeyDeleted,,,,network service,wmiprvse.exe
"Sep 2, 2026 1:21:09 AM",RegistryKeyCreated,HKEY_LOCAL_MACHINE\BCD00000000\Objects\{a5a30fa2-3d06-4e9f-b5f4-a01df9d1fcba},,,network service,wmiprvse.exe
"Sep 2, 2026 1:21:09 AM",RegistryKeyDeleted,,,,network service,wmiprvse.exe
"Sep 2, 2026 1:21:09 AM",RegistryKeyCreated,HKEY_LOCAL_MACHINE\BCD00000000\Objects\{a5a30fa2-3d06-4e9f-b5f4-a01df9d1fcba}\Elements,,,network service,wmiprvse.exe
"Sep 2, 2026 1:21:09 AM",RegistryKeyDeleted,,,,network service,wmiprvse.exe
"Sep 2, 2026 1:21:09 AM",RegistryKeyDeleted,,,,network service,wmiprvse.exe
"Sep 2, 2026 1:21:09 AM",RegistryKeyDeleted,,,,network service,wmiprvse.exe
"Sep 2, 2026 1:21:09 AM",RegistryKeyCreated,HKEY_LOCAL_MACHINE\BCD00000000\Objects\{a5a30fa2-3d06-4e9f-b5f4-a01df9d1fcba}\Description,,,network service,wmiprvse.exe
"Sep 2, 2026 1:21:09 AM",RegistryKeyDeleted,,,,network service,wmiprvse.exe
"Sep 2, 2026 1:21:09 AM",RegistryKeyCreated,HKEY_LOCAL_MACHINE\BCD00000000\Objects\{0c5b8103-93d0-11f1-8f67-806e6f6e6963}\Elements\11000001,,,network service,wmiprvse.exe
"Sep 2, 2026 1:21:09 AM",RegistryKeyCreated,HKEY_LOCAL_MACHINE\BCD00000000\Objects\{9dea862c-5cdd-4e70-acc1-f32b344d4795}\Elements\12000002,,,network service,wmiprvse.exe
"Sep 2, 2026 1:21:09 AM",RegistryKeyDeleted,,,,network service,wmiprvse.exe
"Sep 2, 2026 1:21:09 AM",RegistryKeyCreated,HKEY_LOCAL_MACHINE\BCD00000000\Objects\{9dea862c-5cdd-4e70-acc1-f32b344d4795}\Elements\11000001,,,network service,wmiprvse.exe
"Sep 2, 2026 1:21:09 AM",RegistryKeyDeleted,,,,network service,wmiprvse.exe
"Sep 2, 2026 1:21:09 AM",RegistryKeyCreated,HKEY_LOCAL_MACHINE\BCD00000000\Objects\{a5a30fa2-3d06-4e9f-b5f4-a01df9d1fcba}\Elements\25000004,,,network service,wmiprvse.exe
"Sep 2, 2026 1:21:09 AM",RegistryKeyDeleted,,,,network service,wmiprvse.exe
"Sep 2, 2026 1:21:09 AM",RegistryKeyCreated,HKEY_LOCAL_MACHINE\BCD00000000\Objects\{a5a30fa2-3d06-4e9f-b5f4-a01df9d1fcba},,,network service,wmiprvse.exe
"Sep 2, 2026 1:21:09 AM",RegistryKeyDeleted,,,,network service,wmiprvse.exe
"Sep 2, 2026 1:21:09 AM",RegistryKeyDeleted,,,,network service,wmiprvse.exe
"Sep 2, 2026 1:21:09 AM",RegistryKeyCreated,HKEY_LOCAL_MACHINE\BCD00000000\Objects\{a5a30fa2-3d06-4e9f-b5f4-a01df9d1fcba}\Description,,,network service,wmiprvse.exe
"Sep 2, 2026 1:21:09 AM",RegistryKeyCreated,HKEY_LOCAL_MACHINE\BCD00000000\Objects\{a5a30fa2-3d06-4e9f-b5f4-a01df9d1fcba}\Elements\24000001,,,network service,wmiprvse.exe
"Sep 2, 2026 1:21:09 AM",RegistryKeyCreated,HKEY_LOCAL_MACHINE\BCD00000000\Objects\{a5a30fa2-3d06-4e9f-b5f4-a01df9d1fcba}\Elements,,,network service,wmiprvse.exe
"Sep 2, 2026 1:21:09 AM",RegistryKeyDeleted,,,,network service,wmiprvse.exe
"Sep 2, 2026 1:21:09 AM",RegistryKeyDeleted,,,,network service,wmiprvse.exe
"Sep 2, 2026 1:21:09 AM",RegistryKeyCreated,HKEY_LOCAL_MACHINE\BCD00000000\Objects\{0c5b8103-93d0-11f1-8f67-806e6f6e6963}\Elements\11000001,,,network service,wmiprvse.exe
"Sep 2, 2026 1:21:09 AM",RegistryKeyCreated,HKEY_LOCAL_MACHINE\BCD00000000\Objects\{9dea862c-5cdd-4e70-acc1-f32b344d4795}\Elements\12000002,,,network service,wmiprvse.exe
"Sep 2, 2026 1:21:09 AM",RegistryKeyDeleted,,,,network service,wmiprvse.exe
"Sep 2, 2026 1:21:09 AM",RegistryKeyDeleted,,,,network service,wmiprvse.exe
"Sep 2, 2026 1:21:09 AM",RegistryKeyCreated,HKEY_LOCAL_MACHINE\BCD00000000\Objects\{9dea862c-5cdd-4e70-acc1-f32b344d4795}\Elements\11000001,,,network service,wmiprvse.exe
"Sep 2, 2026 1:21:09 AM",RegistryKeyDeleted,,,,network service,wmiprvse.exe
"Sep 2, 2026 1:21:08 AM",RegistryKeyCreated,HKEY_LOCAL_MACHINE\BCD00000000\Objects\{a5a30fa2-3d06-4e9f-b5f4-a01df9d1fcba}\Elements\25000004,,,network service,wmiprvse.exe
"Sep 2, 2026 1:21:08 AM",RegistryKeyDeleted,,,,network service,wmiprvse.exe
"Sep 2, 2026 1:21:08 AM",RegistryKeyDeleted,,,,network service,wmiprvse.exe
"Sep 2, 2026 1:21:08 AM",RegistryKeyDeleted,,,,network service,wmiprvse.exe
"Sep 2, 2026 1:21:08 AM",RegistryKeyDeleted,,,,network service,wmiprvse.exe
"Sep 2, 2026 1:21:08 AM",RegistryKeyCreated,HKEY_LOCAL_MACHINE\BCD00000000\Objects\{a5a30fa2-3d06-4e9f-b5f4-a01df9d1fcba}\Description,,,network service,wmiprvse.exe
"Sep 2, 2026 1:21:08 AM",RegistryKeyCreated,HKEY_LOCAL_MACHINE\BCD00000000\Objects\{a5a30fa2-3d06-4e9f-b5f4-a01df9d1fcba},,,network service,wmiprvse.exe
"Sep 2, 2026 1:21:08 AM",RegistryKeyDeleted,,,,network service,wmiprvse.exe
"Sep 2, 2026 1:21:08 AM",RegistryKeyCreated,HKEY_LOCAL_MACHINE\BCD00000000\Objects\{a5a30fa2-3d06-4e9f-b5f4-a01df9d1fcba}\Elements,,,network service,wmiprvse.exe
"Sep 2, 2026 1:21:08 AM",RegistryKeyCreated,HKEY_LOCAL_MACHINE\BCD00000000\Objects\{a5a30fa2-3d06-4e9f-b5f4-a01df9d1fcba}\Elements\24000001,,,network service,wmiprvse.exe
"Sep 2, 2026 1:21:08 AM",RegistryKeyDeleted,,,,network service,wmiprvse.exe
"Sep 2, 2026 1:21:08 AM",RegistryKeyCreated,HKEY_LOCAL_MACHINE\BCD00000000\Objects\{9dea862c-5cdd-4e70-acc1-f32b344d4795}\Elements\12000002,,,network service,wmiprvse.exe
"Sep 2, 2026 1:21:08 AM",RegistryKeyCreated,HKEY_LOCAL_MACHINE\BCD00000000\Objects\{0c5b8103-93d0-11f1-8f67-806e6f6e6963}\Elements\11000001,,,network service,wmiprvse.exe
"Sep 2, 2026 1:21:08 AM",RegistryKeyDeleted,,,,network service,wmiprvse.exe
"Sep 2, 2026 1:21:08 AM",RegistryKeyCreated,HKEY_LOCAL_MACHINE\BCD00000000\Objects\{9dea862c-5cdd-4e70-acc1-f32b344d4795}\Elements\11000001,,,network service,wmiprvse.exe
"Sep 2, 2026 1:21:08 AM",RegistryKeyDeleted,,,,network service,wmiprvse.exe
"Sep 2, 2026 12:20:58 AM",RegistryKeyCreated,HKEY_LOCAL_MACHINE\BCD00000000\Objects\{a5a30fa2-3d06-4e9f-b5f4-a01df9d1fcba}\Elements\25000004,,,network service,wmiprvse.exe
"Sep 2, 2026 12:20:58 AM",RegistryKeyCreated,HKEY_LOCAL_MACHINE\BCD00000000\Objects\{a5a30fa2-3d06-4e9f-b5f4-a01df9d1fcba}\Elements\24000001,,,network service,wmiprvse.exe
"Sep 2, 2026 12:20:58 AM",RegistryKeyDeleted,,,,network service,wmiprvse.exe
"Sep 2, 2026 12:20:58 AM",RegistryKeyDeleted,,,,network service,wmiprvse.exe
"Sep 2, 2026 12:20:58 AM",RegistryKeyDeleted,,,,network service,wmiprvse.exe
"Sep 2, 2026 12:20:58 AM",RegistryKeyDeleted,,,,network service,wmiprvse.exe
"Sep 2, 2026 12:20:58 AM",RegistryKeyCreated,HKEY_LOCAL_MACHINE\BCD00000000\Objects\{a5a30fa2-3d06-4e9f-b5f4-a01df9d1fcba}\Elements,,,network service,wmiprvse.exe
"Sep 2, 2026 12:20:58 AM",RegistryKeyDeleted,,,,network service,wmiprvse.exe
"Sep 2, 2026 12:20:58 AM",RegistryKeyCreated,HKEY_LOCAL_MACHINE\BCD00000000\Objects\{a5a30fa2-3d06-4e9f-b5f4-a01df9d1fcba}\Description,,,network service,wmiprvse.exe
"Sep 2, 2026 12:20:58 AM",RegistryKeyCreated,HKEY_LOCAL_MACHINE\BCD00000000\Objects\{a5a30fa2-3d06-4e9f-b5f4-a01df9d1fcba},,,network service,wmiprvse.exe
"Sep 2, 2026 12:20:58 AM",RegistryKeyDeleted,,,,network service,wmiprvse.exe
"Sep 2, 2026 12:20:58 AM",RegistryKeyCreated,HKEY_LOCAL_MACHINE\BCD00000000\Objects\{9dea862c-5cdd-4e70-acc1-f32b344d4795}\Elements\12000002,,,network service,wmiprvse.exe
"Sep 2, 2026 12:20:58 AM",RegistryKeyCreated,HKEY_LOCAL_MACHINE\BCD00000000\Objects\{0c5b8103-93d0-11f1-8f67-806e6f6e6963}\Elements\11000001,,,network service,wmiprvse.exe
"Sep 2, 2026 12:20:58 AM",RegistryKeyCreated,HKEY_LOCAL_MACHINE\BCD00000000\Objects\{9dea862c-5cdd-4e70-acc1-f32b344d4795}\Elements\11000001,,,network service,wmiprvse.exe
"Sep 2, 2026 12:20:58 AM",RegistryKeyDeleted,,,,network service,wmiprvse.exe
"Sep 2, 2026 12:20:58 AM",RegistryKeyDeleted,,,,network service,wmiprvse.exe
"Sep 2, 2026 12:20:58 AM",RegistryKeyCreated,HKEY_LOCAL_MACHINE\BCD00000000\Objects\{a5a30fa2-3d06-4e9f-b5f4-a01df9d1fcba}\Elements\25000004,,,network service,wmiprvse.exe
"Sep 2, 2026 12:20:58 AM",RegistryKeyDeleted,,,,network service,wmiprvse.exe
"Sep 2, 2026 12:20:58 AM",RegistryKeyCreated,HKEY_LOCAL_MACHINE\BCD00000000\Objects\{a5a30fa2-3d06-4e9f-b5f4-a01df9d1fcba},,,network service,wmiprvse.exe
"Sep 2, 2026 12:20:58 AM",RegistryKeyDeleted,,,,network service,wmiprvse.exe
"Sep 2, 2026 12:20:58 AM",RegistryKeyDeleted,,,,network service,wmiprvse.exe
"Sep 2, 2026 12:20:58 AM",RegistryKeyCreated,HKEY_LOCAL_MACHINE\BCD00000000\Objects\{a5a30fa2-3d06-4e9f-b5f4-a01df9d1fcba}\Description,,,network service,wmiprvse.exe
"Sep 2, 2026 12:20:58 AM",RegistryKeyCreated,HKEY_LOCAL_MACHINE\BCD00000000\Objects\{a5a30fa2-3d06-4e9f-b5f4-a01df9d1fcba}\Elements,,,network service,wmiprvse.exe
"Sep 2, 2026 12:20:58 AM",RegistryKeyCreated,HKEY_LOCAL_MACHINE\BCD00000000\Objects\{a5a30fa2-3d06-4e9f-b5f4-a01df9d1fcba}\Elements\24000001,,,network service,wmiprvse.exe
"Sep 2, 2026 12:20:58 AM",RegistryKeyDeleted,,,,network service,wmiprvse.exe
"Sep 2, 2026 12:20:58 AM",RegistryKeyDeleted,,,,network service,wmiprvse.exe
"Sep 2, 2026 12:20:58 AM",RegistryKeyCreated,HKEY_LOCAL_MACHINE\BCD00000000\Objects\{0c5b8103-93d0-11f1-8f67-806e6f6e6963}\Elements\11000001,,,network service,wmiprvse.exe
"Sep 2, 2026 12:20:58 AM",RegistryKeyCreated,HKEY_LOCAL_MACHINE\BCD00000000\Objects\{9dea862c-5cdd-4e70-acc1-f32b344d4795}\Elements\12000002,,,network service,wmiprvse.exe
"Sep 2, 2026 12:20:58 AM",RegistryKeyDeleted,,,,network service,wmiprvse.exe
"Sep 2, 2026 12:20:58 AM",RegistryKeyCreated,HKEY_LOCAL_MACHINE\BCD00000000\Objects\{9dea862c-5cdd-4e70-acc1-f32b344d4795}\Elements\11000001,,,network service,wmiprvse.exe
"Sep 2, 2026 12:20:58 AM",RegistryKeyDeleted,,,,network service,wmiprvse.exe
"Sep 2, 2026 12:20:58 AM",RegistryKeyDeleted,,,,network service,wmiprvse.exe
"Sep 2, 2026 12:20:57 AM",RegistryKeyCreated,HKEY_LOCAL_MACHINE\BCD00000000\Objects\{a5a30fa2-3d06-4e9f-b5f4-a01df9d1fcba}\Elements\25000004,,,network service,wmiprvse.exe
"Sep 2, 2026 12:20:57 AM",RegistryKeyCreated,HKEY_LOCAL_MACHINE\BCD00000000\Objects\{a5a30fa2-3d06-4e9f-b5f4-a01df9d1fcba}\Description,,,network service,wmiprvse.exe
"Sep 2, 2026 12:20:57 AM",RegistryKeyCreated,HKEY_LOCAL_MACHINE\BCD00000000\Objects\{a5a30fa2-3d06-4e9f-b5f4-a01df9d1fcba},,,network service,wmiprvse.exe
"Sep 2, 2026 12:20:57 AM",RegistryKeyCreated,HKEY_LOCAL_MACHINE\BCD00000000\Objects\{a5a30fa2-3d06-4e9f-b5f4-a01df9d1fcba}\Elements\24000001,,,network service,wmiprvse.exe
"Sep 2, 2026 12:20:57 AM",RegistryKeyCreated,HKEY_LOCAL_MACHINE\BCD00000000\Objects\{a5a30fa2-3d06-4e9f-b5f4-a01df9d1fcba}\Elements,,,network service,wmiprvse.exe
"Sep 2, 2026 12:20:57 AM",RegistryKeyDeleted,,,,network service,wmiprvse.exe
"Sep 2, 2026 12:20:57 AM",RegistryKeyDeleted,,,,network service,wmiprvse.exe
"Sep 2, 2026 12:20:57 AM",RegistryKeyDeleted,,,,network service,wmiprvse.exe
"Sep 2, 2026 12:20:57 AM",RegistryKeyDeleted,,,,network service,wmiprvse.exe
"Sep 2, 2026 12:20:57 AM",RegistryKeyDeleted,,,,network service,wmiprvse.exe
"Sep 2, 2026 12:20:57 AM",RegistryKeyDeleted,,,,network service,wmiprvse.exe
"Sep 2, 2026 12:20:57 AM",RegistryKeyCreated,HKEY_LOCAL_MACHINE\BCD00000000\Objects\{0c5b8103-93d0-11f1-8f67-806e6f6e6963}\Elements\11000001,,,network service,wmiprvse.exe
"Sep 2, 2026 12:20:57 AM",RegistryKeyCreated,HKEY_LOCAL_MACHINE\BCD00000000\Objects\{9dea862c-5cdd-4e70-acc1-f32b344d4795}\Elements\11000001,,,network service,wmiprvse.exe
"Sep 2, 2026 12:20:57 AM",RegistryKeyCreated,HKEY_LOCAL_MACHINE\BCD00000000\Objects\{9dea862c-5cdd-4e70-acc1-f32b344d4795}\Elements\12000002,,,network service,wmiprvse.exe
"Sep 2, 2026 12:20:57 AM",RegistryKeyDeleted,,,,network service,wmiprvse.exe
"Sep 2, 2026 12:20:57 AM",RegistryKeyDeleted,,,,network service,wmiprvse.exe
"Sep 1, 2026 11:20:48 PM",RegistryKeyCreated,HKEY_LOCAL_MACHINE\BCD00000000\Objects\{a5a30fa2-3d06-4e9f-b5f4-a01df9d1fcba}\Elements\25000004,,,network service,wmiprvse.exe
"Sep 1, 2026 11:20:48 PM",RegistryKeyDeleted,,,,network service,wmiprvse.exe
"Sep 1, 2026 11:20:48 PM",RegistryKeyDeleted,,,,network service,wmiprvse.exe
"Sep 1, 2026 11:20:48 PM",RegistryKeyDeleted,,,,network service,wmiprvse.exe
"Sep 1, 2026 11:20:48 PM",RegistryKeyCreated,HKEY_LOCAL_MACHINE\BCD00000000\Objects\{a5a30fa2-3d06-4e9f-b5f4-a01df9d1fcba}\Description,,,network service,wmiprvse.exe
"Sep 1, 2026 11:20:48 PM",RegistryKeyDeleted,,,,network service,wmiprvse.exe
"Sep 1, 2026 11:20:48 PM",RegistryKeyDeleted,,,,network service,wmiprvse.exe
"Sep 1, 2026 11:20:48 PM",RegistryKeyCreated,HKEY_LOCAL_MACHINE\BCD00000000\Objects\{a5a30fa2-3d06-4e9f-b5f4-a01df9d1fcba}\Elements\24000001,,,network service,wmiprvse.exe
"Sep 1, 2026 11:20:48 PM",RegistryKeyCreated,HKEY_LOCAL_MACHINE\BCD00000000\Objects\{a5a30fa2-3d06-4e9f-b5f4-a01df9d1fcba},,,network service,wmiprvse.exe
"Sep 1, 2026 11:20:48 PM",RegistryKeyCreated,HKEY_LOCAL_MACHINE\BCD00000000\Objects\{a5a30fa2-3d06-4e9f-b5f4-a01df9d1fcba}\Elements,,,network service,wmiprvse.exe
"Sep 1, 2026 11:20:48 PM",RegistryKeyDeleted,,,,network service,wmiprvse.exe
"Sep 1, 2026 11:20:48 PM",RegistryKeyCreated,HKEY_LOCAL_MACHINE\BCD00000000\Objects\{0c5b8103-93d0-11f1-8f67-806e6f6e6963}\Elements\11000001,,,network service,wmiprvse.exe
"Sep 1, 2026 11:20:48 PM",RegistryKeyCreated,HKEY_LOCAL_MACHINE\BCD00000000\Objects\{9dea862c-5cdd-4e70-acc1-f32b344d4795}\Elements\12000002,,,network service,wmiprvse.exe
"Sep 1, 2026 11:20:48 PM",RegistryKeyDeleted,,,,network service,wmiprvse.exe
"Sep 1, 2026 11:20:48 PM",RegistryKeyCreated,HKEY_LOCAL_MACHINE\BCD00000000\Objects\{9dea862c-5cdd-4e70-acc1-f32b344d4795}\Elements\11000001,,,network service,wmiprvse.exe
"Sep 1, 2026 11:20:48 PM",RegistryKeyDeleted,,,,network service,wmiprvse.exe
"Sep 1, 2026 11:20:48 PM",RegistryKeyCreated,HKEY_LOCAL_MACHINE\BCD00000000\Objects\{a5a30fa2-3d06-4e9f-b5f4-a01df9d1fcba}\Elements\25000004,,,network service,wmiprvse.exe
"Sep 1, 2026 11:20:48 PM",RegistryKeyCreated,HKEY_LOCAL_MACHINE\BCD00000000\Objects\{a5a30fa2-3d06-4e9f-b5f4-a01df9d1fcba}\Description,,,network service,wmiprvse.exe
"Sep 1, 2026 11:20:48 PM",RegistryKeyCreated,HKEY_LOCAL_MACHINE\BCD00000000\Objects\{a5a30fa2-3d06-4e9f-b5f4-a01df9d1fcba}\Elements\24000001,,,network service,wmiprvse.exe
"Sep 1, 2026 11:20:48 PM",RegistryKeyCreated,HKEY_LOCAL_MACHINE\BCD00000000\Objects\{a5a30fa2-3d06-4e9f-b5f4-a01df9d1fcba},,,network service,wmiprvse.exe
"Sep 1, 2026 11:20:48 PM",RegistryKeyCreated,HKEY_LOCAL_MACHINE\BCD00000000\Objects\{a5a30fa2-3d06-4e9f-b5f4-a01df9d1fcba}\Elements,,,network service,wmiprvse.exe
"Sep 1, 2026 11:20:48 PM",RegistryKeyDeleted,,,,network service,wmiprvse.exe
"Sep 1, 2026 11:20:48 PM",RegistryKeyDeleted,,,,network service,wmiprvse.exe
"Sep 1, 2026 11:20:48 PM",RegistryKeyDeleted,,,,network service,wmiprvse.exe
"Sep 1, 2026 11:20:48 PM",RegistryKeyDeleted,,,,network service,wmiprvse.exe
"Sep 1, 2026 11:20:48 PM",RegistryKeyDeleted,,,,network service,wmiprvse.exe
"Sep 1, 2026 11:20:48 PM",RegistryKeyDeleted,,,,network service,wmiprvse.exe
"Sep 1, 2026 11:20:48 PM",RegistryKeyCreated,HKEY_LOCAL_MACHINE\BCD00000000\Objects\{0c5b8103-93d0-11f1-8f67-806e6f6e6963}\Elements\11000001,,,network service,wmiprvse.exe
"Sep 1, 2026 11:20:48 PM",RegistryKeyCreated,HKEY_LOCAL_MACHINE\BCD00000000\Objects\{9dea862c-5cdd-4e70-acc1-f32b344d4795}\Elements\11000001,,,network service,wmiprvse.exe
"Sep 1, 2026 11:20:48 PM",RegistryKeyDeleted,,,,network service,wmiprvse.exe
"Sep 1, 2026 11:20:48 PM",RegistryKeyCreated,HKEY_LOCAL_MACHINE\BCD00000000\Objects\{9dea862c-5cdd-4e70-acc1-f32b344d4795}\Elements\12000002,,,network service,wmiprvse.exe
"Sep 1, 2026 11:20:48 PM",RegistryKeyDeleted,,,,network service,wmiprvse.exe
"Sep 1, 2026 11:20:47 PM",RegistryKeyCreated,HKEY_LOCAL_MACHINE\BCD00000000\Objects\{a5a30fa2-3d06-4e9f-b5f4-a01df9d1fcba}\Elements\25000004,,,network service,wmiprvse.exe
"Sep 1, 2026 11:20:47 PM",RegistryKeyCreated,HKEY_LOCAL_MACHINE\BCD00000000\Objects\{a5a30fa2-3d06-4e9f-b5f4-a01df9d1fcba}\Elements,,,network service,wmiprvse.exe
"Sep 1, 2026 11:20:47 PM",RegistryKeyDeleted,,,,network service,wmiprvse.exe
"Sep 1, 2026 11:20:47 PM",RegistryKeyDeleted,,,,network service,wmiprvse.exe
"Sep 1, 2026 11:20:47 PM",RegistryKeyCreated,HKEY_LOCAL_MACHINE\BCD00000000\Objects\{a5a30fa2-3d06-4e9f-b5f4-a01df9d1fcba}\Description,,,network service,wmiprvse.exe
"Sep 1, 2026 11:20:47 PM",RegistryKeyCreated,HKEY_LOCAL_MACHINE\BCD00000000\Objects\{a5a30fa2-3d06-4e9f-b5f4-a01df9d1fcba},,,network service,wmiprvse.exe
"Sep 1, 2026 11:20:47 PM",RegistryKeyCreated,HKEY_LOCAL_MACHINE\BCD00000000\Objects\{a5a30fa2-3d06-4e9f-b5f4-a01df9d1fcba}\Elements\24000001,,,network service,wmiprvse.exe
"Sep 1, 2026 11:20:47 PM",RegistryKeyDeleted,,,,network service,wmiprvse.exe
"Sep 1, 2026 11:20:47 PM",RegistryKeyDeleted,,,,network service,wmiprvse.exe
"Sep 1, 2026 11:20:47 PM",RegistryKeyDeleted,,,,network service,wmiprvse.exe
"Sep 1, 2026 11:20:47 PM",RegistryKeyCreated,HKEY_LOCAL_MACHINE\BCD00000000\Objects\{0c5b8103-93d0-11f1-8f67-806e6f6e6963}\Elements\11000001,,,network service,wmiprvse.exe
"Sep 1, 2026 11:20:47 PM",RegistryKeyDeleted,,,,network service,wmiprvse.exe
"Sep 1, 2026 11:20:47 PM",RegistryKeyDeleted,,,,network service,wmiprvse.exe
"Sep 1, 2026 11:20:47 PM",RegistryKeyCreated,HKEY_LOCAL_MACHINE\BCD00000000\Objects\{9dea862c-5cdd-4e70-acc1-f32b344d4795}\Elements\12000002,,,network service,wmiprvse.exe
"Sep 1, 2026 11:20:47 PM",RegistryKeyCreated,HKEY_LOCAL_MACHINE\BCD00000000\Objects\{9dea862c-5cdd-4e70-acc1-f32b344d4795}\Elements\11000001,,,network service,wmiprvse.exe
"Sep 1, 2026 11:20:47 PM",RegistryKeyDeleted,,,,network service,wmiprvse.exe
"Sep 1, 2026 10:20:37 PM",RegistryKeyCreated,HKEY_LOCAL_MACHINE\BCD00000000\Objects\{a5a30fa2-3d06-4e9f-b5f4-a01df9d1fcba}\Elements\25000004,,,network service,wmiprvse.exe
"Sep 1, 2026 10:20:37 PM",RegistryKeyDeleted,,,,network service,wmiprvse.exe
"Sep 1, 2026 10:20:37 PM",RegistryKeyDeleted,,,,network service,wmiprvse.exe
"Sep 1, 2026 10:20:37 PM",RegistryKeyDeleted,,,,network service,wmiprvse.exe
"Sep 1, 2026 10:20:37 PM",RegistryKeyCreated,HKEY_LOCAL_MACHINE\BCD00000000\Objects\{a5a30fa2-3d06-4e9f-b5f4-a01df9d1fcba}\Elements,,,network service,wmiprvse.exe
"Sep 1, 2026 10:20:37 PM",RegistryKeyDeleted,,,,network service,wmiprvse.exe
"Sep 1, 2026 10:20:37 PM",RegistryKeyCreated,HKEY_LOCAL_MACHINE\BCD00000000\Objects\{a5a30fa2-3d06-4e9f-b5f4-a01df9d1fcba}\Description,,,network service,wmiprvse.exe
"Sep 1, 2026 10:20:37 PM",RegistryKeyDeleted,,,,network service,wmiprvse.exe
"Sep 1, 2026 10:20:37 PM",RegistryKeyCreated,HKEY_LOCAL_MACHINE\BCD00000000\Objects\{a5a30fa2-3d06-4e9f-b5f4-a01df9d1fcba},,,network service,wmiprvse.exe
"Sep 1, 2026 10:20:37 PM",RegistryKeyCreated,HKEY_LOCAL_MACHINE\BCD00000000\Objects\{a5a30fa2-3d06-4e9f-b5f4-a01df9d1fcba}\Elements\24000001,,,network service,wmiprvse.exe
"Sep 1, 2026 10:20:37 PM",RegistryKeyCreated,HKEY_LOCAL_MACHINE\BCD00000000\Objects\{0c5b8103-93d0-11f1-8f67-806e6f6e6963}\Elements\11000001,,,network service,wmiprvse.exe
"Sep 1, 2026 10:20:37 PM",RegistryKeyDeleted,,,,network service,wmiprvse.exe
"Sep 1, 2026 10:20:37 PM",RegistryKeyCreated,HKEY_LOCAL_MACHINE\BCD00000000\Objects\{9dea862c-5cdd-4e70-acc1-f32b344d4795}\Elements\11000001,,,network service,wmiprvse.exe
"Sep 1, 2026 10:20:37 PM",RegistryKeyDeleted,,,,network service,wmiprvse.exe
"Sep 1, 2026 10:20:37 PM",RegistryKeyCreated,HKEY_LOCAL_MACHINE\BCD00000000\Objects\{9dea862c-5cdd-4e70-acc1-f32b344d4795}\Elements\12000002,,,network service,wmiprvse.exe
"Sep 1, 2026 10:20:37 PM",RegistryKeyDeleted,,,,network service,wmiprvse.exe
"Sep 1, 2026 10:20:37 PM",RegistryKeyCreated,HKEY_LOCAL_MACHINE\BCD00000000\Objects\{a5a30fa2-3d06-4e9f-b5f4-a01df9d1fcba}\Elements\25000004,,,network service,wmiprvse.exe
"Sep 1, 2026 10:20:37 PM",RegistryKeyCreated,HKEY_LOCAL_MACHINE\BCD00000000\Objects\{a5a30fa2-3d06-4e9f-b5f4-a01df9d1fcba}\Elements,,,network service,wmiprvse.exe
"Sep 1, 2026 10:20:37 PM",RegistryKeyCreated,HKEY_LOCAL_MACHINE\BCD00000000\Objects\{a5a30fa2-3d06-4e9f-b5f4-a01df9d1fcba}\Elements\24000001,,,network service,wmiprvse.exe
"Sep 1, 2026 10:20:37 PM",RegistryKeyCreated,HKEY_LOCAL_MACHINE\BCD00000000\Objects\{a5a30fa2-3d06-4e9f-b5f4-a01df9d1fcba}\Description,,,network service,wmiprvse.exe
"Sep 1, 2026 10:20:37 PM",RegistryKeyDeleted,,,,network service,wmiprvse.exe
"Sep 1, 2026 10:20:37 PM",RegistryKeyCreated,HKEY_LOCAL_MACHINE\BCD00000000\Objects\{a5a30fa2-3d06-4e9f-b5f4-a01df9d1fcba},,,network service,wmiprvse.exe
"Sep 1, 2026 10:20:37 PM",RegistryKeyDeleted,,,,network service,wmiprvse.exe
"Sep 1, 2026 10:20:37 PM",RegistryKeyDeleted,,,,network service,wmiprvse.exe
"Sep 1, 2026 10:20:37 PM",RegistryKeyDeleted,,,,network service,wmiprvse.exe
"Sep 1, 2026 10:20:37 PM",RegistryKeyDeleted,,,,network service,wmiprvse.exe
"Sep 1, 2026 10:20:37 PM",RegistryKeyCreated,HKEY_LOCAL_MACHINE\BCD00000000\Objects\{0c5b8103-93d0-11f1-8f67-806e6f6e6963}\Elements\11000001,,,network service,wmiprvse.exe
"Sep 1, 2026 10:20:37 PM",RegistryKeyDeleted,,,,network service,wmiprvse.exe
"Sep 1, 2026 10:20:37 PM",RegistryKeyDeleted,,,,network service,wmiprvse.exe
"Sep 1, 2026 10:20:37 PM",RegistryKeyCreated,HKEY_LOCAL_MACHINE\BCD00000000\Objects\{9dea862c-5cdd-4e70-acc1-f32b344d4795}\Elements\12000002,,,network service,wmiprvse.exe
"Sep 1, 2026 10:20:37 PM",RegistryKeyCreated,HKEY_LOCAL_MACHINE\BCD00000000\Objects\{9dea862c-5cdd-4e70-acc1-f32b344d4795}\Elements\11000001,,,network service,wmiprvse.exe
"Sep 1, 2026 10:20:37 PM",RegistryKeyDeleted,,,,network service,wmiprvse.exe
"Sep 1, 2026 10:20:36 PM",RegistryKeyCreated,HKEY_LOCAL_MACHINE\BCD00000000\Objects\{a5a30fa2-3d06-4e9f-b5f4-a01df9d1fcba}\Elements\25000004,,,network service,wmiprvse.exe
"Sep 1, 2026 10:20:36 PM",RegistryKeyCreated,HKEY_LOCAL_MACHINE\BCD00000000\Objects\{a5a30fa2-3d06-4e9f-b5f4-a01df9d1fcba},,,network service,wmiprvse.exe
"Sep 1, 2026 10:20:36 PM",RegistryKeyDeleted,,,,network service,wmiprvse.exe
"Sep 1, 2026 10:20:36 PM",RegistryKeyCreated,HKEY_LOCAL_MACHINE\BCD00000000\Objects\{a5a30fa2-3d06-4e9f-b5f4-a01df9d1fcba}\Elements,,,network service,wmiprvse.exe
"Sep 1, 2026 10:20:36 PM",RegistryKeyCreated,HKEY_LOCAL_MACHINE\BCD00000000\Objects\{a5a30fa2-3d06-4e9f-b5f4-a01df9d1fcba}\Description,,,network service,wmiprvse.exe
"Sep 1, 2026 10:20:36 PM",RegistryKeyDeleted,,,,network service,wmiprvse.exe
"Sep 1, 2026 10:20:36 PM",RegistryKeyDeleted,,,,network service,wmiprvse.exe
"Sep 1, 2026 10:20:36 PM",RegistryKeyCreated,HKEY_LOCAL_MACHINE\BCD00000000\Objects\{a5a30fa2-3d06-4e9f-b5f4-a01df9d1fcba}\Elements\24000001,,,network service,wmiprvse.exe
"Sep 1, 2026 10:20:36 PM",RegistryKeyDeleted,,,,network service,wmiprvse.exe
"Sep 1, 2026 10:20:36 PM",RegistryKeyDeleted,,,,network service,wmiprvse.exe
"Sep 1, 2026 10:20:36 PM",RegistryKeyDeleted,,,,network service,wmiprvse.exe
"Sep 1, 2026 10:20:36 PM",RegistryKeyCreated,HKEY_LOCAL_MACHINE\BCD00000000\Objects\{0c5b8103-93d0-11f1-8f67-806e6f6e6963}\Elements\11000001,,,network service,wmiprvse.exe
"Sep 1, 2026 10:20:36 PM",RegistryKeyDeleted,,,,network service,wmiprvse.exe
"Sep 1, 2026 10:20:36 PM",RegistryKeyCreated,HKEY_LOCAL_MACHINE\BCD00000000\Objects\{9dea862c-5cdd-4e70-acc1-f32b344d4795}\Elements\11000001,,,network service,wmiprvse.exe
"Sep 1, 2026 10:20:36 PM",RegistryKeyCreated,HKEY_LOCAL_MACHINE\BCD00000000\Objects\{9dea862c-5cdd-4e70-acc1-f32b344d4795}\Elements\12000002,,,network service,wmiprvse.exe
"Sep 1, 2026 10:20:36 PM",RegistryKeyDeleted,,,,network service,wmiprvse.exe
"Sep 1, 2026 9:51:23 PM",RegistryValueDeleted,,,,system,mssense.exe
"Sep 1, 2026 9:51:13 PM",RegistryValueDeleted,,,,system,mssense.exe
"Sep 1, 2026 9:50:55 PM",RegistryValueSet,HKEY_CURRENT_USER\S-1-5-21-1182323251-63060258-113523888-500\Software\Microsoft\Windows\CurrentVersion\Run,MicrosoftEdgeAutoLaunch_7C23D10DF097445B7670C59CA8E5FDC5,"""C:\Program Files (x86)\Microsoft\Edge\Application\msedge.exe"" --no-startup-window --win-session-start",mac,msedge.exe
"Sep 1, 2026 9:50:55 PM",RegistryValueDeleted,,,,mac,msedge.exe
"Sep 1, 2026 9:40:34 PM",RegistryValueDeleted,,,,system,mssense.exe
"Sep 1, 2026 9:40:24 PM",RegistryValueDeleted,,,,system,mssense.exe
"Sep 1, 2026 9:32:10 PM",RegistryValueSet,HKEY_LOCAL_MACHINE\SOFTWARE\Policies\Microsoft\Windows\DataCollection,LastUpdate,55a67dde-c22d-4f57-b9b7-f6900c4f4bca,system,powershell.exe
"Sep 1, 2026 9:28:50 PM",RegistryValueDeleted,,,,system,mssense.exe
"Sep 1, 2026 9:28:40 PM",RegistryValueDeleted,,,,system,mssense.exe
"Sep 1, 2026 9:20:27 PM",RegistryKeyCreated,HKEY_LOCAL_MACHINE\BCD00000000\Objects\{a5a30fa2-3d06-4e9f-b5f4-a01df9d1fcba}\Elements\25000004,,,network service,wmiprvse.exe
"Sep 1, 2026 9:20:27 PM",RegistryKeyDeleted,,,,network service,wmiprvse.exe
"Sep 1, 2026 9:20:27 PM",RegistryKeyDeleted,,,,network service,wmiprvse.exe
"Sep 1, 2026 9:20:27 PM",RegistryKeyDeleted,,,,network service,wmiprvse.exe
"Sep 1, 2026 9:20:27 PM",RegistryKeyDeleted,,,,network service,wmiprvse.exe
"Sep 1, 2026 9:20:27 PM",RegistryKeyCreated,HKEY_LOCAL_MACHINE\BCD00000000\Objects\{a5a30fa2-3d06-4e9f-b5f4-a01df9d1fcba},,,network service,wmiprvse.exe
"Sep 1, 2026 9:20:27 PM",RegistryKeyCreated,HKEY_LOCAL_MACHINE\BCD00000000\Objects\{a5a30fa2-3d06-4e9f-b5f4-a01df9d1fcba}\Description,,,network service,wmiprvse.exe
"Sep 1, 2026 9:20:27 PM",RegistryKeyCreated,HKEY_LOCAL_MACHINE\BCD00000000\Objects\{a5a30fa2-3d06-4e9f-b5f4-a01df9d1fcba}\Elements,,,network service,wmiprvse.exe
"Sep 1, 2026 9:20:27 PM",RegistryKeyCreated,HKEY_LOCAL_MACHINE\BCD00000000\Objects\{a5a30fa2-3d06-4e9f-b5f4-a01df9d1fcba}\Elements\24000001,,,network service,wmiprvse.exe
"Sep 1, 2026 9:20:27 PM",RegistryKeyDeleted,,,,network service,wmiprvse.exe
"Sep 1, 2026 9:20:27 PM",RegistryKeyCreated,HKEY_LOCAL_MACHINE\BCD00000000\Objects\{0c5b8103-93d0-11f1-8f67-806e6f6e6963}\Elements\11000001,,,network service,wmiprvse.exe
"Sep 1, 2026 9:20:27 PM",RegistryKeyDeleted,,,,network service,wmiprvse.exe
"Sep 1, 2026 9:20:27 PM",RegistryKeyCreated,HKEY_LOCAL_MACHINE\BCD00000000\Objects\{9dea862c-5cdd-4e70-acc1-f32b344d4795}\Elements\12000002,,,network service,wmiprvse.exe
"Sep 1, 2026 9:20:27 PM",RegistryKeyDeleted,,,,network service,wmiprvse.exe
"Sep 1, 2026 9:20:27 PM",RegistryKeyCreated,HKEY_LOCAL_MACHINE\BCD00000000\Objects\{9dea862c-5cdd-4e70-acc1-f32b344d4795}\Elements\11000001,,,network service,wmiprvse.exe
"Sep 1, 2026 9:20:27 PM",RegistryKeyDeleted,,,,network service,wmiprvse.exe
"Sep 1, 2026 9:20:27 PM",RegistryKeyCreated,HKEY_LOCAL_MACHINE\BCD00000000\Objects\{a5a30fa2-3d06-4e9f-b5f4-a01df9d1fcba}\Elements\25000004,,,network service,wmiprvse.exe
"Sep 1, 2026 9:20:27 PM",RegistryKeyCreated,HKEY_LOCAL_MACHINE\BCD00000000\Objects\{a5a30fa2-3d06-4e9f-b5f4-a01df9d1fcba}\Elements\24000001,,,network service,wmiprvse.exe
"Sep 1, 2026 9:20:27 PM",RegistryKeyDeleted,,,,network service,wmiprvse.exe
"Sep 1, 2026 9:20:27 PM",RegistryKeyDeleted,,,,network service,wmiprvse.exe
"Sep 1, 2026 9:20:27 PM",RegistryKeyDeleted,,,,network service,wmiprvse.exe
"Sep 1, 2026 9:20:27 PM",RegistryKeyDeleted,,,,network service,wmiprvse.exe
"Sep 1, 2026 9:20:27 PM",RegistryKeyCreated,HKEY_LOCAL_MACHINE\BCD00000000\Objects\{a5a30fa2-3d06-4e9f-b5f4-a01df9d1fcba}\Description,,,network service,wmiprvse.exe
"Sep 1, 2026 9:20:27 PM",RegistryKeyDeleted,,,,network service,wmiprvse.exe
"Sep 1, 2026 9:20:27 PM",RegistryKeyCreated,HKEY_LOCAL_MACHINE\BCD00000000\Objects\{a5a30fa2-3d06-4e9f-b5f4-a01df9d1fcba}\Elements,,,network service,wmiprvse.exe
"Sep 1, 2026 9:20:27 PM",RegistryKeyCreated,HKEY_LOCAL_MACHINE\BCD00000000\Objects\{a5a30fa2-3d06-4e9f-b5f4-a01df9d1fcba},,,network service,wmiprvse.exe
"Sep 1, 2026 9:20:27 PM",RegistryKeyDeleted,,,,network service,wmiprvse.exe
"Sep 1, 2026 9:20:27 PM",RegistryKeyCreated,HKEY_LOCAL_MACHINE\BCD00000000\Objects\{0c5b8103-93d0-11f1-8f67-806e6f6e6963}\Elements\11000001,,,network service,wmiprvse.exe
"Sep 1, 2026 9:20:27 PM",RegistryKeyDeleted,,,,network service,wmiprvse.exe
"Sep 1, 2026 9:20:27 PM",RegistryKeyCreated,HKEY_LOCAL_MACHINE\BCD00000000\Objects\{9dea862c-5cdd-4e70-acc1-f32b344d4795}\Elements\12000002,,,network service,wmiprvse.exe
"Sep 1, 2026 9:20:27 PM",RegistryKeyCreated,HKEY_LOCAL_MACHINE\BCD00000000\Objects\{9dea862c-5cdd-4e70-acc1-f32b344d4795}\Elements\11000001,,,network service,wmiprvse.exe
"Sep 1, 2026 9:20:27 PM",RegistryKeyDeleted,,,,network service,wmiprvse.exe
"Sep 1, 2026 9:20:25 PM",RegistryKeyCreated,HKEY_LOCAL_MACHINE\BCD00000000\Objects\{a5a30fa2-3d06-4e9f-b5f4-a01df9d1fcba}\Elements\25000004,,,network service,wmiprvse.exe
"Sep 1, 2026 9:20:25 PM",RegistryKeyCreated,HKEY_LOCAL_MACHINE\BCD00000000\Objects\{a5a30fa2-3d06-4e9f-b5f4-a01df9d1fcba}\Description,,,network service,wmiprvse.exe
"Sep 1, 2026 9:20:25 PM",RegistryKeyCreated,HKEY_LOCAL_MACHINE\BCD00000000\Objects\{a5a30fa2-3d06-4e9f-b5f4-a01df9d1fcba},,,network service,wmiprvse.exe
"Sep 1, 2026 9:20:25 PM",RegistryKeyCreated,HKEY_LOCAL_MACHINE\BCD00000000\Objects\{a5a30fa2-3d06-4e9f-b5f4-a01df9d1fcba}\Elements\24000001,,,network service,wmiprvse.exe
"Sep 1, 2026 9:20:25 PM",RegistryKeyCreated,HKEY_LOCAL_MACHINE\BCD00000000\Objects\{a5a30fa2-3d06-4e9f-b5f4-a01df9d1fcba}\Elements,,,network service,wmiprvse.exe
"Sep 1, 2026 9:20:25 PM",RegistryKeyDeleted,,,,network service,wmiprvse.exe
"Sep 1, 2026 9:20:25 PM",RegistryKeyDeleted,,,,network service,wmiprvse.exe
"Sep 1, 2026 9:20:25 PM",RegistryKeyDeleted,,,,network service,wmiprvse.exe
"Sep 1, 2026 9:20:25 PM",RegistryKeyDeleted,,,,network service,wmiprvse.exe
"Sep 1, 2026 9:20:25 PM",RegistryKeyDeleted,,,,network service,wmiprvse.exe
"Sep 1, 2026 9:20:25 PM",RegistryKeyDeleted,,,,network service,wmiprvse.exe
"Sep 1, 2026 9:20:25 PM",RegistryKeyCreated,HKEY_LOCAL_MACHINE\BCD00000000\Objects\{0c5b8103-93d0-11f1-8f67-806e6f6e6963}\Elements\11000001,,,network service,wmiprvse.exe
"Sep 1, 2026 9:20:25 PM",RegistryKeyCreated,HKEY_LOCAL_MACHINE\BCD00000000\Objects\{9dea862c-5cdd-4e70-acc1-f32b344d4795}\Elements\12000002,,,network service,wmiprvse.exe
"Sep 1, 2026 9:20:25 PM",RegistryKeyDeleted,,,,network service,wmiprvse.exe
"Sep 1, 2026 9:20:25 PM",RegistryKeyDeleted,,,,network service,wmiprvse.exe
"Sep 1, 2026 9:20:25 PM",RegistryKeyCreated,HKEY_LOCAL_MACHINE\BCD00000000\Objects\{9dea862c-5cdd-4e70-acc1-f32b344d4795}\Elements\11000001,,,network service,wmiprvse.exe
"Sep 1, 2026 9:17:43 PM",RegistryValueSet,HKEY_LOCAL_MACHINE\SYSTEM\ControlSet001\Control\CI\WhqlOnlyEvaluation,StatusEventTimestamp,134327854637854090,system,aggregatorhost.exe
"Sep 1, 2026 9:17:21 PM",RegistryValueSet,HKEY_LOCAL_MACHINE\SYSTEM\ControlSet001\Services\Tcpip\Parameters,Health,,system,ntoskrnl.exe
"Sep 1, 2026 9:16:53 PM",RegistryValueDeleted,,,,system,mssense.exe
"Sep 1, 2026 9:16:43 PM",RegistryValueDeleted,,,,system,mssense.exe
"Sep 1, 2026 9:10:59 PM",RegistryValueDeleted,,,,system,mssense.exe
"Sep 1, 2026 9:10:49 PM",RegistryValueDeleted,,,,system,mssense.exe
"Sep 1, 2026 9:02:13 PM",RegistryValueDeleted,,,,system,mssense.exe
"Sep 1, 2026 9:02:03 PM",RegistryValueDeleted,,,,system,mssense.exe
"Sep 1, 2026 9:00:00 PM",RegistryValueDeleted,,,,system,mssense.exe
"Sep 1, 2026 8:59:46 PM",RegistryValueDeleted,,,,system,mssense.exe
"Sep 1, 2026 8:52:07 PM",RegistryValueDeleted,,,,system,mssense.exe
"Sep 1, 2026 8:51:57 PM",RegistryValueDeleted,,,,system,mssense.exe
"Sep 1, 2026 8:20:16 PM",RegistryKeyCreated,HKEY_LOCAL_MACHINE\BCD00000000\Objects\{a5a30fa2-3d06-4e9f-b5f4-a01df9d1fcba}\Elements\25000004,,,network service,wmiprvse.exe
"Sep 1, 2026 8:20:16 PM",RegistryKeyDeleted,,,,network service,wmiprvse.exe
"Sep 1, 2026 8:20:16 PM",RegistryKeyDeleted,,,,network service,wmiprvse.exe
"Sep 1, 2026 8:20:16 PM",RegistryKeyDeleted,,,,network service,wmiprvse.exe
"Sep 1, 2026 8:20:16 PM",RegistryKeyDeleted,,,,network service,wmiprvse.exe
"Sep 1, 2026 8:20:16 PM",RegistryKeyCreated,HKEY_LOCAL_MACHINE\BCD00000000\Objects\{a5a30fa2-3d06-4e9f-b5f4-a01df9d1fcba},,,network service,wmiprvse.exe
"Sep 1, 2026 8:20:16 PM",RegistryKeyCreated,HKEY_LOCAL_MACHINE\BCD00000000\Objects\{a5a30fa2-3d06-4e9f-b5f4-a01df9d1fcba}\Description,,,network service,wmiprvse.exe
"Sep 1, 2026 8:20:16 PM",RegistryKeyCreated,HKEY_LOCAL_MACHINE\BCD00000000\Objects\{a5a30fa2-3d06-4e9f-b5f4-a01df9d1fcba}\Elements,,,network service,wmiprvse.exe
"Sep 1, 2026 8:20:16 PM",RegistryKeyCreated,HKEY_LOCAL_MACHINE\BCD00000000\Objects\{a5a30fa2-3d06-4e9f-b5f4-a01df9d1fcba}\Elements\24000001,,,network service,wmiprvse.exe
"Sep 1, 2026 8:20:16 PM",RegistryKeyCreated,HKEY_LOCAL_MACHINE\BCD00000000\Objects\{0c5b8103-93d0-11f1-8f67-806e6f6e6963}\Elements\11000001,,,network service,wmiprvse.exe
"Sep 1, 2026 8:20:16 PM",RegistryKeyDeleted,,,,network service,wmiprvse.exe
"Sep 1, 2026 8:20:15 PM",RegistryKeyDeleted,,,,network service,wmiprvse.exe
"Sep 1, 2026 8:20:15 PM",RegistryKeyCreated,HKEY_LOCAL_MACHINE\BCD00000000\Objects\{9dea862c-5cdd-4e70-acc1-f32b344d4795}\Elements\12000002,,,network service,wmiprvse.exe
"Sep 1, 2026 8:20:15 PM",RegistryKeyDeleted,,,,network service,wmiprvse.exe
"Sep 1, 2026 8:20:15 PM",RegistryKeyCreated,HKEY_LOCAL_MACHINE\BCD00000000\Objects\{9dea862c-5cdd-4e70-acc1-f32b344d4795}\Elements\11000001,,,network service,wmiprvse.exe
"Sep 1, 2026 8:20:15 PM",RegistryKeyDeleted,,,,network service,wmiprvse.exe
"Sep 1, 2026 8:20:15 PM",RegistryKeyCreated,HKEY_LOCAL_MACHINE\BCD00000000\Objects\{a5a30fa2-3d06-4e9f-b5f4-a01df9d1fcba}\Elements\24000001,,,network service,wmiprvse.exe
"Sep 1, 2026 8:20:15 PM",RegistryKeyCreated,HKEY_LOCAL_MACHINE\BCD00000000\Objects\{a5a30fa2-3d06-4e9f-b5f4-a01df9d1fcba}\Elements\25000004,,,network service,wmiprvse.exe
"Sep 1, 2026 8:20:15 PM",RegistryKeyDeleted,,,,network service,wmiprvse.exe
"Sep 1, 2026 8:20:15 PM",RegistryKeyDeleted,,,,network service,wmiprvse.exe
"Sep 1, 2026 8:20:15 PM",RegistryKeyDeleted,,,,network service,wmiprvse.exe
"Sep 1, 2026 8:20:15 PM",RegistryKeyDeleted,,,,network service,wmiprvse.exe
"Sep 1, 2026 8:20:15 PM",RegistryKeyDeleted,,,,network service,wmiprvse.exe
"Sep 1, 2026 8:20:15 PM",RegistryKeyCreated,HKEY_LOCAL_MACHINE\BCD00000000\Objects\{a5a30fa2-3d06-4e9f-b5f4-a01df9d1fcba},,,network service,wmiprvse.exe
"Sep 1, 2026 8:20:15 PM",RegistryKeyCreated,HKEY_LOCAL_MACHINE\BCD00000000\Objects\{a5a30fa2-3d06-4e9f-b5f4-a01df9d1fcba}\Description,,,network service,wmiprvse.exe
"Sep 1, 2026 8:20:15 PM",RegistryKeyCreated,HKEY_LOCAL_MACHINE\BCD00000000\Objects\{a5a30fa2-3d06-4e9f-b5f4-a01df9d1fcba}\Elements,,,network service,wmiprvse.exe
"Sep 1, 2026 8:20:15 PM",RegistryKeyDeleted,,,,network service,wmiprvse.exe
"Sep 1, 2026 8:20:15 PM",RegistryKeyCreated,HKEY_LOCAL_MACHINE\BCD00000000\Objects\{0c5b8103-93d0-11f1-8f67-806e6f6e6963}\Elements\11000001,,,network service,wmiprvse.exe
"Sep 1, 2026 8:20:15 PM",RegistryKeyDeleted,,,,network service,wmiprvse.exe
"Sep 1, 2026 8:20:15 PM",RegistryKeyCreated,HKEY_LOCAL_MACHINE\BCD00000000\Objects\{9dea862c-5cdd-4e70-acc1-f32b344d4795}\Elements\12000002,,,network service,wmiprvse.exe
"Sep 1, 2026 8:20:15 PM",RegistryKeyCreated,HKEY_LOCAL_MACHINE\BCD00000000\Objects\{9dea862c-5cdd-4e70-acc1-f32b344d4795}\Elements\11000001,,,network service,wmiprvse.exe
"Sep 1, 2026 8:20:15 PM",RegistryKeyDeleted,,,,network service,wmiprvse.exe
"Sep 1, 2026 8:20:15 PM",RegistryKeyCreated,HKEY_LOCAL_MACHINE\BCD00000000\Objects\{a5a30fa2-3d06-4e9f-b5f4-a01df9d1fcba}\Elements\24000001,,,network service,wmiprvse.exe
"Sep 1, 2026 8:20:15 PM",RegistryKeyCreated,HKEY_LOCAL_MACHINE\BCD00000000\Objects\{a5a30fa2-3d06-4e9f-b5f4-a01df9d1fcba}\Elements\25000004,,,network service,wmiprvse.exe
"Sep 1, 2026 8:20:15 PM",RegistryKeyDeleted,,,,network service,wmiprvse.exe
"Sep 1, 2026 8:20:15 PM",RegistryKeyDeleted,,,,network service,wmiprvse.exe
"Sep 1, 2026 8:20:15 PM",RegistryKeyDeleted,,,,network service,wmiprvse.exe
"Sep 1, 2026 8:20:15 PM",RegistryKeyDeleted,,,,network service,wmiprvse.exe
"Sep 1, 2026 8:20:15 PM",RegistryKeyDeleted,,,,network service,wmiprvse.exe
"Sep 1, 2026 8:20:15 PM",RegistryKeyCreated,HKEY_LOCAL_MACHINE\BCD00000000\Objects\{a5a30fa2-3d06-4e9f-b5f4-a01df9d1fcba},,,network service,wmiprvse.exe
"Sep 1, 2026 8:20:15 PM",RegistryKeyCreated,HKEY_LOCAL_MACHINE\BCD00000000\Objects\{a5a30fa2-3d06-4e9f-b5f4-a01df9d1fcba}\Description,,,network service,wmiprvse.exe
"Sep 1, 2026 8:20:15 PM",RegistryKeyCreated,HKEY_LOCAL_MACHINE\BCD00000000\Objects\{a5a30fa2-3d06-4e9f-b5f4-a01df9d1fcba}\Elements,,,network service,wmiprvse.exe
"Sep 1, 2026 8:20:15 PM",RegistryKeyCreated,HKEY_LOCAL_MACHINE\BCD00000000\Objects\{9dea862c-5cdd-4e70-acc1-f32b344d4795}\Elements\12000002,,,network service,wmiprvse.exe
"Sep 1, 2026 8:20:15 PM",RegistryKeyDeleted,,,,network service,wmiprvse.exe
"Sep 1, 2026 8:20:15 PM",RegistryKeyCreated,HKEY_LOCAL_MACHINE\BCD00000000\Objects\{0c5b8103-93d0-11f1-8f67-806e6f6e6963}\Elements\11000001,,,network service,wmiprvse.exe
"Sep 1, 2026 8:20:15 PM",RegistryKeyCreated,HKEY_LOCAL_MACHINE\BCD00000000\Objects\{9dea862c-5cdd-4e70-acc1-f32b344d4795}\Elements\11000001,,,network service,wmiprvse.exe
"Sep 1, 2026 8:20:15 PM",RegistryKeyDeleted,,,,network service,wmiprvse.exe
"Sep 1, 2026 8:20:15 PM",RegistryKeyDeleted,,,,network service,wmiprvse.exe
"Sep 1, 2026 8:17:43 PM",RegistryValueSet,HKEY_LOCAL_MACHINE\SYSTEM\ControlSet001\Control\CI\WhqlOnlyEvaluation,SystemUptime,1065970940000,system,aggregatorhost.exe
"Sep 1, 2026 8:17:43 PM",RegistryValueSet,HKEY_LOCAL_MACHINE\SYSTEM\ControlSet001\Control\CI\WhqlOnlyEvaluation,SystemUptimeTimestamp,396227810000,system,aggregatorhost.exe
"Sep 1, 2026 8:17:21 PM",RegistryValueSet,HKEY_LOCAL_MACHINE\SYSTEM\ControlSet001\Services\Tcpip\Parameters,Health,,system,ntoskrnl.exe
"Sep 1, 2026 8:00:47 PM",RegistryValueDeleted,,,,system,mssense.exe
"Sep 1, 2026 8:00:37 PM",RegistryValueDeleted,,,,system,mssense.exe
"Sep 1, 2026 7:48:14 PM",RegistryValueDeleted,,,,system,mssense.exe
"Sep 1, 2026 7:48:04 PM",RegistryValueDeleted,,,,system,mssense.exe
"Sep 1, 2026 7:44:16 PM",RegistryValueDeleted,,,,system,mssense.exe
"Sep 1, 2026 7:44:06 PM",RegistryValueDeleted,,,,system,mssense.exe
"Sep 1, 2026 7:34:24 PM",RegistryValueDeleted,,,,system,mssense.exe
"Sep 1, 2026 7:34:14 PM",RegistryValueDeleted,,,,system,mssense.exe
"Sep 1, 2026 7:20:05 PM",RegistryKeyCreated,HKEY_LOCAL_MACHINE\BCD00000000\Objects\{a5a30fa2-3d06-4e9f-b5f4-a01df9d1fcba}\Elements\24000001,,,network service,wmiprvse.exe
"Sep 1, 2026 7:20:05 PM",RegistryKeyCreated,HKEY_LOCAL_MACHINE\BCD00000000\Objects\{a5a30fa2-3d06-4e9f-b5f4-a01df9d1fcba}\Elements\25000004,,,network service,wmiprvse.exe
"Sep 1, 2026 7:20:05 PM",RegistryKeyDeleted,,,,network service,wmiprvse.exe
"Sep 1, 2026 7:20:05 PM",RegistryKeyDeleted,,,,network service,wmiprvse.exe
"Sep 1, 2026 7:20:05 PM",RegistryKeyDeleted,,,,network service,wmiprvse.exe
"Sep 1, 2026 7:20:05 PM",RegistryKeyDeleted,,,,network service,wmiprvse.exe
"Sep 1, 2026 7:20:05 PM",RegistryKeyDeleted,,,,network service,wmiprvse.exe
"Sep 1, 2026 7:20:05 PM",RegistryKeyCreated,HKEY_LOCAL_MACHINE\BCD00000000\Objects\{a5a30fa2-3d06-4e9f-b5f4-a01df9d1fcba},,,network service,wmiprvse.exe
"Sep 1, 2026 7:20:05 PM",RegistryKeyCreated,HKEY_LOCAL_MACHINE\BCD00000000\Objects\{a5a30fa2-3d06-4e9f-b5f4-a01df9d1fcba}\Description,,,network service,wmiprvse.exe
"Sep 1, 2026 7:20:05 PM",RegistryKeyCreated,HKEY_LOCAL_MACHINE\BCD00000000\Objects\{a5a30fa2-3d06-4e9f-b5f4-a01df9d1fcba}\Elements,,,network service,wmiprvse.exe
"Sep 1, 2026 7:20:05 PM",RegistryKeyDeleted,,,,network service,wmiprvse.exe
"Sep 1, 2026 7:20:05 PM",RegistryKeyCreated,HKEY_LOCAL_MACHINE\BCD00000000\Objects\{0c5b8103-93d0-11f1-8f67-806e6f6e6963}\Elements\11000001,,,network service,wmiprvse.exe
"Sep 1, 2026 7:20:05 PM",RegistryKeyCreated,HKEY_LOCAL_MACHINE\BCD00000000\Objects\{9dea862c-5cdd-4e70-acc1-f32b344d4795}\Elements\11000001,,,network service,wmiprvse.exe
"Sep 1, 2026 7:20:05 PM",RegistryKeyDeleted,,,,network service,wmiprvse.exe
"Sep 1, 2026 7:20:05 PM",RegistryKeyCreated,HKEY_LOCAL_MACHINE\BCD00000000\Objects\{9dea862c-5cdd-4e70-acc1-f32b344d4795}\Elements\12000002,,,network service,wmiprvse.exe
"Sep 1, 2026 7:20:05 PM",RegistryKeyDeleted,,,,network service,wmiprvse.exe
"Sep 1, 2026 7:20:05 PM",RegistryKeyCreated,HKEY_LOCAL_MACHINE\BCD00000000\Objects\{a5a30fa2-3d06-4e9f-b5f4-a01df9d1fcba}\Elements\24000001,,,network service,wmiprvse.exe
"Sep 1, 2026 7:20:05 PM",RegistryKeyCreated,HKEY_LOCAL_MACHINE\BCD00000000\Objects\{a5a30fa2-3d06-4e9f-b5f4-a01df9d1fcba}\Elements\25000004,,,network service,wmiprvse.exe
"Sep 1, 2026 7:20:05 PM",RegistryKeyDeleted,,,,network service,wmiprvse.exe
"Sep 1, 2026 7:20:05 PM",RegistryKeyDeleted,,,,network service,wmiprvse.exe
"Sep 1, 2026 7:20:05 PM",RegistryKeyDeleted,,,,network service,wmiprvse.exe
"Sep 1, 2026 7:20:05 PM",RegistryKeyDeleted,,,,network service,wmiprvse.exe
"Sep 1, 2026 7:20:05 PM",RegistryKeyDeleted,,,,network service,wmiprvse.exe
"Sep 1, 2026 7:20:05 PM",RegistryKeyCreated,HKEY_LOCAL_MACHINE\BCD00000000\Objects\{a5a30fa2-3d06-4e9f-b5f4-a01df9d1fcba},,,network service,wmiprvse.exe
"Sep 1, 2026 7:20:05 PM",RegistryKeyCreated,HKEY_LOCAL_MACHINE\BCD00000000\Objects\{a5a30fa2-3d06-4e9f-b5f4-a01df9d1fcba}\Description,,,network service,wmiprvse.exe
"Sep 1, 2026 7:20:05 PM",RegistryKeyCreated,HKEY_LOCAL_MACHINE\BCD00000000\Objects\{a5a30fa2-3d06-4e9f-b5f4-a01df9d1fcba}\Elements,,,network service,wmiprvse.exe
"Sep 1, 2026 7:20:05 PM",RegistryKeyDeleted,,,,network service,wmiprvse.exe
"Sep 1, 2026 7:20:05 PM",RegistryKeyCreated,HKEY_LOCAL_MACHINE\BCD00000000\Objects\{0c5b8103-93d0-11f1-8f67-806e6f6e6963}\Elements\11000001,,,network service,wmiprvse.exe
"Sep 1, 2026 7:20:05 PM",RegistryKeyDeleted,,,,network service,wmiprvse.exe
"Sep 1, 2026 7:20:05 PM",RegistryKeyCreated,HKEY_LOCAL_MACHINE\BCD00000000\Objects\{9dea862c-5cdd-4e70-acc1-f32b344d4795}\Elements\12000002,,,network service,wmiprvse.exe
"Sep 1, 2026 7:20:05 PM",RegistryKeyCreated,HKEY_LOCAL_MACHINE\BCD00000000\Objects\{9dea862c-5cdd-4e70-acc1-f32b344d4795}\Elements\11000001,,,network service,wmiprvse.exe
"Sep 1, 2026 7:20:05 PM",RegistryKeyDeleted,,,,network service,wmiprvse.exe
"Sep 1, 2026 7:20:04 PM",RegistryKeyCreated,HKEY_LOCAL_MACHINE\BCD00000000\Objects\{a5a30fa2-3d06-4e9f-b5f4-a01df9d1fcba}\Elements\24000001,,,network service,wmiprvse.exe
"Sep 1, 2026 7:20:04 PM",RegistryKeyCreated,HKEY_LOCAL_MACHINE\BCD00000000\Objects\{a5a30fa2-3d06-4e9f-b5f4-a01df9d1fcba}\Elements\25000004,,,network service,wmiprvse.exe
"Sep 1, 2026 7:20:04 PM",RegistryKeyDeleted,,,,network service,wmiprvse.exe
"Sep 1, 2026 7:20:04 PM",RegistryKeyDeleted,,,,network service,wmiprvse.exe
"Sep 1, 2026 7:20:04 PM",RegistryKeyDeleted,,,,network service,wmiprvse.exe
"Sep 1, 2026 7:20:04 PM",RegistryKeyDeleted,,,,network service,wmiprvse.exe
"Sep 1, 2026 7:20:04 PM",RegistryKeyDeleted,,,,network service,wmiprvse.exe
"Sep 1, 2026 7:20:04 PM",RegistryKeyCreated,HKEY_LOCAL_MACHINE\BCD00000000\Objects\{a5a30fa2-3d06-4e9f-b5f4-a01df9d1fcba},,,network service,wmiprvse.exe
"Sep 1, 2026 7:20:04 PM",RegistryKeyCreated,HKEY_LOCAL_MACHINE\BCD00000000\Objects\{a5a30fa2-3d06-4e9f-b5f4-a01df9d1fcba}\Description,,,network service,wmiprvse.exe
"Sep 1, 2026 7:20:04 PM",RegistryKeyCreated,HKEY_LOCAL_MACHINE\BCD00000000\Objects\{a5a30fa2-3d06-4e9f-b5f4-a01df9d1fcba}\Elements,,,network service,wmiprvse.exe
"Sep 1, 2026 7:20:04 PM",RegistryKeyDeleted,,,,network service,wmiprvse.exe
"Sep 1, 2026 7:20:04 PM",RegistryKeyCreated,HKEY_LOCAL_MACHINE\BCD00000000\Objects\{0c5b8103-93d0-11f1-8f67-806e6f6e6963}\Elements\11000001,,,network service,wmiprvse.exe
"Sep 1, 2026 7:20:04 PM",RegistryKeyDeleted,,,,network service,wmiprvse.exe
"Sep 1, 2026 7:20:04 PM",RegistryKeyCreated,HKEY_LOCAL_MACHINE\BCD00000000\Objects\{9dea862c-5cdd-4e70-acc1-f32b344d4795}\Elements\12000002,,,network service,wmiprvse.exe
"Sep 1, 2026 7:20:04 PM",RegistryKeyCreated,HKEY_LOCAL_MACHINE\BCD00000000\Objects\{9dea862c-5cdd-4e70-acc1-f32b344d4795}\Elements\11000001,,,network service,wmiprvse.exe
"Sep 1, 2026 7:20:04 PM",RegistryKeyDeleted,,,,network service,wmiprvse.exe
"Sep 1, 2026 7:17:43 PM",RegistryValueSet,HKEY_LOCAL_MACHINE\SYSTEM\ControlSet001\Control\CI\WhqlOnlyEvaluation,SystemUptime,1029970780000,system,aggregatorhost.exe
"Sep 1, 2026 7:17:43 PM",RegistryValueSet,HKEY_LOCAL_MACHINE\SYSTEM\ControlSet001\Control\CI\WhqlOnlyEvaluation,SystemUptimeTimestamp,360227650000,system,aggregatorhost.exe
"Sep 1, 2026 7:17:21 PM",RegistryValueSet,HKEY_LOCAL_MACHINE\SYSTEM\ControlSet001\Services\Tcpip\Parameters,Health,,system,ntoskrnl.exe
"Sep 1, 2026 7:16:48 PM",RegistryValueDeleted,,,,system,mssense.exe
"Sep 1, 2026 7:16:38 PM",RegistryValueDeleted,,,,system,mssense.exe
"Sep 1, 2026 6:54:01 PM",RegistryValueDeleted,,,,system,mssense.exe
"Sep 1, 2026 6:53:40 PM",RegistryValueDeleted,,,,system,mssense.exe
"Sep 1, 2026 6:36:51 PM",RegistryValueDeleted,,,,system,mssense.exe
"Sep 1, 2026 6:36:41 PM",RegistryValueDeleted,,,,system,mssense.exe
"Sep 1, 2026 6:29:47 PM",RegistryValueDeleted,,,,system,mssense.exe
"Sep 1, 2026 6:29:37 PM",RegistryValueDeleted,,,,system,mssense.exe
"Sep 1, 2026 6:21:36 PM",RegistryValueDeleted,,,,system,mssense.exe
"Sep 1, 2026 6:21:26 PM",RegistryValueDeleted,,,,system,mssense.exe
"Sep 1, 2026 6:20:32 PM",RegistryValueDeleted,,,,system,mssense.exe
"Sep 1, 2026 6:20:22 PM",RegistryValueDeleted,,,,system,mssense.exe
"Sep 1, 2026 6:19:54 PM",RegistryKeyCreated,HKEY_LOCAL_MACHINE\BCD00000000\Objects\{a5a30fa2-3d06-4e9f-b5f4-a01df9d1fcba}\Elements\25000004,,,network service,wmiprvse.exe
"Sep 1, 2026 6:19:54 PM",RegistryKeyDeleted,,,,network service,wmiprvse.exe
"Sep 1, 2026 6:19:54 PM",RegistryKeyDeleted,,,,network service,wmiprvse.exe
"Sep 1, 2026 6:19:54 PM",RegistryKeyDeleted,,,,network service,wmiprvse.exe
"Sep 1, 2026 6:19:54 PM",RegistryKeyDeleted,,,,network service,wmiprvse.exe
"Sep 1, 2026 6:19:54 PM",RegistryKeyDeleted,,,,network service,wmiprvse.exe
"Sep 1, 2026 6:19:54 PM",RegistryKeyCreated,HKEY_LOCAL_MACHINE\BCD00000000\Objects\{a5a30fa2-3d06-4e9f-b5f4-a01df9d1fcba},,,network service,wmiprvse.exe
"Sep 1, 2026 6:19:54 PM",RegistryKeyCreated,HKEY_LOCAL_MACHINE\BCD00000000\Objects\{a5a30fa2-3d06-4e9f-b5f4-a01df9d1fcba}\Description,,,network service,wmiprvse.exe
"Sep 1, 2026 6:19:54 PM",RegistryKeyCreated,HKEY_LOCAL_MACHINE\BCD00000000\Objects\{a5a30fa2-3d06-4e9f-b5f4-a01df9d1fcba}\Elements,,,network service,wmiprvse.exe
"Sep 1, 2026 6:19:54 PM",RegistryKeyCreated,HKEY_LOCAL_MACHINE\BCD00000000\Objects\{a5a30fa2-3d06-4e9f-b5f4-a01df9d1fcba}\Elements\24000001,,,network service,wmiprvse.exe
"Sep 1, 2026 6:19:54 PM",RegistryKeyDeleted,,,,network service,wmiprvse.exe
"Sep 1, 2026 6:19:54 PM",RegistryKeyCreated,HKEY_LOCAL_MACHINE\BCD00000000\Objects\{0c5b8103-93d0-11f1-8f67-806e6f6e6963}\Elements\11000001,,,network service,wmiprvse.exe
"Sep 1, 2026 6:19:54 PM",RegistryKeyDeleted,,,,network service,wmiprvse.exe
"Sep 1, 2026 6:19:54 PM",RegistryKeyCreated,HKEY_LOCAL_MACHINE\BCD00000000\Objects\{9dea862c-5cdd-4e70-acc1-f32b344d4795}\Elements\12000002,,,network service,wmiprvse.exe
"Sep 1, 2026 6:19:54 PM",RegistryKeyCreated,HKEY_LOCAL_MACHINE\BCD00000000\Objects\{9dea862c-5cdd-4e70-acc1-f32b344d4795}\Elements\11000001,,,network service,wmiprvse.exe
"Sep 1, 2026 6:19:54 PM",RegistryKeyDeleted,,,,network service,wmiprvse.exe
"Sep 1, 2026 6:19:54 PM",RegistryKeyCreated,HKEY_LOCAL_MACHINE\BCD00000000\Objects\{a5a30fa2-3d06-4e9f-b5f4-a01df9d1fcba}\Elements\25000004,,,network service,wmiprvse.exe
"Sep 1, 2026 6:19:54 PM",RegistryKeyCreated,HKEY_LOCAL_MACHINE\BCD00000000\Objects\{a5a30fa2-3d06-4e9f-b5f4-a01df9d1fcba}\Elements\24000001,,,network service,wmiprvse.exe
"Sep 1, 2026 6:19:54 PM",RegistryKeyDeleted,,,,network service,wmiprvse.exe
"Sep 1, 2026 6:19:54 PM",RegistryKeyDeleted,,,,network service,wmiprvse.exe
"Sep 1, 2026 6:19:54 PM",RegistryKeyDeleted,,,,network service,wmiprvse.exe
"Sep 1, 2026 6:19:54 PM",RegistryKeyDeleted,,,,network service,wmiprvse.exe
"Sep 1, 2026 6:19:54 PM",RegistryKeyDeleted,,,,network service,wmiprvse.exe
"Sep 1, 2026 6:19:54 PM",RegistryKeyCreated,HKEY_LOCAL_MACHINE\BCD00000000\Objects\{a5a30fa2-3d06-4e9f-b5f4-a01df9d1fcba},,,network service,wmiprvse.exe
"Sep 1, 2026 6:19:54 PM",RegistryKeyCreated,HKEY_LOCAL_MACHINE\BCD00000000\Objects\{a5a30fa2-3d06-4e9f-b5f4-a01df9d1fcba}\Description,,,network service,wmiprvse.exe
"Sep 1, 2026 6:19:54 PM",RegistryKeyCreated,HKEY_LOCAL_MACHINE\BCD00000000\Objects\{a5a30fa2-3d06-4e9f-b5f4-a01df9d1fcba}\Elements,,,network service,wmiprvse.exe
"Sep 1, 2026 6:19:54 PM",RegistryKeyDeleted,,,,network service,wmiprvse.exe
"Sep 1, 2026 6:19:54 PM",RegistryKeyCreated,HKEY_LOCAL_MACHINE\BCD00000000\Objects\{0c5b8103-93d0-11f1-8f67-806e6f6e6963}\Elements\11000001,,,network service,wmiprvse.exe
"Sep 1, 2026 6:19:54 PM",RegistryKeyDeleted,,,,network service,wmiprvse.exe
"Sep 1, 2026 6:19:54 PM",RegistryKeyCreated,HKEY_LOCAL_MACHINE\BCD00000000\Objects\{9dea862c-5cdd-4e70-acc1-f32b344d4795}\Elements\12000002,,,network service,wmiprvse.exe
"Sep 1, 2026 6:19:54 PM",RegistryKeyCreated,HKEY_LOCAL_MACHINE\BCD00000000\Objects\{9dea862c-5cdd-4e70-acc1-f32b344d4795}\Elements\11000001,,,network service,wmiprvse.exe
"Sep 1, 2026 6:19:54 PM",RegistryKeyDeleted,,,,network service,wmiprvse.exe
"Sep 1, 2026 6:19:53 PM",RegistryKeyCreated,HKEY_LOCAL_MACHINE\BCD00000000\Objects\{a5a30fa2-3d06-4e9f-b5f4-a01df9d1fcba}\Elements\25000004,,,network service,wmiprvse.exe
"Sep 1, 2026 6:19:53 PM",RegistryKeyCreated,HKEY_LOCAL_MACHINE\BCD00000000\Objects\{a5a30fa2-3d06-4e9f-b5f4-a01df9d1fcba},,,network service,wmiprvse.exe
"Sep 1, 2026 6:19:53 PM",RegistryKeyCreated,HKEY_LOCAL_MACHINE\BCD00000000\Objects\{a5a30fa2-3d06-4e9f-b5f4-a01df9d1fcba}\Description,,,network service,wmiprvse.exe
"Sep 1, 2026 6:19:53 PM",RegistryKeyCreated,HKEY_LOCAL_MACHINE\BCD00000000\Objects\{a5a30fa2-3d06-4e9f-b5f4-a01df9d1fcba}\Elements,,,network service,wmiprvse.exe
"Sep 1, 2026 6:19:53 PM",RegistryKeyCreated,HKEY_LOCAL_MACHINE\BCD00000000\Objects\{a5a30fa2-3d06-4e9f-b5f4-a01df9d1fcba}\Elements\24000001,,,network service,wmiprvse.exe
"Sep 1, 2026 6:19:53 PM",RegistryKeyDeleted,,,,network service,wmiprvse.exe
"Sep 1, 2026 6:19:53 PM",RegistryKeyDeleted,,,,network service,wmiprvse.exe
"Sep 1, 2026 6:19:53 PM",RegistryKeyDeleted,,,,network service,wmiprvse.exe
"Sep 1, 2026 6:19:53 PM",RegistryKeyDeleted,,,,network service,wmiprvse.exe
"Sep 1, 2026 6:19:53 PM",RegistryKeyDeleted,,,,network service,wmiprvse.exe
"Sep 1, 2026 6:19:53 PM",RegistryKeyDeleted,,,,network service,wmiprvse.exe
"Sep 1, 2026 6:19:53 PM",RegistryKeyCreated,HKEY_LOCAL_MACHINE\BCD00000000\Objects\{0c5b8103-93d0-11f1-8f67-806e6f6e6963}\Elements\11000001,,,network service,wmiprvse.exe
"Sep 1, 2026 6:19:53 PM",RegistryKeyDeleted,,,,network service,wmiprvse.exe
"Sep 1, 2026 6:19:53 PM",RegistryKeyCreated,HKEY_LOCAL_MACHINE\BCD00000000\Objects\{9dea862c-5cdd-4e70-acc1-f32b344d4795}\Elements\12000002,,,network service,wmiprvse.exe
"Sep 1, 2026 6:19:53 PM",RegistryKeyCreated,HKEY_LOCAL_MACHINE\BCD00000000\Objects\{9dea862c-5cdd-4e70-acc1-f32b344d4795}\Elements\11000001,,,network service,wmiprvse.exe
"Sep 1, 2026 6:19:53 PM",RegistryKeyDeleted,,,,network service,wmiprvse.exe
"Sep 1, 2026 6:17:43 PM",RegistryValueSet,HKEY_LOCAL_MACHINE\SYSTEM\ControlSet001\Control\CI\WhqlOnlyEvaluation,SystemUptime,993970780000,system,aggregatorhost.exe
"Sep 1, 2026 6:17:43 PM",RegistryValueSet,HKEY_LOCAL_MACHINE\SYSTEM\ControlSet001\Control\CI\WhqlOnlyEvaluation,SystemUptimeTimestamp,324227650000,system,aggregatorhost.exe
"Sep 1, 2026 6:17:21 PM",RegistryValueSet,HKEY_LOCAL_MACHINE\SYSTEM\ControlSet001\Services\Tcpip\Parameters,Health,,system,ntoskrnl.exe
"Sep 1, 2026 6:06:29 PM",RegistryValueDeleted,,,,system,mssense.exe
"Sep 1, 2026 6:06:17 PM",RegistryValueDeleted,,,,system,mssense.exe
"Sep 1, 2026 6:05:57 PM",RegistryValueDeleted,,,,system,mssense.exe
"Sep 1, 2026 6:05:47 PM",RegistryValueDeleted,,,,system,mssense.exe
"Sep 1, 2026 5:54:36 PM",RegistryValueDeleted,,,,system,mssense.exe
"Sep 1, 2026 5:54:26 PM",RegistryValueDeleted,,,,system,mssense.exe
"Sep 1, 2026 5:54:16 PM",RegistryValueDeleted,,,,system,mssense.exe
"Sep 1, 2026 5:54:06 PM",RegistryValueDeleted,,,,system,mssense.exe
"Sep 1, 2026 5:53:41 PM",RegistryValueDeleted,,,,system,mssense.exe
"Sep 1, 2026 5:53:31 PM",RegistryValueSet,HKEY_LOCAL_MACHINE\SOFTWARE\Microsoft\Windows Advanced Threat Protection,LsaAccountPolicyDiffs,**********,system,mssense.exe
"Sep 1, 2026 5:53:31 PM",RegistryValueDeleted,,,,system,mssense.exe
"Sep 1, 2026 5:50:53 PM",RegistryValueSet,HKEY_CURRENT_USER\S-1-5-21-1182323251-63060258-113523888-500\Software\Microsoft\Windows\CurrentVersion\Run,MicrosoftEdgeAutoLaunch_7C23D10DF097445B7670C59CA8E5FDC5,"""C:\Program Files (x86)\Microsoft\Edge\Application\msedge.exe"" --no-startup-window --win-session-start",mac,msedge.exe
"Sep 1, 2026 5:50:52 PM",RegistryValueDeleted,,,,mac,msedge.exe
"Sep 1, 2026 5:49:49 PM",RegistryValueSet,HKEY_LOCAL_MACHINE\SOFTWARE\Microsoft\Windows Advanced Threat Protection,LsaAccountPolicyDiffs,**********,system,mssense.exe
"Sep 1, 2026 5:49:49 PM",RegistryValueDeleted,,,,system,mssense.exe
"Sep 1, 2026 5:49:39 PM",RegistryValueSet,HKEY_LOCAL_MACHINE\SOFTWARE\Microsoft\Windows Advanced Threat Protection,LsaAccountPolicyDiffs,**********,system,mssense.exe
"Sep 1, 2026 5:49:39 PM",RegistryValueDeleted,,,,system,mssense.exe
"Sep 1, 2026 5:33:10 PM",RegistryValueSet,HKEY_LOCAL_MACHINE\SOFTWARE\Microsoft\Windows Advanced Threat Protection,LsaAccountPolicyDiffs,**********,system,mssense.exe
"Sep 1, 2026 5:33:10 PM",RegistryValueDeleted,,,,system,mssense.exe
"Sep 1, 2026 5:33:00 PM",RegistryValueSet,HKEY_LOCAL_MACHINE\SOFTWARE\Microsoft\Windows Advanced Threat Protection,LsaAccountPolicyDiffs,**********,system,mssense.exe
"Sep 1, 2026 5:33:00 PM",RegistryValueDeleted,,,,system,mssense.exe
"Sep 1, 2026 5:25:29 PM",RegistryValueSet,HKEY_LOCAL_MACHINE\SOFTWARE\Microsoft\Windows Advanced Threat Protection,LsaAccountPolicyDiffs,**********,system,mssense.exe
"Sep 1, 2026 5:25:29 PM",RegistryValueDeleted,,,,system,mssense.exe
"Sep 1, 2026 5:25:19 PM",RegistryValueSet,HKEY_LOCAL_MACHINE\SOFTWARE\Microsoft\Windows Advanced Threat Protection,LsaAccountPolicyDiffs,**********,system,mssense.exe
"Sep 1, 2026 5:25:19 PM",RegistryValueDeleted,,,,system,mssense.exe
"Sep 1, 2026 5:19:43 PM",RegistryKeyCreated,HKEY_LOCAL_MACHINE\BCD00000000\Objects\{a5a30fa2-3d06-4e9f-b5f4-a01df9d1fcba}\Elements\24000001,,,network service,wmiprvse.exe
"Sep 1, 2026 5:19:43 PM",RegistryKeyCreated,HKEY_LOCAL_MACHINE\BCD00000000\Objects\{a5a30fa2-3d06-4e9f-b5f4-a01df9d1fcba}\Elements\25000004,,,network service,wmiprvse.exe
"Sep 1, 2026 5:19:43 PM",RegistryKeyDeleted,,,,network service,wmiprvse.exe
"Sep 1, 2026 5:19:43 PM",RegistryKeyDeleted,,,,network service,wmiprvse.exe
"Sep 1, 2026 5:19:43 PM",RegistryKeyDeleted,,,,network service,wmiprvse.exe
"Sep 1, 2026 5:19:43 PM",RegistryKeyDeleted,,,,network service,wmiprvse.exe
"Sep 1, 2026 5:19:43 PM",RegistryKeyDeleted,,,,network service,wmiprvse.exe
"Sep 1, 2026 5:19:43 PM",RegistryKeyCreated,HKEY_LOCAL_MACHINE\BCD00000000\Objects\{a5a30fa2-3d06-4e9f-b5f4-a01df9d1fcba},,,network service,wmiprvse.exe
"Sep 1, 2026 5:19:43 PM",RegistryKeyCreated,HKEY_LOCAL_MACHINE\BCD00000000\Objects\{a5a30fa2-3d06-4e9f-b5f4-a01df9d1fcba}\Description,,,network service,wmiprvse.exe
"Sep 1, 2026 5:19:43 PM",RegistryKeyCreated,HKEY_LOCAL_MACHINE\BCD00000000\Objects\{a5a30fa2-3d06-4e9f-b5f4-a01df9d1fcba}\Elements,,,network service,wmiprvse.exe
"Sep 1, 2026 5:19:43 PM",RegistryKeyDeleted,,,,network service,wmiprvse.exe
"Sep 1, 2026 5:19:43 PM",RegistryKeyCreated,HKEY_LOCAL_MACHINE\BCD00000000\Objects\{0c5b8103-93d0-11f1-8f67-806e6f6e6963}\Elements\11000001,,,network service,wmiprvse.exe
"Sep 1, 2026 5:19:43 PM",RegistryKeyDeleted,,,,network service,wmiprvse.exe
"Sep 1, 2026 5:19:43 PM",RegistryKeyCreated,HKEY_LOCAL_MACHINE\BCD00000000\Objects\{9dea862c-5cdd-4e70-acc1-f32b344d4795}\Elements\12000002,,,network service,wmiprvse.exe
"Sep 1, 2026 5:19:43 PM",RegistryKeyCreated,HKEY_LOCAL_MACHINE\BCD00000000\Objects\{9dea862c-5cdd-4e70-acc1-f32b344d4795}\Elements\11000001,,,network service,wmiprvse.exe
"Sep 1, 2026 5:19:43 PM",RegistryKeyDeleted,,,,network service,wmiprvse.exe
"Sep 1, 2026 5:19:43 PM",RegistryKeyCreated,HKEY_LOCAL_MACHINE\BCD00000000\Objects\{a5a30fa2-3d06-4e9f-b5f4-a01df9d1fcba}\Elements\24000001,,,network service,wmiprvse.exe
"Sep 1, 2026 5:19:43 PM",RegistryKeyCreated,HKEY_LOCAL_MACHINE\BCD00000000\Objects\{a5a30fa2-3d06-4e9f-b5f4-a01df9d1fcba}\Elements\25000004,,,network service,wmiprvse.exe
"Sep 1, 2026 5:19:43 PM",RegistryKeyDeleted,,,,network service,wmiprvse.exe
"Sep 1, 2026 5:19:43 PM",RegistryKeyDeleted,,,,network service,wmiprvse.exe
"Sep 1, 2026 5:19:43 PM",RegistryKeyDeleted,,,,network service,wmiprvse.exe
"Sep 1, 2026 5:19:43 PM",RegistryKeyDeleted,,,,network service,wmiprvse.exe
"Sep 1, 2026 5:19:43 PM",RegistryKeyCreated,HKEY_LOCAL_MACHINE\BCD00000000\Objects\{a5a30fa2-3d06-4e9f-b5f4-a01df9d1fcba},,,network service,wmiprvse.exe
"Sep 1, 2026 5:19:43 PM",RegistryKeyCreated,HKEY_LOCAL_MACHINE\BCD00000000\Objects\{a5a30fa2-3d06-4e9f-b5f4-a01df9d1fcba}\Description,,,network service,wmiprvse.exe
"Sep 1, 2026 5:19:43 PM",RegistryKeyCreated,HKEY_LOCAL_MACHINE\BCD00000000\Objects\{a5a30fa2-3d06-4e9f-b5f4-a01df9d1fcba}\Elements,,,network service,wmiprvse.exe
"Sep 1, 2026 5:19:43 PM",RegistryKeyDeleted,,,,network service,wmiprvse.exe
"Sep 1, 2026 5:19:43 PM",RegistryKeyCreated,HKEY_LOCAL_MACHINE\BCD00000000\Objects\{9dea862c-5cdd-4e70-acc1-f32b344d4795}\Elements\12000002,,,network service,wmiprvse.exe
"Sep 1, 2026 5:19:43 PM",RegistryKeyDeleted,,,,network service,wmiprvse.exe
"Sep 1, 2026 5:19:43 PM",RegistryKeyCreated,HKEY_LOCAL_MACHINE\BCD00000000\Objects\{0c5b8103-93d0-11f1-8f67-806e6f6e6963}\Elements\11000001,,,network service,wmiprvse.exe
"Sep 1, 2026 5:19:43 PM",RegistryKeyCreated,HKEY_LOCAL_MACHINE\BCD00000000\Objects\{9dea862c-5cdd-4e70-acc1-f32b344d4795}\Elements\11000001,,,network service,wmiprvse.exe
"Sep 1, 2026 5:19:43 PM",RegistryKeyDeleted,,,,network service,wmiprvse.exe
"Sep 1, 2026 5:19:43 PM",RegistryKeyDeleted,,,,network service,wmiprvse.exe
"Sep 1, 2026 5:19:42 PM",RegistryKeyCreated,HKEY_LOCAL_MACHINE\BCD00000000\Objects\{a5a30fa2-3d06-4e9f-b5f4-a01df9d1fcba}\Elements\24000001,,,network service,wmiprvse.exe
"Sep 1, 2026 5:19:42 PM",RegistryKeyCreated,HKEY_LOCAL_MACHINE\BCD00000000\Objects\{a5a30fa2-3d06-4e9f-b5f4-a01df9d1fcba}\Elements\25000004,,,network service,wmiprvse.exe
"Sep 1, 2026 5:19:42 PM",RegistryKeyDeleted,,,,network service,wmiprvse.exe
"Sep 1, 2026 5:19:42 PM",RegistryKeyDeleted,,,,network service,wmiprvse.exe
"Sep 1, 2026 5:19:42 PM",RegistryKeyDeleted,,,,network service,wmiprvse.exe
"Sep 1, 2026 5:19:42 PM",RegistryKeyDeleted,,,,network service,wmiprvse.exe
"Sep 1, 2026 5:19:42 PM",RegistryKeyDeleted,,,,network service,wmiprvse.exe
"Sep 1, 2026 5:19:42 PM",RegistryKeyCreated,HKEY_LOCAL_MACHINE\BCD00000000\Objects\{a5a30fa2-3d06-4e9f-b5f4-a01df9d1fcba},,,network service,wmiprvse.exe
"Sep 1, 2026 5:19:42 PM",RegistryKeyCreated,HKEY_LOCAL_MACHINE\BCD00000000\Objects\{a5a30fa2-3d06-4e9f-b5f4-a01df9d1fcba}\Description,,,network service,wmiprvse.exe
"Sep 1, 2026 5:19:42 PM",RegistryKeyCreated,HKEY_LOCAL_MACHINE\BCD00000000\Objects\{a5a30fa2-3d06-4e9f-b5f4-a01df9d1fcba}\Elements,,,network service,wmiprvse.exe
"Sep 1, 2026 5:19:42 PM",RegistryKeyDeleted,,,,network service,wmiprvse.exe
"Sep 1, 2026 5:19:42 PM",RegistryKeyCreated,HKEY_LOCAL_MACHINE\BCD00000000\Objects\{0c5b8103-93d0-11f1-8f67-806e6f6e6963}\Elements\11000001,,,network service,wmiprvse.exe
"Sep 1, 2026 5:19:42 PM",RegistryKeyDeleted,,,,network service,wmiprvse.exe
"Sep 1, 2026 5:19:42 PM",RegistryKeyCreated,HKEY_LOCAL_MACHINE\BCD00000000\Objects\{9dea862c-5cdd-4e70-acc1-f32b344d4795}\Elements\12000002,,,network service,wmiprvse.exe
"Sep 1, 2026 5:19:42 PM",RegistryKeyCreated,HKEY_LOCAL_MACHINE\BCD00000000\Objects\{9dea862c-5cdd-4e70-acc1-f32b344d4795}\Elements\11000001,,,network service,wmiprvse.exe
"Sep 1, 2026 5:19:42 PM",RegistryKeyDeleted,,,,network service,wmiprvse.exe
"Sep 1, 2026 5:19:26 PM",RegistryValueSet,HKEY_LOCAL_MACHINE\SOFTWARE\Microsoft\Windows Advanced Threat Protection,LsaAccountPolicyDiffs,**********,system,mssense.exe
"Sep 1, 2026 5:19:26 PM",RegistryValueDeleted,,,,system,mssense.exe
"Sep 1, 2026 5:19:16 PM",RegistryValueSet,HKEY_LOCAL_MACHINE\SOFTWARE\Microsoft\Windows Advanced Threat Protection,LsaAccountPolicyDiffs,**********,system,mssense.exe
"Sep 1, 2026 5:19:16 PM",RegistryValueDeleted,,,,system,mssense.exe
"Sep 1, 2026 5:17:43 PM",RegistryValueSet,HKEY_LOCAL_MACHINE\SYSTEM\ControlSet001\Control\CI\WhqlOnlyEvaluation,SystemUptime,957970780000,system,aggregatorhost.exe
"Sep 1, 2026 5:17:43 PM",RegistryValueSet,HKEY_LOCAL_MACHINE\SYSTEM\ControlSet001\Control\CI\WhqlOnlyEvaluation,SystemUptimeTimestamp,288227650000,system,aggregatorhost.exe
"Sep 1, 2026 5:17:21 PM",RegistryValueSet,HKEY_LOCAL_MACHINE\SYSTEM\ControlSet001\Services\Tcpip\Parameters,Health,,system,ntoskrnl.exe
"Sep 1, 2026 4:54:56 PM",RegistryValueSet,HKEY_LOCAL_MACHINE\SOFTWARE\Microsoft\Windows Advanced Threat Protection,LsaAccountPolicyDiffs,**********,system,mssense.exe
"Sep 1, 2026 4:54:56 PM",RegistryValueDeleted,,,,system,mssense.exe
"Sep 1, 2026 4:19:33 PM",RegistryKeyCreated,HKEY_LOCAL_MACHINE\BCD00000000\Objects\{a5a30fa2-3d06-4e9f-b5f4-a01df9d1fcba}\Elements\25000004,,,network service,wmiprvse.exe
"Sep 1, 2026 4:19:33 PM",RegistryKeyDeleted,,,,network service,wmiprvse.exe
"Sep 1, 2026 4:19:33 PM",RegistryKeyDeleted,,,,network service,wmiprvse.exe
"Sep 1, 2026 4:19:33 PM",RegistryKeyCreated,HKEY_LOCAL_MACHINE\BCD00000000\Objects\{a5a30fa2-3d06-4e9f-b5f4-a01df9d1fcba},,,network service,wmiprvse.exe
"Sep 1, 2026 4:19:33 PM",RegistryKeyCreated,HKEY_LOCAL_MACHINE\BCD00000000\Objects\{a5a30fa2-3d06-4e9f-b5f4-a01df9d1fcba}\Description,,,network service,wmiprvse.exe
"Sep 1, 2026 4:19:33 PM",RegistryKeyCreated,HKEY_LOCAL_MACHINE\BCD00000000\Objects\{a5a30fa2-3d06-4e9f-b5f4-a01df9d1fcba}\Elements,,,network service,wmiprvse.exe
"Sep 1, 2026 4:19:33 PM",RegistryKeyCreated,HKEY_LOCAL_MACHINE\BCD00000000\Objects\{a5a30fa2-3d06-4e9f-b5f4-a01df9d1fcba}\Elements\24000001,,,network service,wmiprvse.exe
"Sep 1, 2026 4:19:33 PM",RegistryKeyCreated,HKEY_LOCAL_MACHINE\BCD00000000\Objects\{0c5b8103-93d0-11f1-8f67-806e6f6e6963}\Elements\11000001,,,network service,wmiprvse.exe
"Sep 1, 2026 4:19:33 PM",RegistryKeyDeleted,,,,network service,wmiprvse.exe
"Sep 1, 2026 4:19:33 PM",RegistryKeyDeleted,,,,network service,wmiprvse.exe
"Sep 1, 2026 4:19:33 PM",RegistryKeyDeleted,,,,network service,wmiprvse.exe
"Sep 1, 2026 4:19:33 PM",RegistryKeyDeleted,,,,network service,wmiprvse.exe
"Sep 1, 2026 4:19:33 PM",RegistryKeyCreated,HKEY_LOCAL_MACHINE\BCD00000000\Objects\{9dea862c-5cdd-4e70-acc1-f32b344d4795}\Elements\12000002,,,network service,wmiprvse.exe
"Sep 1, 2026 4:19:33 PM",RegistryKeyDeleted,,,,network service,wmiprvse.exe
"Sep 1, 2026 4:19:33 PM",RegistryKeyCreated,HKEY_LOCAL_MACHINE\BCD00000000\Objects\{9dea862c-5cdd-4e70-acc1-f32b344d4795}\Elements\11000001,,,network service,wmiprvse.exe
"Sep 1, 2026 4:19:33 PM",RegistryKeyDeleted,,,,network service,wmiprvse.exe
"Sep 1, 2026 4:19:33 PM",RegistryKeyCreated,HKEY_LOCAL_MACHINE\BCD00000000\Objects\{a5a30fa2-3d06-4e9f-b5f4-a01df9d1fcba}\Elements\25000004,,,network service,wmiprvse.exe
"Sep 1, 2026 4:19:33 PM",RegistryKeyCreated,HKEY_LOCAL_MACHINE\BCD00000000\Objects\{a5a30fa2-3d06-4e9f-b5f4-a01df9d1fcba}\Elements\24000001,,,network service,wmiprvse.exe
"Sep 1, 2026 4:19:33 PM",RegistryKeyDeleted,,,,network service,wmiprvse.exe
"Sep 1, 2026 4:19:33 PM",RegistryKeyDeleted,,,,network service,wmiprvse.exe
"Sep 1, 2026 4:19:33 PM",RegistryKeyDeleted,,,,network service,wmiprvse.exe
"Sep 1, 2026 4:19:33 PM",RegistryKeyDeleted,,,,network service,wmiprvse.exe
"Sep 1, 2026 4:19:33 PM",RegistryKeyDeleted,,,,network service,wmiprvse.exe
"Sep 1, 2026 4:19:33 PM",RegistryKeyCreated,HKEY_LOCAL_MACHINE\BCD00000000\Objects\{a5a30fa2-3d06-4e9f-b5f4-a01df9d1fcba},,,network service,wmiprvse.exe
"Sep 1, 2026 4:19:33 PM",RegistryKeyCreated,HKEY_LOCAL_MACHINE\BCD00000000\Objects\{a5a30fa2-3d06-4e9f-b5f4-a01df9d1fcba}\Description,,,network service,wmiprvse.exe
"Sep 1, 2026 4:19:33 PM",RegistryKeyCreated,HKEY_LOCAL_MACHINE\BCD00000000\Objects\{a5a30fa2-3d06-4e9f-b5f4-a01df9d1fcba}\Elements,,,network service,wmiprvse.exe
"Sep 1, 2026 4:19:33 PM",RegistryKeyDeleted,,,,network service,wmiprvse.exe
"Sep 1, 2026 4:19:33 PM",RegistryKeyCreated,HKEY_LOCAL_MACHINE\BCD00000000\Objects\{0c5b8103-93d0-11f1-8f67-806e6f6e6963}\Elements\11000001,,,network service,wmiprvse.exe
"Sep 1, 2026 4:19:33 PM",RegistryKeyDeleted,,,,network service,wmiprvse.exe
"Sep 1, 2026 4:19:33 PM",RegistryKeyCreated,HKEY_LOCAL_MACHINE\BCD00000000\Objects\{9dea862c-5cdd-4e70-acc1-f32b344d4795}\Elements\12000002,,,network service,wmiprvse.exe
"Sep 1, 2026 4:19:33 PM",RegistryKeyCreated,HKEY_LOCAL_MACHINE\BCD00000000\Objects\{9dea862c-5cdd-4e70-acc1-f32b344d4795}\Elements\11000001,,,network service,wmiprvse.exe
"Sep 1, 2026 4:19:33 PM",RegistryKeyDeleted,,,,network service,wmiprvse.exe
"Sep 1, 2026 4:19:31 PM",RegistryKeyCreated,HKEY_LOCAL_MACHINE\BCD00000000\Objects\{a5a30fa2-3d06-4e9f-b5f4-a01df9d1fcba}\Elements\25000004,,,network service,wmiprvse.exe
"Sep 1, 2026 4:19:31 PM",RegistryKeyDeleted,,,,network service,wmiprvse.exe
"Sep 1, 2026 4:19:31 PM",RegistryKeyDeleted,,,,network service,wmiprvse.exe
"Sep 1, 2026 4:19:31 PM",RegistryKeyDeleted,,,,network service,wmiprvse.exe
"Sep 1, 2026 4:19:31 PM",RegistryKeyDeleted,,,,network service,wmiprvse.exe
"Sep 1, 2026 4:19:31 PM",RegistryKeyCreated,HKEY_LOCAL_MACHINE\BCD00000000\Objects\{a5a30fa2-3d06-4e9f-b5f4-a01df9d1fcba},,,network service,wmiprvse.exe
"Sep 1, 2026 4:19:31 PM",RegistryKeyCreated,HKEY_LOCAL_MACHINE\BCD00000000\Objects\{a5a30fa2-3d06-4e9f-b5f4-a01df9d1fcba}\Description,,,network service,wmiprvse.exe
"Sep 1, 2026 4:19:31 PM",RegistryKeyCreated,HKEY_LOCAL_MACHINE\BCD00000000\Objects\{a5a30fa2-3d06-4e9f-b5f4-a01df9d1fcba}\Elements,,,network service,wmiprvse.exe
"Sep 1, 2026 4:19:31 PM",RegistryKeyCreated,HKEY_LOCAL_MACHINE\BCD00000000\Objects\{a5a30fa2-3d06-4e9f-b5f4-a01df9d1fcba}\Elements\24000001,,,network service,wmiprvse.exe
"Sep 1, 2026 4:19:31 PM",RegistryKeyDeleted,,,,network service,wmiprvse.exe
"Sep 1, 2026 4:19:31 PM",RegistryKeyCreated,HKEY_LOCAL_MACHINE\BCD00000000\Objects\{9dea862c-5cdd-4e70-acc1-f32b344d4795}\Elements\12000002,,,network service,wmiprvse.exe
"Sep 1, 2026 4:19:31 PM",RegistryKeyDeleted,,,,network service,wmiprvse.exe
"Sep 1, 2026 4:19:31 PM",RegistryKeyCreated,HKEY_LOCAL_MACHINE\BCD00000000\Objects\{0c5b8103-93d0-11f1-8f67-806e6f6e6963}\Elements\11000001,,,network service,wmiprvse.exe
"Sep 1, 2026 4:19:31 PM",RegistryKeyDeleted,,,,network service,wmiprvse.exe
"Sep 1, 2026 4:19:31 PM",RegistryKeyCreated,HKEY_LOCAL_MACHINE\BCD00000000\Objects\{9dea862c-5cdd-4e70-acc1-f32b344d4795}\Elements\11000001,,,network service,wmiprvse.exe
"Sep 1, 2026 4:19:31 PM",RegistryKeyDeleted,,,,network service,wmiprvse.exe
"Sep 1, 2026 4:17:43 PM",RegistryValueSet,HKEY_LOCAL_MACHINE\SYSTEM\ControlSet001\Control\CI\WhqlOnlyEvaluation,SystemUptime,921970630000,system,aggregatorhost.exe
"Sep 1, 2026 4:17:43 PM",RegistryValueSet,HKEY_LOCAL_MACHINE\SYSTEM\ControlSet001\Control\CI\WhqlOnlyEvaluation,SystemUptimeTimestamp,252227500000,system,aggregatorhost.exe
"Sep 1, 2026 4:17:21 PM",RegistryValueSet,HKEY_LOCAL_MACHINE\SYSTEM\ControlSet001\Services\Tcpip\Parameters,Health,,system,ntoskrnl.exe
"Sep 1, 2026 3:19:20 PM",RegistryKeyCreated,HKEY_LOCAL_MACHINE\BCD00000000\Objects\{a5a30fa2-3d06-4e9f-b5f4-a01df9d1fcba}\Elements\24000001,,,network service,wmiprvse.exe
"Sep 1, 2026 3:19:20 PM",RegistryKeyCreated,HKEY_LOCAL_MACHINE\BCD00000000\Objects\{a5a30fa2-3d06-4e9f-b5f4-a01df9d1fcba}\Elements\25000004,,,network service,wmiprvse.exe
"Sep 1, 2026 3:19:20 PM",RegistryKeyDeleted,,,,network service,wmiprvse.exe
"Sep 1, 2026 3:19:20 PM",RegistryKeyDeleted,,,,network service,wmiprvse.exe
"Sep 1, 2026 3:19:20 PM",RegistryKeyDeleted,,,,network service,wmiprvse.exe
"Sep 1, 2026 3:19:20 PM",RegistryKeyDeleted,,,,network service,wmiprvse.exe
"Sep 1, 2026 3:19:20 PM",RegistryKeyDeleted,,,,network service,wmiprvse.exe
"Sep 1, 2026 3:19:20 PM",RegistryKeyCreated,HKEY_LOCAL_MACHINE\BCD00000000\Objects\{a5a30fa2-3d06-4e9f-b5f4-a01df9d1fcba},,,network service,wmiprvse.exe
"Sep 1, 2026 3:19:20 PM",RegistryKeyCreated,HKEY_LOCAL_MACHINE\BCD00000000\Objects\{a5a30fa2-3d06-4e9f-b5f4-a01df9d1fcba}\Description,,,network service,wmiprvse.exe
"Sep 1, 2026 3:19:20 PM",RegistryKeyCreated,HKEY_LOCAL_MACHINE\BCD00000000\Objects\{a5a30fa2-3d06-4e9f-b5f4-a01df9d1fcba}\Elements,,,network service,wmiprvse.exe
"Sep 1, 2026 3:19:20 PM",RegistryKeyCreated,HKEY_LOCAL_MACHINE\BCD00000000\Objects\{9dea862c-5cdd-4e70-acc1-f32b344d4795}\Elements\12000002,,,network service,wmiprvse.exe
"Sep 1, 2026 3:19:20 PM",RegistryKeyDeleted,,,,network service,wmiprvse.exe
"Sep 1, 2026 3:19:20 PM",RegistryKeyCreated,HKEY_LOCAL_MACHINE\BCD00000000\Objects\{0c5b8103-93d0-11f1-8f67-806e6f6e6963}\Elements\11000001,,,network service,wmiprvse.exe
"Sep 1, 2026 3:19:20 PM",RegistryKeyCreated,HKEY_LOCAL_MACHINE\BCD00000000\Objects\{9dea862c-5cdd-4e70-acc1-f32b344d4795}\Elements\11000001,,,network service,wmiprvse.exe
"Sep 1, 2026 3:19:20 PM",RegistryKeyDeleted,,,,network service,wmiprvse.exe
"Sep 1, 2026 3:19:20 PM",RegistryKeyDeleted,,,,network service,wmiprvse.exe
"Sep 1, 2026 3:19:20 PM",RegistryKeyCreated,HKEY_LOCAL_MACHINE\BCD00000000\Objects\{a5a30fa2-3d06-4e9f-b5f4-a01df9d1fcba}\Elements\25000004,,,network service,wmiprvse.exe
"Sep 1, 2026 3:19:20 PM",RegistryKeyCreated,HKEY_LOCAL_MACHINE\BCD00000000\Objects\{a5a30fa2-3d06-4e9f-b5f4-a01df9d1fcba}\Elements\24000001,,,network service,wmiprvse.exe
"Sep 1, 2026 3:19:20 PM",RegistryKeyDeleted,,,,network service,wmiprvse.exe
"Sep 1, 2026 3:19:20 PM",RegistryKeyDeleted,,,,network service,wmiprvse.exe
"Sep 1, 2026 3:19:20 PM",RegistryKeyDeleted,,,,network service,wmiprvse.exe
"Sep 1, 2026 3:19:20 PM",RegistryKeyDeleted,,,,network service,wmiprvse.exe
"Sep 1, 2026 3:19:20 PM",RegistryKeyDeleted,,,,network service,wmiprvse.exe
"Sep 1, 2026 3:19:20 PM",RegistryKeyCreated,HKEY_LOCAL_MACHINE\BCD00000000\Objects\{a5a30fa2-3d06-4e9f-b5f4-a01df9d1fcba},,,network service,wmiprvse.exe
"Sep 1, 2026 3:19:20 PM",RegistryKeyCreated,HKEY_LOCAL_MACHINE\BCD00000000\Objects\{a5a30fa2-3d06-4e9f-b5f4-a01df9d1fcba}\Description,,,network service,wmiprvse.exe
"Sep 1, 2026 3:19:20 PM",RegistryKeyCreated,HKEY_LOCAL_MACHINE\BCD00000000\Objects\{a5a30fa2-3d06-4e9f-b5f4-a01df9d1fcba}\Elements,,,network service,wmiprvse.exe
"Sep 1, 2026 3:19:20 PM",RegistryKeyDeleted,,,,network service,wmiprvse.exe
"Sep 1, 2026 3:19:20 PM",RegistryKeyCreated,HKEY_LOCAL_MACHINE\BCD00000000\Objects\{0c5b8103-93d0-11f1-8f67-806e6f6e6963}\Elements\11000001,,,network service,wmiprvse.exe
"Sep 1, 2026 3:19:20 PM",RegistryKeyDeleted,,,,network service,wmiprvse.exe
"Sep 1, 2026 3:19:20 PM",RegistryKeyCreated,HKEY_LOCAL_MACHINE\BCD00000000\Objects\{9dea862c-5cdd-4e70-acc1-f32b344d4795}\Elements\12000002,,,network service,wmiprvse.exe
"Sep 1, 2026 3:19:20 PM",RegistryKeyCreated,HKEY_LOCAL_MACHINE\BCD00000000\Objects\{9dea862c-5cdd-4e70-acc1-f32b344d4795}\Elements\11000001,,,network service,wmiprvse.exe
"Sep 1, 2026 3:19:20 PM",RegistryKeyDeleted,,,,network service,wmiprvse.exe
"Sep 1, 2026 3:19:19 PM",RegistryKeyCreated,HKEY_LOCAL_MACHINE\BCD00000000\Objects\{a5a30fa2-3d06-4e9f-b5f4-a01df9d1fcba}\Elements\25000004,,,network service,wmiprvse.exe
"Sep 1, 2026 3:19:19 PM",RegistryKeyDeleted,,,,network service,wmiprvse.exe
"Sep 1, 2026 3:19:19 PM",RegistryKeyCreated,HKEY_LOCAL_MACHINE\BCD00000000\Objects\{a5a30fa2-3d06-4e9f-b5f4-a01df9d1fcba},,,network service,wmiprvse.exe
"Sep 1, 2026 3:19:19 PM",RegistryKeyCreated,HKEY_LOCAL_MACHINE\BCD00000000\Objects\{a5a30fa2-3d06-4e9f-b5f4-a01df9d1fcba}\Description,,,network service,wmiprvse.exe
"Sep 1, 2026 3:19:19 PM",RegistryKeyCreated,HKEY_LOCAL_MACHINE\BCD00000000\Objects\{a5a30fa2-3d06-4e9f-b5f4-a01df9d1fcba}\Elements,,,network service,wmiprvse.exe
"Sep 1, 2026 3:19:19 PM",RegistryKeyCreated,HKEY_LOCAL_MACHINE\BCD00000000\Objects\{a5a30fa2-3d06-4e9f-b5f4-a01df9d1fcba}\Elements\24000001,,,network service,wmiprvse.exe
"Sep 1, 2026 3:19:19 PM",RegistryKeyDeleted,,,,network service,wmiprvse.exe
"Sep 1, 2026 3:19:19 PM",RegistryKeyDeleted,,,,network service,wmiprvse.exe
"Sep 1, 2026 3:19:19 PM",RegistryKeyDeleted,,,,network service,wmiprvse.exe
"Sep 1, 2026 3:19:19 PM",RegistryKeyDeleted,,,,network service,wmiprvse.exe
"Sep 1, 2026 3:19:19 PM",RegistryKeyDeleted,,,,network service,wmiprvse.exe
"Sep 1, 2026 3:19:19 PM",RegistryKeyCreated,HKEY_LOCAL_MACHINE\BCD00000000\Objects\{0c5b8103-93d0-11f1-8f67-806e6f6e6963}\Elements\11000001,,,network service,wmiprvse.exe
"Sep 1, 2026 3:19:19 PM",RegistryKeyCreated,HKEY_LOCAL_MACHINE\BCD00000000\Objects\{9dea862c-5cdd-4e70-acc1-f32b344d4795}\Elements\11000001,,,network service,wmiprvse.exe
"Sep 1, 2026 3:19:19 PM",RegistryKeyDeleted,,,,network service,wmiprvse.exe
"Sep 1, 2026 3:19:19 PM",RegistryKeyCreated,HKEY_LOCAL_MACHINE\BCD00000000\Objects\{9dea862c-5cdd-4e70-acc1-f32b344d4795}\Elements\12000002,,,network service,wmiprvse.exe
"Sep 1, 2026 3:19:19 PM",RegistryKeyDeleted,,,,network service,wmiprvse.exe
"Sep 1, 2026 3:17:43 PM",RegistryValueSet,HKEY_LOCAL_MACHINE\SYSTEM\ControlSet001\Control\CI\WhqlOnlyEvaluation,SystemUptime,885970630000,system,aggregatorhost.exe
"Sep 1, 2026 3:17:43 PM",RegistryValueSet,HKEY_LOCAL_MACHINE\SYSTEM\ControlSet001\Control\CI\WhqlOnlyEvaluation,SystemUptimeTimestamp,216227500000,system,aggregatorhost.exe
"Sep 1, 2026 3:17:21 PM",RegistryValueSet,HKEY_LOCAL_MACHINE\SYSTEM\ControlSet001\Services\Tcpip\Parameters,Health,,system,ntoskrnl.exe
"Sep 1, 2026 2:19:52 PM",RegistryValueSet,HKEY_LOCAL_MACHINE\SOFTWARE\Microsoft\Windows Advanced Threat Protection,LsaAccountPolicyDiffs,**********,system,mssense.exe
"Sep 1, 2026 2:19:52 PM",RegistryValueDeleted,,,,system,mssense.exe
"Sep 1, 2026 2:19:07 PM",RegistryKeyCreated,HKEY_LOCAL_MACHINE\BCD00000000\Objects\{a5a30fa2-3d06-4e9f-b5f4-a01df9d1fcba}\Elements\25000004,,,network service,wmiprvse.exe
"Sep 1, 2026 2:19:07 PM",RegistryKeyCreated,HKEY_LOCAL_MACHINE\BCD00000000\Objects\{a5a30fa2-3d06-4e9f-b5f4-a01df9d1fcba},,,network service,wmiprvse.exe
"Sep 1, 2026 2:19:07 PM",RegistryKeyCreated,HKEY_LOCAL_MACHINE\BCD00000000\Objects\{a5a30fa2-3d06-4e9f-b5f4-a01df9d1fcba}\Description,,,network service,wmiprvse.exe
"Sep 1, 2026 2:19:07 PM",RegistryKeyCreated,HKEY_LOCAL_MACHINE\BCD00000000\Objects\{a5a30fa2-3d06-4e9f-b5f4-a01df9d1fcba}\Elements,,,network service,wmiprvse.exe
"Sep 1, 2026 2:19:07 PM",RegistryKeyCreated,HKEY_LOCAL_MACHINE\BCD00000000\Objects\{a5a30fa2-3d06-4e9f-b5f4-a01df9d1fcba}\Elements\24000001,,,network service,wmiprvse.exe
"Sep 1, 2026 2:19:07 PM",RegistryKeyDeleted,,,,network service,wmiprvse.exe
"Sep 1, 2026 2:19:07 PM",RegistryKeyDeleted,,,,network service,wmiprvse.exe
"Sep 1, 2026 2:19:07 PM",RegistryKeyDeleted,,,,network service,wmiprvse.exe
"Sep 1, 2026 2:19:07 PM",RegistryKeyDeleted,,,,network service,wmiprvse.exe
"Sep 1, 2026 2:19:07 PM",RegistryKeyDeleted,,,,network service,wmiprvse.exe
"Sep 1, 2026 2:19:07 PM",RegistryKeyDeleted,,,,network service,wmiprvse.exe
"Sep 1, 2026 2:19:07 PM",RegistryKeyCreated,HKEY_LOCAL_MACHINE\BCD00000000\Objects\{9dea862c-5cdd-4e70-acc1-f32b344d4795}\Elements\12000002,,,network service,wmiprvse.exe
"Sep 1, 2026 2:19:07 PM",RegistryKeyDeleted,,,,network service,wmiprvse.exe
"Sep 1, 2026 2:19:07 PM",RegistryKeyCreated,HKEY_LOCAL_MACHINE\BCD00000000\Objects\{0c5b8103-93d0-11f1-8f67-806e6f6e6963}\Elements\11000001,,,network service,wmiprvse.exe
"Sep 1, 2026 2:19:07 PM",RegistryKeyCreated,HKEY_LOCAL_MACHINE\BCD00000000\Objects\{9dea862c-5cdd-4e70-acc1-f32b344d4795}\Elements\11000001,,,network service,wmiprvse.exe
"Sep 1, 2026 2:19:07 PM",RegistryKeyDeleted,,,,network service,wmiprvse.exe
"Sep 1, 2026 2:19:07 PM",RegistryKeyCreated,HKEY_LOCAL_MACHINE\BCD00000000\Objects\{a5a30fa2-3d06-4e9f-b5f4-a01df9d1fcba}\Elements\25000004,,,network service,wmiprvse.exe
"Sep 1, 2026 2:19:07 PM",RegistryKeyCreated,HKEY_LOCAL_MACHINE\BCD00000000\Objects\{a5a30fa2-3d06-4e9f-b5f4-a01df9d1fcba},,,network service,wmiprvse.exe
"Sep 1, 2026 2:19:07 PM",RegistryKeyCreated,HKEY_LOCAL_MACHINE\BCD00000000\Objects\{a5a30fa2-3d06-4e9f-b5f4-a01df9d1fcba}\Description,,,network service,wmiprvse.exe
"Sep 1, 2026 2:19:07 PM",RegistryKeyCreated,HKEY_LOCAL_MACHINE\BCD00000000\Objects\{a5a30fa2-3d06-4e9f-b5f4-a01df9d1fcba}\Elements,,,network service,wmiprvse.exe
"Sep 1, 2026 2:19:07 PM",RegistryKeyCreated,HKEY_LOCAL_MACHINE\BCD00000000\Objects\{a5a30fa2-3d06-4e9f-b5f4-a01df9d1fcba}\Elements\24000001,,,network service,wmiprvse.exe
"Sep 1, 2026 2:19:07 PM",RegistryKeyDeleted,,,,network service,wmiprvse.exe
"Sep 1, 2026 2:19:07 PM",RegistryKeyDeleted,,,,network service,wmiprvse.exe
"Sep 1, 2026 2:19:07 PM",RegistryKeyDeleted,,,,network service,wmiprvse.exe
"Sep 1, 2026 2:19:07 PM",RegistryKeyDeleted,,,,network service,wmiprvse.exe
"Sep 1, 2026 2:19:07 PM",RegistryKeyDeleted,,,,network service,wmiprvse.exe
"Sep 1, 2026 2:19:07 PM",RegistryKeyDeleted,,,,network service,wmiprvse.exe
"Sep 1, 2026 2:19:07 PM",RegistryKeyCreated,HKEY_LOCAL_MACHINE\BCD00000000\Objects\{0c5b8103-93d0-11f1-8f67-806e6f6e6963}\Elements\11000001,,,network service,wmiprvse.exe
"Sep 1, 2026 2:19:07 PM",RegistryKeyCreated,HKEY_LOCAL_MACHINE\BCD00000000\Objects\{9dea862c-5cdd-4e70-acc1-f32b344d4795}\Elements\11000001,,,network service,wmiprvse.exe
"Sep 1, 2026 2:19:07 PM",RegistryKeyDeleted,,,,network service,wmiprvse.exe
"Sep 1, 2026 2:19:07 PM",RegistryKeyCreated,HKEY_LOCAL_MACHINE\BCD00000000\Objects\{9dea862c-5cdd-4e70-acc1-f32b344d4795}\Elements\12000002,,,network service,wmiprvse.exe
"Sep 1, 2026 2:19:07 PM",RegistryKeyDeleted,,,,network service,wmiprvse.exe
"Sep 1, 2026 2:19:06 PM",RegistryValueSet,HKEY_LOCAL_MACHINE\BCD00000000\Objects\{a5a30fa2-3d06-4e9f-b5f4-a01df9d1fcba}\Elements\25000004,Element,,network service,wmiprvse.exe
"Sep 1, 2026 2:19:06 PM",RegistryKeyCreated,HKEY_LOCAL_MACHINE\BCD00000000\Objects\{a5a30fa2-3d06-4e9f-b5f4-a01df9d1fcba}\Elements\24000001,,,network service,wmiprvse.exe
"Sep 1, 2026 2:19:06 PM",RegistryValueSet,HKEY_LOCAL_MACHINE\BCD00000000\Objects\{a5a30fa2-3d06-4e9f-b5f4-a01df9d1fcba}\Elements\24000001,Element,{9dea862c-5cdd-4e70-acc1-f32b344d4795},network service,wmiprvse.exe
"Sep 1, 2026 2:19:06 PM",RegistryKeyCreated,HKEY_LOCAL_MACHINE\BCD00000000\Objects\{a5a30fa2-3d06-4e9f-b5f4-a01df9d1fcba}\Elements\25000004,,,network service,wmiprvse.exe
"Sep 1, 2026 2:19:06 PM",RegistryValueSet,HKEY_LOCAL_MACHINE\BCD00000000\Objects\{0c5b8103-93d0-11f1-8f67-806e6f6e6963}\Elements\11000001,Element,,network service,wmiprvse.exe
"Sep 1, 2026 2:19:06 PM",RegistryKeyDeleted,,,,network service,wmiprvse.exe
"Sep 1, 2026 2:19:06 PM",RegistryKeyDeleted,,,,network service,wmiprvse.exe
"Sep 1, 2026 2:19:06 PM",RegistryKeyDeleted,,,,network service,wmiprvse.exe
"Sep 1, 2026 2:19:06 PM",RegistryKeyDeleted,,,,network service,wmiprvse.exe
"Sep 1, 2026 2:19:06 PM",RegistryKeyDeleted,,,,network service,wmiprvse.exe
"Sep 1, 2026 2:19:06 PM",RegistryKeyCreated,HKEY_LOCAL_MACHINE\BCD00000000\Objects\{a5a30fa2-3d06-4e9f-b5f4-a01df9d1fcba},,,network service,wmiprvse.exe
"Sep 1, 2026 2:19:06 PM",RegistryKeyCreated,HKEY_LOCAL_MACHINE\BCD00000000\Objects\{a5a30fa2-3d06-4e9f-b5f4-a01df9d1fcba}\Description,,,network service,wmiprvse.exe
"Sep 1, 2026 2:19:06 PM",RegistryValueSet,HKEY_LOCAL_MACHINE\BCD00000000\Objects\{a5a30fa2-3d06-4e9f-b5f4-a01df9d1fcba}\Description,Type,269484033,network service,wmiprvse.exe
"Sep 1, 2026 2:19:06 PM",RegistryKeyCreated,HKEY_LOCAL_MACHINE\BCD00000000\Objects\{a5a30fa2-3d06-4e9f-b5f4-a01df9d1fcba}\Elements,,,network service,wmiprvse.exe
"Sep 1, 2026 2:19:06 PM",RegistryKeyDeleted,,,,network service,wmiprvse.exe
"Sep 1, 2026 2:19:06 PM",RegistryKeyCreated,HKEY_LOCAL_MACHINE\BCD00000000\Objects\{0c5b8103-93d0-11f1-8f67-806e6f6e6963}\Elements\11000001,,,network service,wmiprvse.exe
"Sep 1, 2026 2:19:06 PM",RegistryValueSet,HKEY_LOCAL_MACHINE\BCD00000000\Objects\{9dea862c-5cdd-4e70-acc1-f32b344d4795}\Elements\11000001,Element,,network service,wmiprvse.exe
"Sep 1, 2026 2:19:06 PM",RegistryKeyDeleted,,,,network service,wmiprvse.exe
"Sep 1, 2026 2:19:06 PM",RegistryKeyCreated,HKEY_LOCAL_MACHINE\BCD00000000\Objects\{9dea862c-5cdd-4e70-acc1-f32b344d4795}\Elements\12000002,,,network service,wmiprvse.exe
"Sep 1, 2026 2:19:06 PM",RegistryValueSet,HKEY_LOCAL_MACHINE\BCD00000000\Objects\{9dea862c-5cdd-4e70-acc1-f32b344d4795}\Elements\12000002,Element,\EFI\Microsoft\Boot\bootmgfw.efi,network service,wmiprvse.exe
"Sep 1, 2026 2:19:06 PM",RegistryKeyCreated,HKEY_LOCAL_MACHINE\BCD00000000\Objects\{9dea862c-5cdd-4e70-acc1-f32b344d4795}\Elements\11000001,,,network service,wmiprvse.exe
"Sep 1, 2026 2:19:06 PM",RegistryKeyDeleted,,,,network service,wmiprvse.exe
"Sep 1, 2026 2:17:43 PM",RegistryValueSet,HKEY_LOCAL_MACHINE\SYSTEM\ControlSet001\Control\CI\WhqlOnlyEvaluation,SystemUptime,849970630000,system,aggregatorhost.exe
"Sep 1, 2026 2:17:43 PM",RegistryValueSet,HKEY_LOCAL_MACHINE\SYSTEM\ControlSet001\Control\CI\WhqlOnlyEvaluation,SystemUptimeTimestamp,180227500000,system,aggregatorhost.exe
"Sep 1, 2026 2:17:21 PM",RegistryValueSet,HKEY_LOCAL_MACHINE\SYSTEM\ControlSet001\Services\Tcpip\Parameters,Health,,system,ntoskrnl.exe
"Sep 1, 2026 1:50:51 PM",RegistryValueSet,HKEY_CURRENT_USER\S-1-5-21-1182323251-63060258-113523888-500\Software\Microsoft\Windows\CurrentVersion\Run,MicrosoftEdgeAutoLaunch_7C23D10DF097445B7670C59CA8E5FDC5,"""C:\Program Files (x86)\Microsoft\Edge\Application\msedge.exe"" --no-startup-window --win-session-start",mac,msedge.exe
"Sep 1, 2026 1:50:51 PM",RegistryValueDeleted,,,,mac,msedge.exe
"Sep 1, 2026 1:18:55 PM",RegistryKeyCreated,HKEY_LOCAL_MACHINE\BCD00000000\Objects\{a5a30fa2-3d06-4e9f-b5f4-a01df9d1fcba}\Elements\25000004,,,network service,wmiprvse.exe
"Sep 1, 2026 1:18:55 PM",RegistryValueSet,HKEY_LOCAL_MACHINE\BCD00000000\Objects\{a5a30fa2-3d06-4e9f-b5f4-a01df9d1fcba}\Elements\25000004,Element,,network service,wmiprvse.exe
"Sep 1, 2026 1:18:55 PM",RegistryKeyDeleted,,,,network service,wmiprvse.exe
"Sep 1, 2026 1:18:55 PM",RegistryKeyDeleted,,,,network service,wmiprvse.exe
"Sep 1, 2026 1:18:55 PM",RegistryKeyDeleted,,,,network service,wmiprvse.exe
"Sep 1, 2026 1:18:55 PM",RegistryKeyDeleted,,,,network service,wmiprvse.exe
"Sep 1, 2026 1:18:55 PM",RegistryKeyDeleted,,,,network service,wmiprvse.exe
"Sep 1, 2026 1:18:55 PM",RegistryKeyCreated,HKEY_LOCAL_MACHINE\BCD00000000\Objects\{a5a30fa2-3d06-4e9f-b5f4-a01df9d1fcba},,,network service,wmiprvse.exe
"Sep 1, 2026 1:18:55 PM",RegistryKeyCreated,HKEY_LOCAL_MACHINE\BCD00000000\Objects\{a5a30fa2-3d06-4e9f-b5f4-a01df9d1fcba}\Description,,,network service,wmiprvse.exe
"Sep 1, 2026 1:18:55 PM",RegistryValueSet,HKEY_LOCAL_MACHINE\BCD00000000\Objects\{a5a30fa2-3d06-4e9f-b5f4-a01df9d1fcba}\Description,Type,269484033,network service,wmiprvse.exe
"Sep 1, 2026 1:18:55 PM",RegistryKeyCreated,HKEY_LOCAL_MACHINE\BCD00000000\Objects\{a5a30fa2-3d06-4e9f-b5f4-a01df9d1fcba}\Elements,,,network service,wmiprvse.exe
"Sep 1, 2026 1:18:55 PM",RegistryKeyCreated,HKEY_LOCAL_MACHINE\BCD00000000\Objects\{a5a30fa2-3d06-4e9f-b5f4-a01df9d1fcba}\Elements\24000001,,,network service,wmiprvse.exe
"Sep 1, 2026 1:18:55 PM",RegistryValueSet,HKEY_LOCAL_MACHINE\BCD00000000\Objects\{a5a30fa2-3d06-4e9f-b5f4-a01df9d1fcba}\Elements\24000001,Element,{9dea862c-5cdd-4e70-acc1-f32b344d4795},network service,wmiprvse.exe
"Sep 1, 2026 1:18:55 PM",RegistryValueSet,HKEY_LOCAL_MACHINE\BCD00000000\Objects\{0c5b8103-93d0-11f1-8f67-806e6f6e6963}\Elements\11000001,Element,,network service,wmiprvse.exe
"Sep 1, 2026 1:18:55 PM",RegistryKeyDeleted,,,,network service,wmiprvse.exe
"Sep 1, 2026 1:18:55 PM",RegistryKeyCreated,HKEY_LOCAL_MACHINE\BCD00000000\Objects\{9dea862c-5cdd-4e70-acc1-f32b344d4795}\Elements\12000002,,,network service,wmiprvse.exe
"Sep 1, 2026 1:18:55 PM",RegistryValueSet,HKEY_LOCAL_MACHINE\BCD00000000\Objects\{9dea862c-5cdd-4e70-acc1-f32b344d4795}\Elements\12000002,Element,\EFI\Microsoft\Boot\bootmgfw.efi,network service,wmiprvse.exe
"Sep 1, 2026 1:18:55 PM",RegistryKeyDeleted,,,,network service,wmiprvse.exe
"Sep 1, 2026 1:18:55 PM",RegistryKeyCreated,HKEY_LOCAL_MACHINE\BCD00000000\Objects\{0c5b8103-93d0-11f1-8f67-806e6f6e6963}\Elements\11000001,,,network service,wmiprvse.exe
"Sep 1, 2026 1:18:55 PM",RegistryKeyCreated,HKEY_LOCAL_MACHINE\BCD00000000\Objects\{9dea862c-5cdd-4e70-acc1-f32b344d4795}\Elements\11000001,,,network service,wmiprvse.exe
"Sep 1, 2026 1:18:55 PM",RegistryValueSet,HKEY_LOCAL_MACHINE\BCD00000000\Objects\{9dea862c-5cdd-4e70-acc1-f32b344d4795}\Elements\11000001,Element,,network service,wmiprvse.exe
"Sep 1, 2026 1:18:55 PM",RegistryKeyDeleted,,,,network service,wmiprvse.exe
"Sep 1, 2026 1:18:55 PM",RegistryKeyCreated,HKEY_LOCAL_MACHINE\BCD00000000\Objects\{a5a30fa2-3d06-4e9f-b5f4-a01df9d1fcba}\Elements\24000001,,,network service,wmiprvse.exe
"Sep 1, 2026 1:18:55 PM",RegistryValueSet,HKEY_LOCAL_MACHINE\BCD00000000\Objects\{a5a30fa2-3d06-4e9f-b5f4-a01df9d1fcba}\Elements\24000001,Element,{9dea862c-5cdd-4e70-acc1-f32b344d4795},network service,wmiprvse.exe
"Sep 1, 2026 1:18:55 PM",RegistryKeyCreated,HKEY_LOCAL_MACHINE\BCD00000000\Objects\{a5a30fa2-3d06-4e9f-b5f4-a01df9d1fcba}\Elements\25000004,,,network service,wmiprvse.exe
"Sep 1, 2026 1:18:55 PM",RegistryValueSet,HKEY_LOCAL_MACHINE\BCD00000000\Objects\{a5a30fa2-3d06-4e9f-b5f4-a01df9d1fcba}\Elements\25000004,Element,,network service,wmiprvse.exe
"Sep 1, 2026 1:18:55 PM",RegistryKeyDeleted,,,,network service,wmiprvse.exe
"Sep 1, 2026 1:18:55 PM",RegistryKeyDeleted,,,,network service,wmiprvse.exe
"Sep 1, 2026 1:18:55 PM",RegistryKeyDeleted,,,,network service,wmiprvse.exe
"Sep 1, 2026 1:18:55 PM",RegistryKeyDeleted,,,,network service,wmiprvse.exe
"Sep 1, 2026 1:18:55 PM",RegistryKeyDeleted,,,,network service,wmiprvse.exe
"Sep 1, 2026 1:18:55 PM",RegistryKeyCreated,HKEY_LOCAL_MACHINE\BCD00000000\Objects\{a5a30fa2-3d06-4e9f-b5f4-a01df9d1fcba},,,network service,wmiprvse.exe
"Sep 1, 2026 1:18:55 PM",RegistryKeyCreated,HKEY_LOCAL_MACHINE\BCD00000000\Objects\{a5a30fa2-3d06-4e9f-b5f4-a01df9d1fcba}\Description,,,network service,wmiprvse.exe
"Sep 1, 2026 1:18:55 PM",RegistryValueSet,HKEY_LOCAL_MACHINE\BCD00000000\Objects\{a5a30fa2-3d06-4e9f-b5f4-a01df9d1fcba}\Description,Type,269484033,network service,wmiprvse.exe
"Sep 1, 2026 1:18:55 PM",RegistryKeyCreated,HKEY_LOCAL_MACHINE\BCD00000000\Objects\{a5a30fa2-3d06-4e9f-b5f4-a01df9d1fcba}\Elements,,,network service,wmiprvse.exe
"Sep 1, 2026 1:18:55 PM",RegistryKeyDeleted,,,,network service,wmiprvse.exe
"Sep 1, 2026 1:18:55 PM",RegistryKeyCreated,HKEY_LOCAL_MACHINE\BCD00000000\Objects\{0c5b8103-93d0-11f1-8f67-806e6f6e6963}\Elements\11000001,,,network service,wmiprvse.exe
"Sep 1, 2026 1:18:55 PM",RegistryValueSet,HKEY_LOCAL_MACHINE\BCD00000000\Objects\{0c5b8103-93d0-11f1-8f67-806e6f6e6963}\Elements\11000001,Element,,network service,wmiprvse.exe
"Sep 1, 2026 1:18:55 PM",RegistryValueSet,HKEY_LOCAL_MACHINE\BCD00000000\Objects\{9dea862c-5cdd-4e70-acc1-f32b344d4795}\Elements\11000001,Element,,network service,wmiprvse.exe
"Sep 1, 2026 1:18:55 PM",RegistryKeyDeleted,,,,network service,wmiprvse.exe
"Sep 1, 2026 1:18:55 PM",RegistryKeyCreated,HKEY_LOCAL_MACHINE\BCD00000000\Objects\{9dea862c-5cdd-4e70-acc1-f32b344d4795}\Elements\12000002,,,network service,wmiprvse.exe
"Sep 1, 2026 1:18:55 PM",RegistryValueSet,HKEY_LOCAL_MACHINE\BCD00000000\Objects\{9dea862c-5cdd-4e70-acc1-f32b344d4795}\Elements\12000002,Element,\EFI\Microsoft\Boot\bootmgfw.efi,network service,wmiprvse.exe
"Sep 1, 2026 1:18:55 PM",RegistryKeyCreated,HKEY_LOCAL_MACHINE\BCD00000000\Objects\{9dea862c-5cdd-4e70-acc1-f32b344d4795}\Elements\11000001,,,network service,wmiprvse.exe
"Sep 1, 2026 1:18:55 PM",RegistryKeyDeleted,,,,network service,wmiprvse.exe
"Sep 1, 2026 1:18:54 PM",RegistryKeyCreated,HKEY_LOCAL_MACHINE\BCD00000000\Objects\{a5a30fa2-3d06-4e9f-b5f4-a01df9d1fcba}\Elements\25000004,,,network service,wmiprvse.exe
"Sep 1, 2026 1:18:54 PM",RegistryValueSet,HKEY_LOCAL_MACHINE\BCD00000000\Objects\{a5a30fa2-3d06-4e9f-b5f4-a01df9d1fcba}\Elements\25000004,Element,,network service,wmiprvse.exe
"Sep 1, 2026 1:18:54 PM",RegistryKeyCreated,HKEY_LOCAL_MACHINE\BCD00000000\Objects\{a5a30fa2-3d06-4e9f-b5f4-a01df9d1fcba}\Description,,,network service,wmiprvse.exe
"Sep 1, 2026 1:18:54 PM",RegistryValueSet,HKEY_LOCAL_MACHINE\BCD00000000\Objects\{a5a30fa2-3d06-4e9f-b5f4-a01df9d1fcba}\Description,Type,269484033,network service,wmiprvse.exe
"Sep 1, 2026 1:18:54 PM",RegistryKeyCreated,HKEY_LOCAL_MACHINE\BCD00000000\Objects\{a5a30fa2-3d06-4e9f-b5f4-a01df9d1fcba}\Elements,,,network service,wmiprvse.exe
"Sep 1, 2026 1:18:54 PM",RegistryKeyCreated,HKEY_LOCAL_MACHINE\BCD00000000\Objects\{a5a30fa2-3d06-4e9f-b5f4-a01df9d1fcba}\Elements\24000001,,,network service,wmiprvse.exe
"Sep 1, 2026 1:18:54 PM",RegistryValueSet,HKEY_LOCAL_MACHINE\BCD00000000\Objects\{a5a30fa2-3d06-4e9f-b5f4-a01df9d1fcba}\Elements\24000001,Element,{9dea862c-5cdd-4e70-acc1-f32b344d4795},network service,wmiprvse.exe
"Sep 1, 2026 1:18:54 PM",RegistryValueSet,HKEY_LOCAL_MACHINE\BCD00000000\Objects\{0c5b8103-93d0-11f1-8f67-806e6f6e6963}\Elements\11000001,Element,,network service,wmiprvse.exe
"Sep 1, 2026 1:18:54 PM",RegistryKeyDeleted,,,,network service,wmiprvse.exe
"Sep 1, 2026 1:18:54 PM",RegistryKeyDeleted,,,,network service,wmiprvse.exe
"Sep 1, 2026 1:18:54 PM",RegistryKeyDeleted,,,,network service,wmiprvse.exe
"Sep 1, 2026 1:18:54 PM",RegistryKeyDeleted,,,,network service,wmiprvse.exe
"Sep 1, 2026 1:18:54 PM",RegistryKeyDeleted,,,,network service,wmiprvse.exe
"Sep 1, 2026 1:18:54 PM",RegistryKeyCreated,HKEY_LOCAL_MACHINE\BCD00000000\Objects\{a5a30fa2-3d06-4e9f-b5f4-a01df9d1fcba},,,network service,wmiprvse.exe
"Sep 1, 2026 1:18:54 PM",RegistryKeyDeleted,,,,network service,wmiprvse.exe
"Sep 1, 2026 1:18:54 PM",RegistryKeyCreated,HKEY_LOCAL_MACHINE\BCD00000000\Objects\{0c5b8103-93d0-11f1-8f67-806e6f6e6963}\Elements\11000001,,,network service,wmiprvse.exe
"Sep 1, 2026 1:18:54 PM",RegistryValueSet,HKEY_LOCAL_MACHINE\BCD00000000\Objects\{9dea862c-5cdd-4e70-acc1-f32b344d4795}\Elements\11000001,Element,,network service,wmiprvse.exe
"Sep 1, 2026 1:18:54 PM",RegistryKeyDeleted,,,,network service,wmiprvse.exe
"Sep 1, 2026 1:18:54 PM",RegistryKeyCreated,HKEY_LOCAL_MACHINE\BCD00000000\Objects\{9dea862c-5cdd-4e70-acc1-f32b344d4795}\Elements\12000002,,,network service,wmiprvse.exe
"Sep 1, 2026 1:18:54 PM",RegistryValueSet,HKEY_LOCAL_MACHINE\BCD00000000\Objects\{9dea862c-5cdd-4e70-acc1-f32b344d4795}\Elements\12000002,Element,\EFI\Microsoft\Boot\bootmgfw.efi,network service,wmiprvse.exe
"Sep 1, 2026 1:18:54 PM",RegistryKeyCreated,HKEY_LOCAL_MACHINE\BCD00000000\Objects\{9dea862c-5cdd-4e70-acc1-f32b344d4795}\Elements\11000001,,,network service,wmiprvse.exe
"Sep 1, 2026 1:18:54 PM",RegistryKeyDeleted,,,,network service,wmiprvse.exe
"Sep 1, 2026 1:17:42 PM",RegistryValueSet,HKEY_LOCAL_MACHINE\SYSTEM\ControlSet001\Control\CI\WhqlOnlyEvaluation,SystemUptime,813970470000,system,aggregatorhost.exe
"Sep 1, 2026 1:17:42 PM",RegistryValueSet,HKEY_LOCAL_MACHINE\SYSTEM\ControlSet001\Control\CI\WhqlOnlyEvaluation,SystemUptimeTimestamp,144227340000,system,aggregatorhost.exe
"Sep 1, 2026 1:17:20 PM",RegistryValueSet,HKEY_LOCAL_MACHINE\SYSTEM\ControlSet001\Services\Tcpip\Parameters,Health,,system,ntoskrnl.exe
"Sep 1, 2026 12:24:03 PM",RegistryKeyCreated,HKEY_CURRENT_USER\S-1-5-21-1182323251-63060258-113523888-500_Classes\CLSID\{47E6DCAF-41F8-441C-BD0E-A50D5FE6C4D1}\LocalServer32,,,mac,onedrive.sync.service.exe
"Sep 1, 2026 12:24:03 PM",RegistryValueSet,HKEY_CURRENT_USER\S-1-5-21-1182323251-63060258-113523888-500_Classes\CLSID\{47E6DCAF-41F8-441C-BD0E-A50D5FE6C4D1}\LocalServer32,,"""C:\Users\Mac\AppData\Local\Microsoft\OneDrive\26.150.0804.0011\OneDrive.Sync.Service.exe""",mac,onedrive.sync.service.exe
"Sep 1, 2026 12:24:03 PM",RegistryKeyCreated,HKEY_CURRENT_USER\S-1-5-21-1182323251-63060258-113523888-500_Classes\CLSID\{917E8742-AA3B-7318-FA12-10485FB322A2}\LocalServer32,,,mac,onedrive.sync.service.exe
"Sep 1, 2026 12:24:03 PM",RegistryValueSet,HKEY_CURRENT_USER\S-1-5-21-1182323251-63060258-113523888-500_Classes\CLSID\{917E8742-AA3B-7318-FA12-10485FB322A2}\LocalServer32,,"""C:\Users\Mac\AppData\Local\Microsoft\OneDrive\26.150.0804.0011\OneDrive.Sync.Service.exe""",mac,onedrive.sync.service.exe
"Sep 1, 2026 12:24:03 PM",RegistryValueSet,HKEY_CURRENT_USER\S-1-5-21-1182323251-63060258-113523888-500_Classes\TypeLib\{F904F88C-E60D-4327-9FA2-865AD075B400}\1.0,,Microsoft OneDrive Sync Service Type Library,mac,onedrive.sync.service.exe
"Sep 1, 2026 12:24:03 PM",RegistryKeyCreated,HKEY_CURRENT_USER\S-1-5-21-1182323251-63060258-113523888-500_Classes\TypeLib\{F904F88C-E60D-4327-9FA2-865AD075B400}\1.0\0,,,mac,onedrive.sync.service.exe
"Sep 1, 2026 12:24:03 PM",RegistryKeyCreated,HKEY_CURRENT_USER\S-1-5-21-1182323251-63060258-113523888-500_Classes\TypeLib\{F904F88C-E60D-4327-9FA2-865AD075B400}\1.0\0\win32,,,mac,onedrive.sync.service.exe
"Sep 1, 2026 12:24:03 PM",RegistryValueSet,HKEY_CURRENT_USER\S-1-5-21-1182323251-63060258-113523888-500_Classes\TypeLib\{F904F88C-E60D-4327-9FA2-865AD075B400}\1.0\0\win32,,C:\Users\Mac\AppData\Local\Microsoft\OneDrive\26.150.0804.0011\OneDrive.Sync.Service.dll\2,mac,onedrive.sync.service.exe
"Sep 1, 2026 12:24:03 PM",RegistryKeyCreated,HKEY_CURRENT_USER\S-1-5-21-1182323251-63060258-113523888-500_Classes\TypeLib\{F904F88C-E60D-4327-9FA2-865AD075B400}\1.0\FLAGS,,,mac,onedrive.sync.service.exe
"Sep 1, 2026 12:24:03 PM",RegistryValueSet,HKEY_CURRENT_USER\S-1-5-21-1182323251-63060258-113523888-500_Classes\TypeLib\{F904F88C-E60D-4327-9FA2-865AD075B400}\1.0\FLAGS,,0,mac,onedrive.sync.service.exe
"Sep 1, 2026 12:24:03 PM",RegistryKeyCreated,HKEY_CURRENT_USER\S-1-5-21-1182323251-63060258-113523888-500_Classes\TypeLib\{F904F88C-E60D-4327-9FA2-865AD075B400}\1.0\HELPDIR,,,mac,onedrive.sync.service.exe
"Sep 1, 2026 12:24:03 PM",RegistryValueSet,HKEY_CURRENT_USER\S-1-5-21-1182323251-63060258-113523888-500_Classes\TypeLib\{F904F88C-E60D-4327-9FA2-865AD075B400}\1.0\HELPDIR,,C:\Users\Mac\AppData\Local\Microsoft\OneDrive\26.150.0804.0011,mac,onedrive.sync.service.exe
"Sep 1, 2026 12:24:03 PM",RegistryKeyCreated,HKEY_CURRENT_USER\S-1-5-21-1182323251-63060258-113523888-500_Classes\TypeLib\{F904F88C-E60D-4327-9FA2-865AD075B400},,,mac,onedrive.sync.service.exe
"Sep 1, 2026 12:24:03 PM",RegistryKeyCreated,HKEY_CURRENT_USER\S-1-5-21-1182323251-63060258-113523888-500_Classes\TypeLib\{F904F88C-E60D-4327-9FA2-865AD075B400}\1.0,,,mac,onedrive.sync.service.exe
"Sep 1, 2026 12:24:03 PM",RegistryKeyDeleted,,,,mac,onedrive.sync.service.exe
"Sep 1, 2026 12:24:03 PM",RegistryKeyDeleted,,,,mac,onedrive.sync.service.exe
"Sep 1, 2026 12:24:03 PM",RegistryKeyDeleted,,,,mac,onedrive.sync.service.exe
"Sep 1, 2026 12:24:03 PM",RegistryKeyDeleted,,,,mac,onedrive.sync.service.exe
"Sep 1, 2026 12:24:03 PM",RegistryKeyDeleted,,,,mac,onedrive.sync.service.exe
"Sep 1, 2026 12:24:03 PM",RegistryKeyDeleted,,,,mac,onedrive.sync.service.exe
"Sep 1, 2026 12:24:03 PM",RegistryKeyDeleted,,,,mac,onedrive.sync.service.exe
"Sep 1, 2026 12:24:03 PM",RegistryKeyDeleted,,,,mac,onedrive.sync.service.exe
"Sep 1, 2026 12:22:35 PM",RegistryKeyCreated,HKEY_LOCAL_MACHINE\Software\Microsoft\Windows NT\CurrentVersion\AppCompatFlags\InstalledSDB\{22221111-1111-1111-1111-111111111111},,,system,sdbinst.exe
"Sep 1, 2026 12:22:35 PM",RegistryValueSet,HKEY_LOCAL_MACHINE\SOFTWARE\Microsoft\Windows NT\CurrentVersion\AppCompatFlags\InstalledSDB\{22221111-1111-1111-1111-111111111111},DatabasePath,C:\Windows\AppPatch\CustomSDB\{22221111-1111-1111-1111-111111111111}.sdb,system,sdbinst.exe
"Sep 1, 2026 12:22:35 PM",RegistryValueSet,HKEY_LOCAL_MACHINE\SOFTWARE\Microsoft\Windows NT\CurrentVersion\AppCompatFlags\InstalledSDB\{22221111-1111-1111-1111-111111111111},DatabaseType,65536,system,sdbinst.exe
"Sep 1, 2026 12:22:35 PM",RegistryValueSet,HKEY_LOCAL_MACHINE\SOFTWARE\Microsoft\Windows NT\CurrentVersion\AppCompatFlags\InstalledSDB\{22221111-1111-1111-1111-111111111111},DatabaseRuntimePlatform,6,system,sdbinst.exe
"Sep 1, 2026 12:22:35 PM",RegistryValueSet,HKEY_LOCAL_MACHINE\SOFTWARE\Microsoft\Windows NT\CurrentVersion\AppCompatFlags\InstalledSDB\{22221111-1111-1111-1111-111111111111},DatabaseDescription,Microsoft Windows Application Compatibility Fix Database,system,sdbinst.exe
"Sep 1, 2026 12:22:35 PM",RegistryValueSet,HKEY_LOCAL_MACHINE\SOFTWARE\Microsoft\Windows NT\CurrentVersion\AppCompatFlags\InstalledSDB\{22221111-1111-1111-1111-111111111111},DatabaseInstallTimeStamp,134327533556759877,system,sdbinst.exe
"Sep 1, 2026 12:22:35 PM",RegistryValueSet,HKEY_LOCAL_MACHINE\SOFTWARE\Microsoft\Windows\CurrentVersion\Uninstall\{22221111-1111-1111-1111-111111111111}.sdb,UninstallString,"%windir%\system32\sdbinst.exe -u ""C:\Windows\AppPatch\CustomSDB\{22221111-1111-1111-1111-111111111111}.sdb""",system,sdbinst.exe
"Sep 1, 2026 12:22:35 PM",RegistryKeyCreated,HKEY_LOCAL_MACHINE\Software\Microsoft\Windows\CurrentVersion\Uninstall\{22221111-1111-1111-1111-111111111111}.sdb,,,system,sdbinst.exe
"Sep 1, 2026 12:22:35 PM",RegistryValueSet,HKEY_LOCAL_MACHINE\SOFTWARE\Microsoft\Windows\CurrentVersion\Uninstall\{22221111-1111-1111-1111-111111111111}.sdb,DisplayName,Microsoft Windows Application Compatibility Fix Database,system,sdbinst.exe
"Sep 1, 2026 12:22:35 PM",RegistryKeyCreated,HKEY_LOCAL_MACHINE\Software\Microsoft\Windows NT\CurrentVersion\AppCompatFlags\Custom\patchsdbtestHardBlock.exe,,,system,sdbinst.exe
"Sep 1, 2026 12:22:35 PM",RegistryValueSet,HKEY_LOCAL_MACHINE\SOFTWARE\Microsoft\Windows NT\CurrentVersion\AppCompatFlags\Custom\patchsdbtestHardBlock.exe,{22221111-1111-1111-1111-111111111111}.sdb,134327533556759877,system,sdbinst.exe
"Sep 1, 2026 12:22:35 PM",RegistryKeyCreated,HKEY_LOCAL_MACHINE\Software\Microsoft\Windows NT\CurrentVersion\AppCompatFlags\Custom\PioneerGame.exe,,,system,sdbinst.exe
"Sep 1, 2026 12:22:35 PM",RegistryValueSet,HKEY_LOCAL_MACHINE\SOFTWARE\Microsoft\Windows NT\CurrentVersion\AppCompatFlags\Custom\PioneerGame.exe,{22221111-1111-1111-1111-111111111111}.sdb,134327533556759877,system,sdbinst.exe
"Sep 1, 2026 12:22:35 PM",RegistryKeyDeleted,,,,system,sdbinst.exe
"Sep 1, 2026 12:22:35 PM",RegistryKeyDeleted,,,,system,sdbinst.exe
"Sep 1, 2026 12:22:35 PM",RegistryKeyCreated,HKEY_LOCAL_MACHINE\Software\Microsoft\Windows NT\CurrentVersion\AppCompatFlags\Custom\AsusDialService.exe,,,system,sdbinst.exe
"Sep 1, 2026 12:22:35 PM",RegistryValueSet,HKEY_LOCAL_MACHINE\SOFTWARE\Microsoft\Windows NT\CurrentVersion\AppCompatFlags\Custom\AsusDialService.exe,{22221111-1111-1111-1111-111111111111}.sdb,134327533556759877,system,sdbinst.exe
"Sep 1, 2026 12:22:35 PM",RegistryKeyCreated,HKEY_LOCAL_MACHINE\Software\Microsoft\Windows NT\CurrentVersion\AppCompatFlags\Custom\patchsdbtest.exe,,,system,sdbinst.exe
"Sep 1, 2026 12:22:35 PM",RegistryValueSet,HKEY_LOCAL_MACHINE\SOFTWARE\Microsoft\Windows NT\CurrentVersion\AppCompatFlags\Custom\patchsdbtest.exe,{22221111-1111-1111-1111-111111111111}.sdb,134327533556759877,system,sdbinst.exe
"Sep 1, 2026 12:22:35 PM",RegistryValueDeleted,,,,system,sdbinst.exe
"Sep 1, 2026 12:22:35 PM",RegistryKeyDeleted,,,,system,sdbinst.exe
"Sep 1, 2026 12:22:35 PM",RegistryValueDeleted,,,,system,sdbinst.exe
"Sep 1, 2026 12:22:35 PM",RegistryKeyDeleted,,,,system,sdbinst.exe
"Sep 1, 2026 12:22:35 PM",RegistryValueDeleted,,,,system,sdbinst.exe
"Sep 1, 2026 12:22:35 PM",RegistryKeyDeleted,,,,system,sdbinst.exe
"Sep 1, 2026 12:18:45 PM",RegistryKeyCreated,HKEY_LOCAL_MACHINE\BCD00000000\Objects\{a5a30fa2-3d06-4e9f-b5f4-a01df9d1fcba}\Elements\24000001,,,network service,wmiprvse.exe
"Sep 1, 2026 12:18:45 PM",RegistryValueSet,HKEY_LOCAL_MACHINE\BCD00000000\Objects\{a5a30fa2-3d06-4e9f-b5f4-a01df9d1fcba}\Elements\24000001,Element,{9dea862c-5cdd-4e70-acc1-f32b344d4795},network service,wmiprvse.exe
"Sep 1, 2026 12:18:45 PM",RegistryKeyCreated,HKEY_LOCAL_MACHINE\BCD00000000\Objects\{a5a30fa2-3d06-4e9f-b5f4-a01df9d1fcba}\Elements\25000004,,,network service,wmiprvse.exe
"Sep 1, 2026 12:18:45 PM",RegistryValueSet,HKEY_LOCAL_MACHINE\BCD00000000\Objects\{a5a30fa2-3d06-4e9f-b5f4-a01df9d1fcba}\Elements\25000004,Element,,network service,wmiprvse.exe
"Sep 1, 2026 12:18:45 PM",RegistryValueSet,HKEY_LOCAL_MACHINE\BCD00000000\Objects\{0c5b8103-93d0-11f1-8f67-806e6f6e6963}\Elements\11000001,Element,,network service,wmiprvse.exe
"Sep 1, 2026 12:18:45 PM",RegistryKeyDeleted,,,,network service,wmiprvse.exe
"Sep 1, 2026 12:18:45 PM",RegistryKeyDeleted,,,,network service,wmiprvse.exe
"Sep 1, 2026 12:18:45 PM",RegistryKeyDeleted,,,,network service,wmiprvse.exe
"Sep 1, 2026 12:18:45 PM",RegistryKeyDeleted,,,,network service,wmiprvse.exe
"Sep 1, 2026 12:18:45 PM",RegistryKeyDeleted,,,,network service,wmiprvse.exe
"Sep 1, 2026 12:18:45 PM",RegistryKeyCreated,HKEY_LOCAL_MACHINE\BCD00000000\Objects\{a5a30fa2-3d06-4e9f-b5f4-a01df9d1fcba},,,network service,wmiprvse.exe
"Sep 1, 2026 12:18:45 PM",RegistryKeyCreated,HKEY_LOCAL_MACHINE\BCD00000000\Objects\{a5a30fa2-3d06-4e9f-b5f4-a01df9d1fcba}\Description,,,network service,wmiprvse.exe
"Sep 1, 2026 12:18:45 PM",RegistryValueSet,HKEY_LOCAL_MACHINE\BCD00000000\Objects\{a5a30fa2-3d06-4e9f-b5f4-a01df9d1fcba}\Description,Type,269484033,network service,wmiprvse.exe
"Sep 1, 2026 12:18:45 PM",RegistryKeyCreated,HKEY_LOCAL_MACHINE\BCD00000000\Objects\{a5a30fa2-3d06-4e9f-b5f4-a01df9d1fcba}\Elements,,,network service,wmiprvse.exe
"Sep 1, 2026 12:18:45 PM",RegistryKeyCreated,HKEY_LOCAL_MACHINE\BCD00000000\Objects\{9dea862c-5cdd-4e70-acc1-f32b344d4795}\Elements\12000002,,,network service,wmiprvse.exe
"Sep 1, 2026 12:18:45 PM",RegistryValueSet,HKEY_LOCAL_MACHINE\BCD00000000\Objects\{9dea862c-5cdd-4e70-acc1-f32b344d4795}\Elements\12000002,Element,\EFI\Microsoft\Boot\bootmgfw.efi,network service,wmiprvse.exe
"Sep 1, 2026 12:18:45 PM",RegistryKeyDeleted,,,,network service,wmiprvse.exe
"Sep 1, 2026 12:18:45 PM",RegistryKeyCreated,HKEY_LOCAL_MACHINE\BCD00000000\Objects\{0c5b8103-93d0-11f1-8f67-806e6f6e6963}\Elements\11000001,,,network service,wmiprvse.exe
"Sep 1, 2026 12:18:45 PM",RegistryKeyCreated,HKEY_LOCAL_MACHINE\BCD00000000\Objects\{9dea862c-5cdd-4e70-acc1-f32b344d4795}\Elements\11000001,,,network service,wmiprvse.exe
"Sep 1, 2026 12:18:45 PM",RegistryValueSet,HKEY_LOCAL_MACHINE\BCD00000000\Objects\{9dea862c-5cdd-4e70-acc1-f32b344d4795}\Elements\11000001,Element,,network service,wmiprvse.exe
"Sep 1, 2026 12:18:45 PM",RegistryKeyDeleted,,,,network service,wmiprvse.exe
"Sep 1, 2026 12:18:45 PM",RegistryKeyDeleted,,,,network service,wmiprvse.exe
"Sep 1, 2026 12:18:45 PM",RegistryKeyCreated,HKEY_LOCAL_MACHINE\BCD00000000\Objects\{a5a30fa2-3d06-4e9f-b5f4-a01df9d1fcba}\Elements\25000004,,,network service,wmiprvse.exe
"Sep 1, 2026 12:18:45 PM",RegistryValueSet,HKEY_LOCAL_MACHINE\BCD00000000\Objects\{a5a30fa2-3d06-4e9f-b5f4-a01df9d1fcba}\Elements\25000004,Element,,network service,wmiprvse.exe
"Sep 1, 2026 12:18:45 PM",RegistryKeyDeleted,,,,network service,wmiprvse.exe
"Sep 1, 2026 12:18:45 PM",RegistryKeyDeleted,,,,network service,wmiprvse.exe
"Sep 1, 2026 12:18:45 PM",RegistryKeyDeleted,,,,network service,wmiprvse.exe
"Sep 1, 2026 12:18:45 PM",RegistryKeyCreated,HKEY_LOCAL_MACHINE\BCD00000000\Objects\{a5a30fa2-3d06-4e9f-b5f4-a01df9d1fcba},,,network service,wmiprvse.exe
"Sep 1, 2026 12:18:45 PM",RegistryKeyCreated,HKEY_LOCAL_MACHINE\BCD00000000\Objects\{a5a30fa2-3d06-4e9f-b5f4-a01df9d1fcba}\Description,,,network service,wmiprvse.exe
"Sep 1, 2026 12:18:45 PM",RegistryValueSet,HKEY_LOCAL_MACHINE\BCD00000000\Objects\{a5a30fa2-3d06-4e9f-b5f4-a01df9d1fcba}\Description,Type,269484033,network service,wmiprvse.exe
"Sep 1, 2026 12:18:45 PM",RegistryKeyCreated,HKEY_LOCAL_MACHINE\BCD00000000\Objects\{a5a30fa2-3d06-4e9f-b5f4-a01df9d1fcba}\Elements,,,network service,wmiprvse.exe
"Sep 1, 2026 12:18:45 PM",RegistryKeyCreated,HKEY_LOCAL_MACHINE\BCD00000000\Objects\{a5a30fa2-3d06-4e9f-b5f4-a01df9d1fcba}\Elements\24000001,,,network service,wmiprvse.exe
"Sep 1, 2026 12:18:45 PM",RegistryValueSet,HKEY_LOCAL_MACHINE\BCD00000000\Objects\{a5a30fa2-3d06-4e9f-b5f4-a01df9d1fcba}\Elements\24000001,Element,{9dea862c-5cdd-4e70-acc1-f32b344d4795},network service,wmiprvse.exe
"Sep 1, 2026 12:18:45 PM",RegistryValueSet,HKEY_LOCAL_MACHINE\BCD00000000\Objects\{0c5b8103-93d0-11f1-8f67-806e6f6e6963}\Elements\11000001,Element,,network service,wmiprvse.exe
"Sep 1, 2026 12:18:45 PM",RegistryKeyDeleted,,,,network service,wmiprvse.exe
"Sep 1, 2026 12:18:45 PM",RegistryKeyDeleted,,,,network service,wmiprvse.exe
"Sep 1, 2026 12:18:45 PM",RegistryKeyCreated,HKEY_LOCAL_MACHINE\BCD00000000\Objects\{9dea862c-5cdd-4e70-acc1-f32b344d4795}\Elements\12000002,,,network service,wmiprvse.exe
"Sep 1, 2026 12:18:45 PM",RegistryValueSet,HKEY_LOCAL_MACHINE\BCD00000000\Objects\{9dea862c-5cdd-4e70-acc1-f32b344d4795}\Elements\12000002,Element,\EFI\Microsoft\Boot\bootmgfw.efi,network service,wmiprvse.exe
"Sep 1, 2026 12:18:45 PM",RegistryKeyDeleted,,,,network service,wmiprvse.exe
"Sep 1, 2026 12:18:45 PM",RegistryKeyCreated,HKEY_LOCAL_MACHINE\BCD00000000\Objects\{0c5b8103-93d0-11f1-8f67-806e6f6e6963}\Elements\11000001,,,network service,wmiprvse.exe
"Sep 1, 2026 12:18:45 PM",RegistryKeyCreated,HKEY_LOCAL_MACHINE\BCD00000000\Objects\{9dea862c-5cdd-4e70-acc1-f32b344d4795}\Elements\11000001,,,network service,wmiprvse.exe
"Sep 1, 2026 12:18:45 PM",RegistryValueSet,HKEY_LOCAL_MACHINE\BCD00000000\Objects\{9dea862c-5cdd-4e70-acc1-f32b344d4795}\Elements\11000001,Element,,network service,wmiprvse.exe
"Sep 1, 2026 12:18:45 PM",RegistryKeyDeleted,,,,network service,wmiprvse.exe
"Sep 1, 2026 12:18:45 PM",RegistryKeyDeleted,,,,network service,wmiprvse.exe
"Sep 1, 2026 12:18:44 PM",RegistryKeyCreated,HKEY_LOCAL_MACHINE\BCD00000000\Objects\{a5a30fa2-3d06-4e9f-b5f4-a01df9d1fcba}\Elements\25000004,,,network service,wmiprvse.exe
"Sep 1, 2026 12:18:44 PM",RegistryValueSet,HKEY_LOCAL_MACHINE\BCD00000000\Objects\{a5a30fa2-3d06-4e9f-b5f4-a01df9d1fcba}\Elements\25000004,Element,,network service,wmiprvse.exe
"Sep 1, 2026 12:18:44 PM",RegistryKeyDeleted,,,,network service,wmiprvse.exe
"Sep 1, 2026 12:18:44 PM",RegistryKeyDeleted,,,,network service,wmiprvse.exe
"Sep 1, 2026 12:18:44 PM",RegistryKeyDeleted,,,,network service,wmiprvse.exe
"Sep 1, 2026 12:18:44 PM",RegistryKeyDeleted,,,,network service,wmiprvse.exe
"Sep 1, 2026 12:18:44 PM",RegistryKeyDeleted,,,,network service,wmiprvse.exe
"Sep 1, 2026 12:18:44 PM",RegistryKeyCreated,HKEY_LOCAL_MACHINE\BCD00000000\Objects\{a5a30fa2-3d06-4e9f-b5f4-a01df9d1fcba},,,network service,wmiprvse.exe
"Sep 1, 2026 12:18:44 PM",RegistryKeyCreated,HKEY_LOCAL_MACHINE\BCD00000000\Objects\{a5a30fa2-3d06-4e9f-b5f4-a01df9d1fcba}\Description,,,network service,wmiprvse.exe
"Sep 1, 2026 12:18:44 PM",RegistryValueSet,HKEY_LOCAL_MACHINE\BCD00000000\Objects\{a5a30fa2-3d06-4e9f-b5f4-a01df9d1fcba}\Description,Type,269484033,network service,wmiprvse.exe
"Sep 1, 2026 12:18:44 PM",RegistryKeyCreated,HKEY_LOCAL_MACHINE\BCD00000000\Objects\{a5a30fa2-3d06-4e9f-b5f4-a01df9d1fcba}\Elements,,,network service,wmiprvse.exe
"Sep 1, 2026 12:18:44 PM",RegistryKeyCreated,HKEY_LOCAL_MACHINE\BCD00000000\Objects\{a5a30fa2-3d06-4e9f-b5f4-a01df9d1fcba}\Elements\24000001,,,network service,wmiprvse.exe
"Sep 1, 2026 12:18:44 PM",RegistryValueSet,HKEY_LOCAL_MACHINE\BCD00000000\Objects\{a5a30fa2-3d06-4e9f-b5f4-a01df9d1fcba}\Elements\24000001,Element,{9dea862c-5cdd-4e70-acc1-f32b344d4795},network service,wmiprvse.exe
"Sep 1, 2026 12:18:44 PM",RegistryValueSet,HKEY_LOCAL_MACHINE\BCD00000000\Objects\{0c5b8103-93d0-11f1-8f67-806e6f6e6963}\Elements\11000001,Element,,network service,wmiprvse.exe
"Sep 1, 2026 12:18:44 PM",RegistryKeyCreated,HKEY_LOCAL_MACHINE\BCD00000000\Objects\{9dea862c-5cdd-4e70-acc1-f32b344d4795}\Elements\12000002,,,network service,wmiprvse.exe
"Sep 1, 2026 12:18:44 PM",RegistryValueSet,HKEY_LOCAL_MACHINE\BCD00000000\Objects\{9dea862c-5cdd-4e70-acc1-f32b344d4795}\Elements\12000002,Element,\EFI\Microsoft\Boot\bootmgfw.efi,network service,wmiprvse.exe
"Sep 1, 2026 12:18:44 PM",RegistryKeyDeleted,,,,network service,wmiprvse.exe
"Sep 1, 2026 12:18:44 PM",RegistryKeyCreated,HKEY_LOCAL_MACHINE\BCD00000000\Objects\{0c5b8103-93d0-11f1-8f67-806e6f6e6963}\Elements\11000001,,,network service,wmiprvse.exe
"Sep 1, 2026 12:18:44 PM",RegistryKeyCreated,HKEY_LOCAL_MACHINE\BCD00000000\Objects\{9dea862c-5cdd-4e70-acc1-f32b344d4795}\Elements\11000001,,,network service,wmiprvse.exe
"Sep 1, 2026 12:18:44 PM",RegistryValueSet,HKEY_LOCAL_MACHINE\BCD00000000\Objects\{9dea862c-5cdd-4e70-acc1-f32b344d4795}\Elements\11000001,Element,,network service,wmiprvse.exe
"Sep 1, 2026 12:18:44 PM",RegistryKeyDeleted,,,,network service,wmiprvse.exe
"Sep 1, 2026 12:18:44 PM",RegistryKeyDeleted,,,,network service,wmiprvse.exe
"Sep 1, 2026 12:17:42 PM",RegistryValueSet,HKEY_LOCAL_MACHINE\SYSTEM\ControlSet001\Control\CI\WhqlOnlyEvaluation,SystemUptime,777970470000,system,aggregatorhost.exe
"Sep 1, 2026 12:17:42 PM",RegistryValueSet,HKEY_LOCAL_MACHINE\SYSTEM\ControlSet001\Control\CI\WhqlOnlyEvaluation,SystemUptimeTimestamp,108227340000,system,aggregatorhost.exe
"Sep 1, 2026 12:17:20 PM",RegistryValueSet,HKEY_LOCAL_MACHINE\SYSTEM\ControlSet001\Services\Tcpip\Parameters,Health,,system,ntoskrnl.exe
"Sep 1, 2026 11:57:11 AM",RegistryValueSet,HKEY_LOCAL_MACHINE\SYSTEM\ControlSet001\Services\IKEEXT,Start,2,system,services.exe
"Sep 1, 2026 11:57:11 AM",RegistryValueSet,HKEY_LOCAL_MACHINE\SYSTEM\ControlSet001\Services\SharedAccess\Parameters\FirewallPolicy\PublicProfile,EnableFirewall,0,local service,svchost.exe
"Sep 1, 2026 11:57:11 AM",RegistryValueSet,HKEY_LOCAL_MACHINE\SYSTEM\ControlSet001\Services\SharedAccess\Parameters\FirewallPolicy\StandardProfile,EnableFirewall,0,local service,svchost.exe
"Sep 1, 2026 11:57:11 AM",RegistryValueSet,HKEY_LOCAL_MACHINE\SYSTEM\ControlSet001\Services\SharedAccess\Parameters\FirewallPolicy\DomainProfile,EnableFirewall,0,local service,svchost.exe
"Sep 1, 2026 11:47:45 AM",RegistryValueSet,HKEY_LOCAL_MACHINE\SYSTEM\ControlSet001\Control\Lsa,LimitBlankPasswordUse,0,system,services.exe
"Sep 1, 2026 11:38:06 AM",RegistryValueSet,HKEY_LOCAL_MACHINE\SOFTWARE\Microsoft\Windows Defender,VerifiedAndReputableTrustModeEnabled,0,system,msmpeng.exe
"Sep 1, 2026 11:38:06 AM",RegistryValueSet,HKEY_LOCAL_MACHINE\SOFTWARE\Microsoft\Windows Defender,SmartLockerMode,0,system,msmpeng.exe
"Sep 1, 2026 11:38:06 AM",RegistryValueSet,HKEY_LOCAL_MACHINE\SYSTEM\ControlSet001\Control\CI\Policy,SAC_EnforcementReason,5,system,ntoskrnl.exe
"Sep 1, 2026 11:38:06 AM",RegistryValueSet,HKEY_LOCAL_MACHINE\SYSTEM\ControlSet001\Control\CI\Policy,SAC_PreviousState,2,system,ntoskrnl.exe
"Sep 1, 2026 11:38:06 AM",RegistryValueSet,HKEY_LOCAL_MACHINE\SYSTEM\ControlSet001\Control\CI\Policy,VerifiedAndReputablePolicyState,0,system,ntoskrnl.exe