"HostName","TaskName","Next Run Time","Status","Logon Mode","Last Run Time","Last Result","Author","Task To Run","Start In","Comment","Scheduled Task State","Idle Time","Power Management","Run As User","Delete Task If Not Rescheduled","Stop Task If Runs X Hours and X Mins","Schedule","Schedule Type","Start Time","Start Date","End Date","Days","Months","Repeat: Every","Repeat: Until: Time","Repeat: Until: Duration","Repeat: Stop If Still Running"
"DataFiles-Corp-","\MicrosoftEdgeUpdateTaskMachineCore{7C5DBE10-E857-418A-80BF-F01A78693680}","9/3/2026 2:59:50 PM","Ready","Interactive/Background","9/2/2026 2:59:51 PM","0","N/A","C:\Program Files (x86)\Microsoft\EdgeUpdate\MicrosoftEdgeUpdate.exe /c","N/A","Keeps your Microsoft software up to date. If this task is disabled or stopped, your Microsoft software will not be kept up to date, meaning security vulnerabilities that may arise cannot be fixed and features may not work. This task uninstalls itself wh","Enabled","Disabled","Stop On Battery Mode","SYSTEM","Disabled","72:00:00","Scheduling data is not available in this format.","At logon time","N/A","N/A","N/A","N/A","N/A","N/A","N/A","N/A","N/A"
"DataFiles-Corp-","\MicrosoftEdgeUpdateTaskMachineCore{7C5DBE10-E857-418A-80BF-F01A78693680}","9/3/2026 2:59:50 PM","Ready","Interactive/Background","9/2/2026 2:59:51 PM","0","N/A","C:\Program Files (x86)\Microsoft\EdgeUpdate\MicrosoftEdgeUpdate.exe /c","N/A","Keeps your Microsoft software up to date. If this task is disabled or stopped, your Microsoft software will not be kept up to date, meaning security vulnerabilities that may arise cannot be fixed and features may not work. This task uninstalls itself wh","Enabled","Disabled","Stop On Battery Mode","SYSTEM","Disabled","72:00:00","Scheduling data is not available in this format.","Daily ","2:59:50 PM","8/31/2026","N/A","Every 1 day(s)","N/A","Disabled","Disabled","Disabled","Disabled"
"DataFiles-Corp-","\MicrosoftEdgeUpdateTaskMachineUA{D1963481-6623-4864-A141-8D309BF4C5E6}","9/3/2026 2:29:50 AM","Ready","Interactive/Background","9/3/2026 1:29:52 AM","0","N/A","C:\Program Files (x86)\Microsoft\EdgeUpdate\MicrosoftEdgeUpdate.exe /ua /installsource scheduler","N/A","Keeps your Microsoft software up to date. If this task is disabled or stopped, your Microsoft software will not be kept up to date, meaning security vulnerabilities that may arise cannot be fixed and features may not work. This task uninstalls itself wh","Enabled","Disabled","Stop On Battery Mode","SYSTEM","Disabled","72:00:00","Scheduling data is not available in this format.","Daily ","2:29:50 PM","8/31/2026","N/A","Every 1 day(s)","N/A","1 Hour(s), 0 Minute(s)","None","24 Hour(s), 0 Minute(s)","Disabled"
"DataFiles-Corp-","\OneDrive Reporting Task-S-1-5-21-1182323251-63060258-113523888-500","9/3/2026 3:35:39 PM","Ready","Interactive only","9/1/2026 3:35:40 PM","0","Microsoft Corporation","%localappdata%\Microsoft\OneDrive\OneDriveStandaloneUpdater.exe /reporting","N/A","N/A","Enabled","Disabled","Stop On Battery Mode","Mac","Disabled","02:00:00","Scheduling data is not available in this format.","One Time Only, Hourly ","3:35:39 PM","8/30/2026","N/A","N/A","N/A","24 Hour(s), 0 Minute(s)","None","Disabled","Disabled"
"DataFiles-Corp-","\OneDrive Standalone Update Task-S-1-5-21-1182323251-63060258-113523888-500","9/3/2026 4:22:29 PM","Ready","Interactive only","9/1/2026 4:23:57 PM","-2147160572","Microsoft Corporation","%localappdata%\Microsoft\OneDrive\OneDriveStandaloneUpdater.exe ","N/A","N/A","Enabled","Disabled","Stop On Battery Mode","Mac","Disabled","24:00:00","Scheduling data is not available in this format.","One Time Only, Hourly ","2:00:00 PM","5/1/1992","N/A","N/A","N/A","24 Hour(s), 0 Minute(s)","None","Disabled","Disabled"
"DataFiles-Corp-","\OneDrive Startup Task-S-1-5-21-1182323251-63060258-113523888-500","N/A","Ready","Interactive only","9/1/2026 1:32:58 PM","0","Microsoft Corporation","C:\Users\Mac\AppData\Local\Microsoft\OneDrive\26.150.0804.0011\OneDriveLauncher.exe /startInstances","N/A","N/A","Enabled","Disabled","Stop On Battery Mode","Mac","Disabled","02:00:00","Scheduling data is not available in this format.","At logon time","N/A","N/A","N/A","N/A","N/A","N/A","N/A","N/A","N/A"
"DataFiles-Corp-","\Microsoft\Windows\.NET Framework\.NET Framework NGEN v4.0.30319","N/A","Ready","Interactive/Background","9/2/2026 11:18:17 AM","0","N/A","COM handler","N/A","N/A","Enabled","Disabled","Stop On Battery Mode, No Start On Batteries","SYSTEM","Disabled","02:00:00","Scheduling data is not available in this format.","On demand only","N/A","N/A","N/A","N/A","N/A","N/A","N/A","N/A","N/A"
"DataFiles-Corp-","\Microsoft\Windows\.NET Framework\.NET Framework NGEN v4.0.30319 64","N/A","Ready","Interactive/Background","9/2/2026 11:18:17 AM","0","N/A","COM handler","N/A","N/A","Enabled","Disabled","Stop On Battery Mode, No Start On Batteries","SYSTEM","Disabled","02:00:00","Scheduling data is not available in this format.","On demand only","N/A","N/A","N/A","N/A","N/A","N/A","N/A","N/A","N/A"
"DataFiles-Corp-","\Microsoft\Windows\.NET Framework\.NET Framework NGEN v4.0.30319 64 Critical","N/A","Disabled","Interactive/Background","8/31/2026 2:17:29 PM","0","N/A","COM handler","N/A","N/A","Disabled","Disabled","","SYSTEM","Disabled","02:00:00","Scheduling data is not available in this format.","At idle time","N/A","N/A","N/A","N/A","N/A","N/A","N/A","N/A","N/A"
"DataFiles-Corp-","\Microsoft\Windows\.NET Framework\.NET Framework NGEN v4.0.30319 Critical","N/A","Disabled","Interactive/Background","8/31/2026 2:17:29 PM","0","N/A","COM handler","N/A","N/A","Disabled","Disabled","","SYSTEM","Disabled","02:00:00","Scheduling data is not available in this format.","At idle time","N/A","N/A","N/A","N/A","N/A","N/A","N/A","N/A","N/A"
"DataFiles-Corp-","\Microsoft\Windows\AccountHealth\RecoverabilityToastTask","N/A","Ready","Interactive/Background","9/1/2026 1:30:23 PM","0","Microsoft Corporation","COM handler","N/A","AccountHealth Task Handler evaluates the state of a Microsoft Account and takes any necessary repair action","Enabled","Disabled","Stop On Battery Mode","INTERACTIVE","Disabled","72:00:00","Scheduling data is not available in this format.","When an event occurs","N/A","N/A","N/A","N/A","N/A","N/A","N/A","N/A","N/A"
"DataFiles-Corp-","\Microsoft\Windows\Active Directory Rights Management Services Client\AD RMS Rights Policy Template Management (Automated)","N/A","Disabled","Interactive/Background","11/30/1999 12:00:00 AM","267011","Microsoft Corporation","COM handler","N/A","Updates the AD RMS rights policy templates for the user. This job does not provide a credential prompt if authentication to the template distribution web service on the server fails. In this case, it fails silently.","Disabled","Disabled","","Everyone","Disabled","01:00:00","Scheduling data is not available in this format.","Daily ","3:00:00 AM","11/9/2006","N/A","Every 1 day(s)","N/A","Disabled","Disabled","Disabled","Disabled"
"DataFiles-Corp-","\Microsoft\Windows\Active Directory Rights Management Services Client\AD RMS Rights Policy Template Management (Automated)","N/A","Disabled","Interactive/Background","11/30/1999 12:00:00 AM","267011","Microsoft Corporation","COM handler","N/A","Updates the AD RMS rights policy templates for the user. This job does not provide a credential prompt if authentication to the template distribution web service on the server fails. In this case, it fails silently.","Disabled","Disabled","","Everyone","Disabled","01:00:00","Scheduling data is not available in this format.","At logon time","N/A","N/A","N/A","N/A","N/A","N/A","N/A","N/A","N/A"
"DataFiles-Corp-","\Microsoft\Windows\Active Directory Rights Management Services Client\AD RMS Rights Policy Template Management (Manual)","N/A","Ready","Interactive/Background","11/30/1999 12:00:00 AM","267011","Microsoft Corporation","COM handler","N/A","Updates the AD RMS rights policy templates for the user. This job provides a credential prompt if authentication to the template distribution web service on the server fails.","Enabled","Disabled","Stop On Battery Mode, No Start On Batteries","Everyone","Disabled","01:00:00","Scheduling data is not available in this format.","At logon time","N/A","N/A","N/A","N/A","N/A","N/A","N/A","N/A","N/A"
"DataFiles-Corp-","\Microsoft\Windows\AppID\EDP Policy Manager","N/A","Ready","Interactive/Background","11/30/1999 12:00:00 AM","267011","Microsoft Corporation","COM handler","N/A","This task performs steps necessary to configure Windows Information Protection.","Enabled","Disabled","","LOCAL SERVICE","Disabled","Disabled","Scheduling data is not available in this format.","Undefined","N/A","N/A","N/A","N/A","N/A","N/A","N/A","N/A","N/A"
"DataFiles-Corp-","\Microsoft\Windows\AppID\PolicyConverter","N/A","Ready","Interactive/Background","9/1/2026 3:38:06 PM","0","Microsoft Corporation","%windir%\system32\appidpolicyconverter.exe ","N/A","Converts the software restriction policies policy from XML into binary format.","Enabled","Disabled","","SYSTEM","Disabled","72:00:00","Scheduling data is not available in this format.","On demand only","N/A","N/A","N/A","N/A","N/A","N/A","N/A","N/A","N/A"
"DataFiles-Corp-","\Microsoft\Windows\AppID\VerifiedPublisherCertStoreCheck","N/A","Ready","Interactive/Background","9/2/2026 11:48:09 AM","0","Microsoft Corporation","%windir%\system32\appidcertstorecheck.exe ","N/A","Inspects the AppID certificate cache for invalid or revoked certificates.","Enabled","Only Start If Idle for 3 minutes, If Not Idle Retry For 1380 minutes Stop the task if Idle State end","Stop On Battery Mode, No Start On Batteries","LOCAL SERVICE","Disabled","72:00:00","Scheduling data is not available in this format.","At system start up","N/A","N/A","N/A","N/A","N/A","N/A","N/A","N/A","N/A"
"DataFiles-Corp-","\Microsoft\Windows\Application Experience\MareBackup","N/A","Ready","Interactive/Background","11/30/1999 12:00:00 AM","267011","Microsoft Corporation","Multiple actions","Multiple actions","Gathers Win32 application data for App Backup scenario","Enabled","Disabled","Stop On Battery Mode, No Start On Batteries","SYSTEM","Disabled","72:00:00","Scheduling data is not available in this format.","On demand only","N/A","N/A","N/A","N/A","N/A","N/A","N/A","N/A","N/A"
"DataFiles-Corp-","\Microsoft\Windows\Application Experience\Microsoft Compatibility Appraiser Exp","N/A","Ready","Interactive/Background","11/30/1999 12:00:00 AM","267011","Microsoft Corporation","%windir%\system32\compattelrunner.exe -m:appraiser.dll -f:DoScheduledTelemetryRun express","N/A","Collects program telemetry information if opted-in to the Microsoft Customer Experience Improvement Program.","Enabled","Disabled","","SYSTEM","Disabled","00:05:00","Scheduling data is not available in this format.","Undefined","N/A","N/A","N/A","N/A","N/A","N/A","N/A","N/A","N/A"
"DataFiles-Corp-","\Microsoft\Windows\Application Experience\PcaPatchDbTask","9/3/2026 3:39:20 AM","Ready","Interactive/Background","9/2/2026 3:12:37 PM","0","Microsoft Corporation","%windir%\system32\rundll32.exe %windir%\system32\PcaSvc.dll,PcaPatchSdbTask","N/A","Updates compatibility database","Enabled","Disabled","","SYSTEM","Disabled","24:00:00","Scheduling data is not available in this format.","One Time Only, Hourly ","3:00:00 AM","9/1/2008","N/A","N/A","N/A","12 Hour(s), 0 Minute(s)","None","Disabled","Disabled"
"DataFiles-Corp-","\Microsoft\Windows\Application Experience\SdbinstMergeDbTask","N/A","Ready","Interactive/Background","11/30/1999 12:00:00 AM","267011","Microsoft Corporation","%windir%\system32\sdbinst.exe -mm","N/A","Merges shim databases that are pending merge.","Enabled","Disabled","","SYSTEM","Disabled","00:10:00","Scheduling data is not available in this format.","Undefined","N/A","N/A","N/A","N/A","N/A","N/A","N/A","N/A","N/A"
"DataFiles-Corp-","\Microsoft\Windows\Application Experience\StartupAppTask","N/A","Ready","Interactive/Background","11/30/1999 12:00:00 AM","267011","Microsoft Corporation","%windir%\system32\rundll32.exe Startupscan.dll,SusRunTask","N/A","Scans startup entries and raises notification to the user if there are too many startup entries.","Enabled","Disabled","Stop On Battery Mode, No Start On Batteries","INTERACTIVE","Disabled","72:00:00","Scheduling data is not available in this format.","On demand only","N/A","N/A","N/A","N/A","N/A","N/A","N/A","N/A","N/A"
"DataFiles-Corp-","\Microsoft\Windows\ApplicationData\appuriverifierdaily","N/A","Ready","Interactive/Background","9/1/2026 3:16:04 PM","0","Microsoft Corporation","%windir%\system32\AppHostRegistrationVerifier.exe ","N/A","Verifies AppUriHandler host registrations.","Enabled","Disabled","","INTERACTIVE","Disabled","00:15:00","Scheduling data is not available in this format.","On demand only","N/A","N/A","N/A","N/A","N/A","N/A","N/A","N/A","N/A"
"DataFiles-Corp-","\Microsoft\Windows\ApplicationData\appuriverifierinstall","N/A","Ready","Interactive/Background","8/31/2026 4:47:19 PM","0","Microsoft Corporation","%windir%\system32\AppHostRegistrationVerifier.exe ","N/A","Verifies AppUriHandler host registrations.","Enabled","Disabled","","INTERACTIVE","Disabled","00:15:00","Scheduling data is not available in this format.","Undefined","N/A","N/A","N/A","N/A","N/A","N/A","N/A","N/A","N/A"
"DataFiles-Corp-","\Microsoft\Windows\ApplicationData\CleanupTemporaryState","N/A","Ready","Interactive/Background","8/31/2026 2:28:07 PM","0","Microsoft Corporation","%windir%\system32\rundll32.exe Windows.Storage.ApplicationData.dll,CleanupTemporaryState","N/A","Cleans up each package's unused temporary files.","Enabled","Disabled","Stop On Battery Mode, No Start On Batteries","SYSTEM","Disabled","72:00:00","Scheduling data is not available in this format.","On demand only","N/A","N/A","N/A","N/A","N/A","N/A","N/A","N/A","N/A"
"DataFiles-Corp-","\Microsoft\Windows\ApplicationData\DsSvcCleanup","N/A","Ready","Interactive/Background","9/2/2026 11:18:15 AM","0","Microsoft Corporation","%windir%\system32\dstokenclean.exe ","N/A","Performs maintenance for the Data Sharing Service.","Enabled","Disabled","Stop On Battery Mode, No Start On Batteries","SYSTEM","Disabled","72:00:00","Scheduling data is not available in this format.","On demand only","N/A","N/A","N/A","N/A","N/A","N/A","N/A","N/A","N/A"
"DataFiles-Corp-","\Microsoft\Windows\AppListBackup\Backup","N/A","Ready","Interactive/Background","9/1/2026 3:16:04 PM","0","$(@%SystemRoot%\system32\AppListBackupLauncher.dll,-600)","COM handler","N/A","$(@%SystemRoot%\system32\AppListBackupLauncher.dll,-602)","Enabled","Disabled","Stop On Battery Mode, No Start On Batteries","Users","Disabled","72:00:00","Scheduling data is not available in this format.","On demand only","N/A","N/A","N/A","N/A","N/A","N/A","N/A","N/A","N/A"
"DataFiles-Corp-","\Microsoft\Windows\AppListBackup\BackupNonMaintenance","9/5/2026 2:35:01 AM","Ready","Interactive/Background","9/1/2026 1:23:00 PM","0","$(@%SystemRoot%\system32\AppListBackupLauncher.dll,-600)","COM handler","N/A","$(@%SystemRoot%\system32\AppListBackupLauncher.dll,-602)","Enabled","Disabled","","Users","Disabled","72:00:00","Scheduling data is not available in this format.","Daily ","12:00:00 AM","1/1/2022","N/A","Every 14 day(s)","N/A","Disabled","Disabled","Disabled","Disabled"
"DataFiles-Corp-","\Microsoft\Windows\AppxDeploymentClient\Pre-staged app cleanup","N/A","Disabled","Interactive/Background","8/31/2026 2:28:07 PM","0","N/A","%windir%\system32\rundll32.exe %windir%\system32\AppxDeploymentClient.dll,AppxPreStageCleanupRunTask","N/A","N/A","Disabled","Only Start If Idle for 15 minutes, If Not Idle Retry For 15 minutes","Stop On Battery Mode, No Start On Batteries","SYSTEM","Disabled","Disabled","Scheduling data is not available in this format.","At logon time","N/A","N/A","N/A","N/A","N/A","N/A","N/A","N/A","N/A"
"DataFiles-Corp-","\Microsoft\Windows\AppxDeploymentClient\UCPD velocity","N/A","Ready","Interactive/Background","9/2/2026 11:18:15 AM","0","N/A","%windir%\system32\UCPDMgr.exe ","N/A","N/A","Enabled","Only Start If Idle for  minutes, If Not Idle Retry For  minutes Stop the task if Idle State end","","SYSTEM","Disabled","72:00:00","Scheduling data is not available in this format.","At logon time","N/A","N/A","N/A","N/A","N/A","N/A","N/A","N/A","N/A"
"DataFiles-Corp-","\Microsoft\Windows\Autochk\Proxy","N/A","Ready","Interactive/Background","9/2/2026 11:48:09 AM","0","Microsoft Corporation","%windir%\system32\rundll32.exe /d acproxy.dll,PerformAutochkOperations","N/A","This task collects and uploads autochk SQM data if opted-in to the Microsoft Customer Experience Improvement Program.","Enabled","Only Start If Idle for 10 minutes, If Not Idle Retry For 525600 minutes","","SYSTEM","Disabled","72:00:00","Scheduling data is not available in this format.","At system start up","N/A","N/A","N/A","N/A","N/A","N/A","N/A","N/A","N/A"
"DataFiles-Corp-","\Microsoft\Windows\BitLocker\BitLocker Encrypt All Drives","N/A","Ready","Interactive/Background","11/30/1999 12:00:00 AM","267011","N/A","COM handler","N/A","N/A","Enabled","Disabled","","INTERACTIVE","Disabled","72:00:00","Scheduling data is not available in this format.","Undefined","N/A","N/A","N/A","N/A","N/A","N/A","N/A","N/A","N/A"
"DataFiles-Corp-","\Microsoft\Windows\BitLocker\BitLocker MDM policy Refresh","N/A","Ready","Interactive/Background","11/30/1999 12:00:00 AM","267011","N/A","COM handler","N/A","N/A","Enabled","Disabled","Stop On Battery Mode","INTERACTIVE","Disabled","72:00:00","Scheduling data is not available in this format.","Undefined","N/A","N/A","N/A","N/A","N/A","N/A","N/A","N/A","N/A"
"DataFiles-Corp-","\Microsoft\Windows\Bluetooth\UninstallDeviceTask","N/A","Ready","Interactive/Background","11/30/1999 12:00:00 AM","267011","Microsoft","BthUdTask.exe $(Arg0)","N/A","Uninstalls the PnP device associated with the specified Bluetooth service ID","Enabled","Disabled","","SYSTEM","Disabled","72:00:00","Scheduling data is not available in this format.","On demand only","N/A","N/A","N/A","N/A","N/A","N/A","N/A","N/A","N/A"
"DataFiles-Corp-","\Microsoft\Windows\BrokerInfrastructure\BgTaskRegistrationMaintenanceTask","N/A","Ready","Interactive/Background","8/31/2026 2:27:00 PM","268435456","Microsoft Corporation","COM handler","N/A","Maintains registrations for background tasks for Universal Windows Platform applications.","Enabled","Only Start If Idle for 0 minutes, If Not Idle Retry For 0 minutes Stop the task if Idle State end","Stop On Battery Mode, No Start On Batteries","SYSTEM","Disabled","00:06:00","Scheduling data is not available in this format.","On demand only","N/A","N/A","N/A","N/A","N/A","N/A","N/A","N/A","N/A"
"DataFiles-Corp-","\Microsoft\Windows\capabilityaccessmanager\maintenancetasks","N/A","Ready","Interactive/Background","9/2/2026 11:18:15 AM","0","Microsoft Corporation","%windir%\system32\rundll32.exe %windir%\system32\CapabilityAccessManager.dll,CapabilityAccessManagerDoStoreMaintenance","N/A","Capability Access Manager Maintenance Tasks","Enabled","Disabled","No Start On Batteries","SYSTEM","Disabled","72:00:00","Scheduling data is not available in this format.","On demand only","N/A","N/A","N/A","N/A","N/A","N/A","N/A","N/A","N/A"
"DataFiles-Corp-","\Microsoft\Windows\CertificateServicesClient\AikCertEnrollTask","N/A","Ready","Interactive/Background","11/30/1999 12:00:00 AM","267011","Microsoft Corporation","COM handler","N/A","This task enrolls a certificate for Attestation Identity Key.","Enabled","Disabled","","SYSTEM","Disabled","72:00:00","Scheduling data is not available in this format.","Undefined","N/A","N/A","N/A","N/A","N/A","N/A","N/A","N/A","N/A"
"DataFiles-Corp-","\Microsoft\Windows\CertificateServicesClient\CryptoPolicyTask","N/A","Ready","Interactive/Background","11/30/1999 12:00:00 AM","267011","Microsoft Corporation","COM handler","N/A","This task synchronizes cryptographic policy.","Enabled","Disabled","","SYSTEM","Disabled","72:00:00","Scheduling data is not available in this format.","Undefined","N/A","N/A","N/A","N/A","N/A","N/A","N/A","N/A","N/A"
"DataFiles-Corp-","\Microsoft\Windows\CertificateServicesClient\KeyPreGenTask","N/A","Ready","Interactive/Background","9/1/2026 1:39:53 PM","-2146893776","Microsoft Corporation","COM handler","N/A","This task pre-generates TPM based Attestation Identity Key (AIK) and Storage Key (SK).","Enabled","Disabled","","SYSTEM","Disabled","72:00:00","Scheduling data is not available in this format.","Undefined","N/A","N/A","N/A","N/A","N/A","N/A","N/A","N/A","N/A"
"DataFiles-Corp-","\Microsoft\Windows\CertificateServicesClient\KeyPreGenTask","N/A","Ready","Interactive/Background","9/1/2026 1:39:53 PM","-2146893776","Microsoft Corporation","COM handler","N/A","This task pre-generates TPM based Attestation Identity Key (AIK) and Storage Key (SK).","Enabled","Disabled","","SYSTEM","Disabled","72:00:00","Scheduling data is not available in this format.","At logon time","N/A","N/A","N/A","N/A","N/A","N/A","N/A","N/A","N/A"
"DataFiles-Corp-","\Microsoft\Windows\CertificateServicesClient\KeyPreGenTask","N/A","Ready","Interactive/Background","9/1/2026 1:39:53 PM","-2146893776","Microsoft Corporation","COM handler","N/A","This task pre-generates TPM based Attestation Identity Key (AIK) and Storage Key (SK).","Enabled","Disabled","","SYSTEM","Disabled","72:00:00","Scheduling data is not available in this format.","When an event occurs","N/A","N/A","N/A","N/A","N/A","N/A","N/A","N/A","N/A"
"DataFiles-Corp-","\Microsoft\Windows\CertificateServicesClient\SystemTask","N/A","Ready","Interactive/Background","9/2/2026 7:08:07 PM","0","Microsoft Corporation","COM handler","N/A","Certificate Services Client automatically manages digital identities such as Certificates, Keys and Credentials for the users and the machine, enabling enrollment, roaming and other services.","Enabled","Disabled","Stop On Battery Mode","SYSTEM","Disabled","Disabled","Scheduling data is not available in this format.","Undefined","N/A","N/A","N/A","N/A","N/A","N/A","N/A","N/A","N/A"
"DataFiles-Corp-","\Microsoft\Windows\CertificateServicesClient\SystemTask","N/A","Ready","Interactive/Background","9/2/2026 7:08:07 PM","0","Microsoft Corporation","COM handler","N/A","Certificate Services Client automatically manages digital identities such as Certificates, Keys and Credentials for the users and the machine, enabling enrollment, roaming and other services.","Enabled","Disabled","Stop On Battery Mode","SYSTEM","Disabled","Disabled","Scheduling data is not available in this format.","At system start up","N/A","N/A","N/A","N/A","N/A","N/A","N/A","N/A","N/A"
"DataFiles-Corp-","\Microsoft\Windows\CertificateServicesClient\UserTask","N/A","Ready","Interactive/Background","9/2/2026 5:22:58 AM","0","Microsoft Corporation","COM handler","N/A","Certificate Services Client automatically manages digital identities such as Certificates, Keys and Credentials for the users and the machine, enabling enrollment, roaming and other services.","Enabled","Disabled","Stop On Battery Mode","INTERACTIVE","Disabled","Disabled","Scheduling data is not available in this format.","Undefined","N/A","N/A","N/A","N/A","N/A","N/A","N/A","N/A","N/A"
"DataFiles-Corp-","\Microsoft\Windows\CertificateServicesClient\UserTask","N/A","Ready","Interactive/Background","9/2/2026 5:22:58 AM","0","Microsoft Corporation","COM handler","N/A","Certificate Services Client automatically manages digital identities such as Certificates, Keys and Credentials for the users and the machine, enabling enrollment, roaming and other services.","Enabled","Disabled","Stop On Battery Mode","INTERACTIVE","Disabled","Disabled","Scheduling data is not available in this format.","At system start up","N/A","N/A","N/A","N/A","N/A","N/A","N/A","N/A","N/A"
"DataFiles-Corp-","\Microsoft\Windows\CertificateServicesClient\UserTask","N/A","Ready","Interactive/Background","9/2/2026 5:22:58 AM","0","Microsoft Corporation","COM handler","N/A","Certificate Services Client automatically manages digital identities such as Certificates, Keys and Credentials for the users and the machine, enabling enrollment, roaming and other services.","Enabled","Disabled","Stop On Battery Mode","INTERACTIVE","Disabled","Disabled","Scheduling data is not available in this format.","At logon time","N/A","N/A","N/A","N/A","N/A","N/A","N/A","N/A","N/A"
"DataFiles-Corp-","\Microsoft\Windows\CertificateServicesClient\UserTask","N/A","Ready","Interactive/Background","9/2/2026 5:22:58 AM","0","Microsoft Corporation","COM handler","N/A","Certificate Services Client automatically manages digital identities such as Certificates, Keys and Credentials for the users and the machine, enabling enrollment, roaming and other services.","Enabled","Disabled","Stop On Battery Mode","INTERACTIVE","Disabled","Disabled","Scheduling data is not available in this format.","When an event occurs","N/A","N/A","N/A","N/A","N/A","N/A","N/A","N/A","N/A"
"DataFiles-Corp-","\Microsoft\Windows\CertificateServicesClient\UserTask-Roam","N/A","Ready","Interactive/Background","9/1/2026 1:29:53 PM","0","Microsoft Corporation","COM handler","N/A","Certificate Services Client automatically manages digital identities such as Certificates, Keys and Credentials for the users and the machine, enabling enrollment, roaming and other services.","Enabled","Disabled","Stop On Battery Mode, No Start On Batteries","INTERACTIVE","Disabled","Disabled","Scheduling data is not available in this format.","When an event occurs","N/A","N/A","N/A","N/A","N/A","N/A","N/A","N/A","N/A"
"DataFiles-Corp-","\Microsoft\Windows\Chkdsk\ProactiveScan","N/A","Ready","Interactive/Background","9/2/2026 11:18:15 AM","0","Microsoft Corporation","COM handler","N/A","NTFS Volume Health Scan","Enabled","Disabled","Stop On Battery Mode, No Start On Batteries","SYSTEM","Disabled","72:00:00","Scheduling data is not available in this format.","On demand only","N/A","N/A","N/A","N/A","N/A","N/A","N/A","N/A","N/A"
"DataFiles-Corp-","\Microsoft\Windows\Chkdsk\SyspartRepair","N/A","Ready","Interactive/Background","11/30/1999 12:00:00 AM","267011","N/A","%windir%\system32\bcdboot.exe %windir% /sysrepair","N/A","N/A","Enabled","Disabled","","SYSTEM","Disabled","72:00:00","Scheduling data is not available in this format.","Undefined","N/A","N/A","N/A","N/A","N/A","N/A","N/A","N/A","N/A"
"DataFiles-Corp-","\Microsoft\Windows\Clip\License Validation","N/A","Disabled","Interactive/Background","11/30/1999 12:00:00 AM","267011","Microsoft Corporation","%SystemRoot%\system32\ClipUp.exe -p -s -o","N/A","Windows Store legacy license migration task","Disabled","Disabled","","SYSTEM","Disabled","Disabled","Scheduling data is not available in this format.","At system start up","N/A","N/A","N/A","N/A","N/A","N/A","N/A","N/A","N/A"
"DataFiles-Corp-","\Microsoft\Windows\Clip\LicenseImdsIntegration","N/A","Disabled","Interactive/Background","11/30/1999 12:00:00 AM","267011","$(@%SystemRoot%\system32\fclip.exe,-100)","%SystemRoot%\system32\fclip.exe ","N/A","FClip","Disabled","Disabled","","Users","Disabled","Disabled","Scheduling data is not available in this format.","At logon time","N/A","N/A","N/A","N/A","N/A","N/A","N/A","N/A","N/A"
"DataFiles-Corp-","\Microsoft\Windows\Clip\LicenseImdsIntegration","N/A","Disabled","Interactive/Background","11/30/1999 12:00:00 AM","267011","$(@%SystemRoot%\system32\fclip.exe,-100)","%SystemRoot%\system32\fclip.exe ","N/A","FClip","Disabled","Disabled","","Users","Disabled","Disabled","Scheduling data is not available in this format.","Daily ","8:00:00 AM","3/1/2021","N/A","Every 1 day(s)","N/A","Disabled","Disabled","Disabled","Disabled"
"DataFiles-Corp-","\Microsoft\Windows\Clip\LicenseImdsIntegration","N/A","Disabled","Interactive/Background","11/30/1999 12:00:00 AM","267011","$(@%SystemRoot%\system32\fclip.exe,-100)","%SystemRoot%\system32\fclip.exe ","N/A","FClip","Disabled","Disabled","","Users","Disabled","Disabled","Scheduling data is not available in this format.","Undefined","N/A","N/A","N/A","N/A","N/A","N/A","N/A","N/A","N/A"
"DataFiles-Corp-","\Microsoft\Windows\CloudExperienceHost\CreateObjectTask","N/A","Ready","Interactive/Background","11/30/1999 12:00:00 AM","267011","N/A","COM handler","N/A","N/A","Enabled","Disabled","","SYSTEM","Disabled","01:00:00","Scheduling data is not available in this format.","On demand only","N/A","N/A","N/A","N/A","N/A","N/A","N/A","N/A","N/A"
"DataFiles-Corp-","\Microsoft\Windows\CloudRestore\Backup","9/3/2026 12:46:45 PM","Ready","Interactive/Background","9/1/2026 1:23:00 PM","0","Microsoft Corporation","COM handler","N/A","Handles restoring settings from the cloud","Enabled","Disabled","","INTERACTIVE","Disabled","72:00:00","Scheduling data is not available in this format.","Undefined","N/A","N/A","N/A","N/A","N/A","N/A","N/A","N/A","N/A"
"DataFiles-Corp-","\Microsoft\Windows\CloudRestore\Backup","9/3/2026 3:05:41 PM","Ready","Interactive/Background","9/1/2026 1:23:00 PM","0","Microsoft Corporation","COM handler","N/A","Handles restoring settings from the cloud","Enabled","Disabled","","INTERACTIVE","Disabled","72:00:00","Scheduling data is not available in this format.","Daily ","12:00:00 PM","7/1/2023","N/A","Every 8 day(s)","N/A","Disabled","Disabled","Disabled","Disabled"
"DataFiles-Corp-","\Microsoft\Windows\CloudRestore\Restore","N/A","Ready","Interactive/Background","11/30/1999 12:00:00 AM","267011","Microsoft Corporation","COM handler","N/A","Handles restoring settings from the cloud","Enabled","Disabled","","INTERACTIVE","Disabled","72:00:00","Scheduling data is not available in this format.","Undefined","N/A","N/A","N/A","N/A","N/A","N/A","N/A","N/A","N/A"
"DataFiles-Corp-","\Microsoft\Windows\ConsentUX\UnifiedConsent\UnifiedConsentSyncTask","9/3/2026 12:32:53 PM","Ready","Interactive/Background","9/1/2026 1:23:00 PM","0","$(@%systemRoot%\system32\unifiedconsent.dll,-102)","COM handler","N/A","$(@%systemRoot%\system32\unifiedconsent.dll,-101)","Enabled","Disabled","","INTERACTIVE","Disabled","00:05:00","Scheduling data is not available in this format.","Undefined","N/A","N/A","N/A","N/A","N/A","N/A","N/A","N/A","N/A"
"DataFiles-Corp-","\Microsoft\Windows\ConsentUX\UnifiedConsent\UnifiedConsentSyncTask","9/3/2026 12:11:22 PM","Ready","Interactive/Background","9/1/2026 1:23:00 PM","0","$(@%systemRoot%\system32\unifiedconsent.dll,-102)","COM handler","N/A","$(@%systemRoot%\system32\unifiedconsent.dll,-101)","Enabled","Disabled","","INTERACTIVE","Disabled","00:05:00","Scheduling data is not available in this format.","One Time Only, Hourly ","12:00:00 PM","9/1/2024","N/A","N/A","N/A","24 Hour(s), 0 Minute(s)","None","Disabled","Disabled"
"DataFiles-Corp-","\Microsoft\Windows\Containers\CmCleanup","N/A","Ready","Interactive/Background","8/31/2026 2:27:07 PM","0","Microsoft Corporation","COM handler","N/A","Performs timely container component cleanup","Enabled","Disabled","No Start On Batteries","SYSTEM","Disabled","01:00:00","Scheduling data is not available in this format.","On demand only","N/A","N/A","N/A","N/A","N/A","N/A","N/A","N/A","N/A"
"DataFiles-Corp-","\Microsoft\Windows\Customer Experience Improvement Program\Consolidator","9/3/2026 6:00:00 AM","Ready","Interactive/Background","9/3/2026 12:00:01 AM","0","Microsoft Corporation","%SystemRoot%\System32\wsqmcons.exe ","N/A","If the user has consented to participate in the Windows Customer Experience Improvement Program, this job collects and sends usage data to Microsoft.","Enabled","Disabled","","SYSTEM","Disabled","72:00:00","Scheduling data is not available in this format.","One Time Only, Hourly ","12:00:00 AM","1/2/2004","N/A","N/A","N/A","6 Hour(s), 0 Minute(s)","None","Disabled","Disabled"
"DataFiles-Corp-","\Microsoft\Windows\Customer Experience Improvement Program\UsbCeip","N/A","Ready","Interactive/Background","8/31/2026 2:28:07 PM","0","Microsoft Corporation","COM handler","N/A","The USB CEIP (Customer Experience Improvement Program) task collects Universal Serial Bus related statistics and information about your machine and sends it to the Windows Device Connectivity engineering group at Microsoft.  The information received is ","Enabled","Disabled","Stop On Battery Mode, No Start On Batteries","SYSTEM","Disabled","72:00:00","Scheduling data is not available in this format.","On demand only","N/A","N/A","N/A","N/A","N/A","N/A","N/A","N/A","N/A"
"DataFiles-Corp-","\Microsoft\Windows\Data Integrity Scan\Data Integrity Check And Scan","9/3/2026 11:56:30 PM","Ready","Interactive/Background","11/30/1999 12:00:00 AM","267011","Microsoft Corporation","COM handler","N/A","Scans fault-tolerant volumes for latent corruptions","Enabled","Disabled","Stop On Battery Mode, No Start On Batteries","SYSTEM","Disabled","Disabled","Scheduling data is not available in this format.","Daily ","11:00:00 PM","1/1/2011","N/A","Every 1 day(s)","N/A","Disabled","Disabled","Disabled","Disabled"
"DataFiles-Corp-","\Microsoft\Windows\Data Integrity Scan\Data Integrity Check And Scan","9/3/2026 11:26:42 PM","Ready","Interactive/Background","11/30/1999 12:00:00 AM","267011","Microsoft Corporation","COM handler","N/A","Scans fault-tolerant volumes for latent corruptions","Enabled","Disabled","Stop On Battery Mode, No Start On Batteries","SYSTEM","Disabled","Disabled","Scheduling data is not available in this format.","At system start up","N/A","N/A","N/A","N/A","N/A","N/A","N/A","N/A","N/A"
"DataFiles-Corp-","\Microsoft\Windows\Data Integrity Scan\Data Integrity Scan","N/A","Ready","Interactive/Background","11/30/1999 12:00:00 AM","267011","Microsoft Corporation","COM handler","N/A","Scans fault-tolerant volumes for latent corruptions","Enabled","Disabled","Stop On Battery Mode, No Start On Batteries","SYSTEM","Disabled","Disabled","Scheduling data is not available in this format.","On demand only","N/A","N/A","N/A","N/A","N/A","N/A","N/A","N/A","N/A"
"DataFiles-Corp-","\Microsoft\Windows\Data Integrity Scan\Data Integrity Scan for Crash Recovery","N/A","Ready","Interactive/Background","11/30/1999 12:00:00 AM","267011","Microsoft Corporation","COM handler","N/A","Scans fault-tolerant volumes for fast crash recovery","Enabled","Disabled","Stop On Battery Mode, No Start On Batteries","SYSTEM","Disabled","Disabled","Scheduling data is not available in this format.","Undefined","N/A","N/A","N/A","N/A","N/A","N/A","N/A","N/A","N/A"
"DataFiles-Corp-","\Microsoft\Windows\Defrag\ScheduledDefrag","N/A","Ready","Interactive/Background","8/31/2026 2:27:07 PM","0","Microsoft Corporation","%windir%\system32\defrag.exe -c -h -o -$","N/A","This task optimizes local storage drives.","Enabled","Disabled","Stop On Battery Mode, No Start On Batteries","SYSTEM","Disabled","72:00:00","Scheduling data is not available in this format.","On demand only","N/A","N/A","N/A","N/A","N/A","N/A","N/A","N/A","N/A"
"DataFiles-Corp-","\Microsoft\Windows\Device Information\Device","9/3/2026 4:56:42 AM","Ready","Interactive/Background","9/2/2026 4:52:16 AM","0","N/A","%windir%\system32\devicecensus.exe SystemCxt","N/A","N/A","Enabled","Disabled","","SYSTEM","Disabled","96:00:00","Scheduling data is not available in this format.","One Time Only, Hourly ","3:00:00 AM","9/1/2008","N/A","N/A","N/A","24 Hour(s), 0 Minute(s)","None","Disabled","Disabled"
"DataFiles-Corp-","\Microsoft\Windows\Device Information\Device","9/3/2026 4:17:44 AM","Ready","Interactive/Background","9/2/2026 4:52:16 AM","0","N/A","%windir%\system32\devicecensus.exe SystemCxt","N/A","N/A","Enabled","Disabled","","SYSTEM","Disabled","96:00:00","Scheduling data is not available in this format.","Undefined","N/A","N/A","N/A","N/A","N/A","N/A","N/A","N/A","N/A"
"DataFiles-Corp-","\Microsoft\Windows\Device Information\Device User","N/A","Ready","Interactive/Background","9/1/2026 2:08:18 PM","0","N/A","%windir%\system32\devicecensus.exe UserCxt","N/A","N/A","Enabled","Only Start If Idle for 1 minutes, If Not Idle Retry For 1440 minutes","","INTERACTIVE","Disabled","96:00:00","Scheduling data is not available in this format.","At logon time","N/A","N/A","N/A","N/A","N/A","N/A","N/A","N/A","N/A"
"DataFiles-Corp-","\Microsoft\Windows\Device Setup\Driver Recovery on Reboot","N/A","Disabled","Interactive/Background","11/30/1999 12:00:00 AM","267011","$(@%SystemRoot%\system32\DeviceSetupManagerAPI.dll,-600)","COM handler","N/A","$(@%SystemRoot%\system32\DeviceSetupManagerAPI.dll,-602)","Disabled","Disabled","","SYSTEM","Disabled","72:00:00","Scheduling data is not available in this format.","At system start up","N/A","N/A","N/A","N/A","N/A","N/A","N/A","N/A","N/A"
"DataFiles-Corp-","\Microsoft\Windows\Device Setup\Metadata Refresh","N/A","Ready","Interactive/Background","11/30/1999 12:00:00 AM","267011","Microsoft Corporation","COM handler","N/A","Performs a device metadata refresh on a periodic basis","Enabled","Disabled","Stop On Battery Mode, No Start On Batteries","INTERACTIVE","Disabled","72:00:00","Scheduling data is not available in this format.","On demand only","N/A","N/A","N/A","N/A","N/A","N/A","N/A","N/A","N/A"
"DataFiles-Corp-","\Microsoft\Windows\DeviceDirectoryClient\HandleCommand","N/A","Ready","Interactive/Background","11/30/1999 12:00:00 AM","267011","N/A","COM handler","N/A","N/A","Enabled","Disabled","","SYSTEM","Disabled","Disabled","Scheduling data is not available in this format.","Undefined","N/A","N/A","N/A","N/A","N/A","N/A","N/A","N/A","N/A"
"DataFiles-Corp-","\Microsoft\Windows\DeviceDirectoryClient\HandleWnsCommand","N/A","Ready","Interactive/Background","11/30/1999 12:00:00 AM","267011","N/A","COM handler","N/A","N/A","Enabled","Disabled","","SYSTEM","Disabled","Disabled","Scheduling data is not available in this format.","Undefined","N/A","N/A","N/A","N/A","N/A","N/A","N/A","N/A","N/A"
"DataFiles-Corp-","\Microsoft\Windows\DeviceDirectoryClient\IntegrityCheck","9/8/2026 12:48:15 AM","Ready","Interactive/Background","8/31/2026 2:26:59 PM","0","N/A","COM handler","N/A","N/A","Enabled","Only Start If Idle for 1 minutes, If Not Idle Retry For 11520 minutes","","SYSTEM","Disabled","Disabled","Scheduling data is not available in this format.","One Time Only, Hourly ","12:00:00 PM","1/1/2015","N/A","N/A","N/A","144 Hour(s), 0 Minute(s)","None","Disabled","Disabled"
"DataFiles-Corp-","\Microsoft\Windows\DeviceDirectoryClient\LocateCommandUserSession","N/A","Ready","Interactive/Background","11/30/1999 12:00:00 AM","267011","N/A","COM handler","N/A","N/A","Enabled","Disabled","","INTERACTIVE","Disabled","Disabled","Scheduling data is not available in this format.","Undefined","N/A","N/A","N/A","N/A","N/A","N/A","N/A","N/A","N/A"
"DataFiles-Corp-","\Microsoft\Windows\DeviceDirectoryClient\RegisterDeviceAccountChange","N/A","Ready","Interactive/Background","9/1/2026 1:37:58 PM","0","N/A","COM handler","N/A","N/A","Enabled","Disabled","","SYSTEM","Disabled","Disabled","Scheduling data is not available in this format.","Undefined","N/A","N/A","N/A","N/A","N/A","N/A","N/A","N/A","N/A"
"DataFiles-Corp-","\Microsoft\Windows\DeviceDirectoryClient\RegisterDeviceLocationRightsChange","N/A","Disabled","Interactive/Background","11/30/1999 12:00:00 AM","267011","N/A","COM handler","N/A","N/A","Disabled","Only Start If Idle for 1 minutes, If Not Idle Retry For 11520 minutes","","SYSTEM","Disabled","Disabled","Scheduling data is not available in this format.","Undefined","N/A","N/A","N/A","N/A","N/A","N/A","N/A","N/A","N/A"
"DataFiles-Corp-","\Microsoft\Windows\DeviceDirectoryClient\RegisterDevicePeriodic24","N/A","Disabled","Interactive/Background","11/30/1999 12:00:00 AM","267011","N/A","COM handler","N/A","N/A","Disabled","Only Start If Idle for 1 minutes, If Not Idle Retry For 1920 minutes","","SYSTEM","Disabled","Disabled","Scheduling data is not available in this format.","One Time Only, Hourly ","6:00:00 AM","1/1/2015","N/A","N/A","N/A","16 Hour(s), 0 Minute(s)","None","Disabled","Disabled"
"DataFiles-Corp-","\Microsoft\Windows\DeviceDirectoryClient\RegisterDevicePolicyChange","N/A","Ready","Interactive/Background","11/30/1999 12:00:00 AM","267011","N/A","COM handler","N/A","N/A","Enabled","Disabled","","SYSTEM","Disabled","Disabled","Scheduling data is not available in this format.","Undefined","N/A","N/A","N/A","N/A","N/A","N/A","N/A","N/A","N/A"
"DataFiles-Corp-","\Microsoft\Windows\DeviceDirectoryClient\RegisterDeviceProtectionStateChanged","N/A","Ready","Interactive/Background","9/2/2026 11:19:12 AM","0","N/A","COM handler","N/A","N/A","Enabled","Disabled","Stop On Battery Mode, No Start On Batteries","SYSTEM","Disabled","Disabled","Scheduling data is not available in this format.","Undefined","N/A","N/A","N/A","N/A","N/A","N/A","N/A","N/A","N/A"
"DataFiles-Corp-","\Microsoft\Windows\DeviceDirectoryClient\RegisterDeviceSettingChange","N/A","Ready","Interactive/Background","8/31/2026 2:17:08 PM","0","N/A","COM handler","N/A","N/A","Enabled","Disabled","","SYSTEM","Disabled","Disabled","Scheduling data is not available in this format.","Undefined","N/A","N/A","N/A","N/A","N/A","N/A","N/A","N/A","N/A"
"DataFiles-Corp-","\Microsoft\Windows\DeviceDirectoryClient\RegisterUserDevice","N/A","Ready","Interactive/Background","9/1/2026 1:37:58 PM","0","N/A","COM handler","N/A","N/A","Enabled","Disabled","","INTERACTIVE","Disabled","Disabled","Scheduling data is not available in this format.","At logon time","N/A","N/A","N/A","N/A","N/A","N/A","N/A","N/A","N/A"
"DataFiles-Corp-","\Microsoft\Windows\DeviceDirectoryClient\RegisterUserDevice","N/A","Ready","Interactive/Background","9/1/2026 1:37:58 PM","0","N/A","COM handler","N/A","N/A","Enabled","Disabled","","INTERACTIVE","Disabled","Disabled","Scheduling data is not available in this format.","Undefined","N/A","N/A","N/A","N/A","N/A","N/A","N/A","N/A","N/A"
"DataFiles-Corp-","\Microsoft\Windows\Diagnosis\RecommendedTroubleshootingScanner","N/A","Ready","Interactive/Background","8/31/2026 2:20:28 PM","0","Microsoft Corporation","COM handler","N/A","Check for recommended troubleshooting from Microsoft","Enabled","Disabled","","SYSTEM","Disabled","00:30:00","Scheduling data is not available in this format.","Undefined","N/A","N/A","N/A","N/A","N/A","N/A","N/A","N/A","N/A"
"DataFiles-Corp-","\Microsoft\Windows\Diagnosis\RecommendedTroubleshootingScanner","N/A","Ready","Interactive/Background","8/31/2026 2:20:28 PM","0","Microsoft Corporation","COM handler","N/A","Check for recommended troubleshooting from Microsoft","Enabled","Disabled","","SYSTEM","Disabled","00:30:00","Scheduling data is not available in this format.","At system start up","N/A","N/A","N/A","N/A","N/A","N/A","N/A","N/A","N/A"
"DataFiles-Corp-","\Microsoft\Windows\Diagnosis\Scheduled","N/A","Ready","Interactive/Background","11/30/1999 12:00:00 AM","267011","Microsoft Corporation","COM handler","N/A","The Windows Scheduled Maintenance Task performs periodic maintenance of the computer system by fixing problems automatically or reporting them through Security and Maintenance.","Enabled","Disabled","Stop On Battery Mode, No Start On Batteries","INTERACTIVE","Disabled","72:00:00","Scheduling data is not available in this format.","On demand only","N/A","N/A","N/A","N/A","N/A","N/A","N/A","N/A","N/A"
"DataFiles-Corp-","\Microsoft\Windows\Diagnosis\UnexpectedCodepath","N/A","Ready","Interactive/Background","9/3/2026 12:34:50 AM","0","N/A","%windir%\system32\UCConfigTask.exe ","N/A","N/A","Enabled","Disabled","","SYSTEM","Disabled","72:00:00","Scheduling data is not available in this format.","Undefined","N/A","N/A","N/A","N/A","N/A","N/A","N/A","N/A","N/A"
"DataFiles-Corp-","\Microsoft\Windows\DirectX\DirectXDatabaseUpdater","N/A","Ready","Interactive/Background","9/1/2026 1:32:58 PM","0","N/A","%windir%\system32\directxdatabaseupdater.exe ","N/A","N/A","Enabled","Disabled","","SYSTEM","Disabled","02:00:00","Scheduling data is not available in this format.","At logon time","N/A","N/A","N/A","N/A","N/A","N/A","N/A","N/A","N/A"
"DataFiles-Corp-","\Microsoft\Windows\DirectX\DirectXDatabaseUpdater","N/A","Ready","Interactive/Background","9/1/2026 1:32:58 PM","0","N/A","%windir%\system32\directxdatabaseupdater.exe ","N/A","N/A","Enabled","Disabled","","SYSTEM","Disabled","02:00:00","Scheduling data is not available in this format.","Undefined","N/A","N/A","N/A","N/A","N/A","N/A","N/A","N/A","N/A"
"DataFiles-Corp-","\Microsoft\Windows\DirectX\DXGIAdapterCache","N/A","Ready","Interactive/Background","9/2/2026 11:08:57 AM","0","N/A","%windir%\system32\dxgiadaptercache.exe ","N/A","N/A","Enabled","Disabled","","SYSTEM","Disabled","72:00:00","Scheduling data is not available in this format.","At system start up","N/A","N/A","N/A","N/A","N/A","N/A","N/A","N/A","N/A"
"DataFiles-Corp-","\Microsoft\Windows\DirectX\DXGIAdapterCache","N/A","Ready","Interactive/Background","9/2/2026 11:08:57 AM","0","N/A","%windir%\system32\dxgiadaptercache.exe ","N/A","N/A","Enabled","Disabled","","SYSTEM","Disabled","72:00:00","Scheduling data is not available in this format.","Undefined","N/A","N/A","N/A","N/A","N/A","N/A","N/A","N/A","N/A"
"DataFiles-Corp-","\Microsoft\Windows\DiskCleanup\SilentCleanup","N/A","Ready","Interactive/Background","9/2/2026 2:23:26 AM","-2147020576","Microsoft Corporation","%windir%\system32\cleanmgr.exe /autocleanstoragesense /d %systemdrive%","N/A","Maintenance task used by the system to launch a silent auto disk cleanup when running low on free disk space.","Enabled","Only Start If Idle for  minutes, If Not Idle Retry For  minutes Stop the task if Idle State end","Stop On Battery Mode, No Start On Batteries","Users","Disabled","00:15:00","Scheduling data is not available in this format.","On demand only","N/A","N/A","N/A","N/A","N/A","N/A","N/A","N/A","N/A"
"DataFiles-Corp-","\Microsoft\Windows\DiskDiagnostic\Microsoft-Windows-DiskDiagnosticDataCollector","N/A","Ready","Interactive/Background","8/31/2026 2:28:07 PM","0","Microsoft Corporation","%windir%\system32\rundll32.exe dfdts.dll,DfdGetDefaultPolicyAndSMART","N/A","The Windows Disk Diagnostic reports general disk and system information to Microsoft for users participating in the Customer Experience Program.","Enabled","Disabled","No Start On Batteries","SYSTEM","Disabled","72:00:00","Scheduling data is not available in this format.","On demand only","N/A","N/A","N/A","N/A","N/A","N/A","N/A","N/A","N/A"
"DataFiles-Corp-","\Microsoft\Windows\DiskDiagnostic\Microsoft-Windows-DiskDiagnosticResolver","N/A","Disabled","Interactive/Background","11/30/1999 12:00:00 AM","267011","Microsoft Corporation","%windir%\system32\DFDWiz.exe ","N/A","The Microsoft-Windows-DiskDiagnosticResolver warns users about faults reported by hard disks that support the Self Monitoring and Reporting Technology (S.M.A.R.T.) standard. This task is triggered automatically by the Diagnostic Policy Service when a S.","Disabled","Disabled","","Users","Disabled","72:00:00","Scheduling data is not available in this format.","At logon time","N/A","N/A","N/A","N/A","N/A","N/A","N/A","N/A","N/A"
"DataFiles-Corp-","\Microsoft\Windows\DiskFootprint\Diagnostics","N/A","Ready","Interactive/Background","9/2/2026 11:18:15 AM","0","N/A","%windir%\system32\disksnapshot.exe -z","N/A","N/A","Enabled","Only Start If Idle for  minutes, If Not Idle Retry For  minutes Stop the task if Idle State end","Stop On Battery Mode, No Start On Batteries","SYSTEM","Disabled","01:00:00","Scheduling data is not available in this format.","On demand only","N/A","N/A","N/A","N/A","N/A","N/A","N/A","N/A","N/A"
"DataFiles-Corp-","\Microsoft\Windows\DiskFootprint\StorageSense","N/A","Ready","Interactive/Background","9/2/2026 11:18:15 AM","-2147221164","N/A","COM handler","N/A","N/A","Enabled","Only Start If Idle for  minutes, If Not Idle Retry For  minutes Stop the task if Idle State end","Stop On Battery Mode, No Start On Batteries","SYSTEM","Disabled","01:00:00","Scheduling data is not available in this format.","On demand only","N/A","N/A","N/A","N/A","N/A","N/A","N/A","N/A","N/A"
"DataFiles-Corp-","\Microsoft\Windows\DUSM\dusmtask","N/A","Ready","Interactive/Background","11/30/1999 12:00:00 AM","267011","N/A","%SystemRoot%\System32\dusmtask.exe ","N/A","N/A","Enabled","Disabled","","INTERACTIVE","Disabled","72:00:00","Scheduling data is not available in this format.","Undefined","N/A","N/A","N/A","N/A","N/A","N/A","N/A","N/A","N/A"
"DataFiles-Corp-","\Microsoft\Windows\EDP\EDP App Launch Task","N/A","Ready","Interactive/Background","11/30/1999 12:00:00 AM","267011","N/A","COM handler","N/A","N/A","Enabled","Disabled","Stop On Battery Mode","INTERACTIVE","Disabled","72:00:00","Scheduling data is not available in this format.","Undefined","N/A","N/A","N/A","N/A","N/A","N/A","N/A","N/A","N/A"
"DataFiles-Corp-","\Microsoft\Windows\EDP\EDP Auth Task","N/A","Ready","Interactive/Background","11/30/1999 12:00:00 AM","267011","N/A","COM handler","N/A","N/A","Enabled","Disabled","Stop On Battery Mode","INTERACTIVE","Disabled","72:00:00","Scheduling data is not available in this format.","Undefined","N/A","N/A","N/A","N/A","N/A","N/A","N/A","N/A","N/A"
"DataFiles-Corp-","\Microsoft\Windows\EDP\EDP Inaccessible Credentials Task","N/A","Ready","Interactive/Background","11/30/1999 12:00:00 AM","267011","N/A","COM handler","N/A","N/A","Enabled","Disabled","Stop On Battery Mode","INTERACTIVE","Disabled","72:00:00","Scheduling data is not available in this format.","Undefined","N/A","N/A","N/A","N/A","N/A","N/A","N/A","N/A","N/A"
"DataFiles-Corp-","\Microsoft\Windows\EDP\StorageCardEncryption Task","N/A","Ready","Interactive/Background","11/30/1999 12:00:00 AM","267011","N/A","COM handler","N/A","N/A","Enabled","Disabled","","INTERACTIVE","Disabled","72:00:00","Scheduling data is not available in this format.","Undefined","N/A","N/A","N/A","N/A","N/A","N/A","N/A","N/A","N/A"
"DataFiles-Corp-","\Microsoft\Windows\ExploitGuard\ExploitGuard MDM policy Refresh","N/A","Ready","Interactive/Background","9/2/2026 11:07:57 AM","0","Microsoft Corporation","COM handler","N/A","Task for applying changes to the machine's Exploit Protection settings.","Enabled","Disabled","","SYSTEM","Disabled","72:00:00","Scheduling data is not available in this format.","Undefined","N/A","N/A","N/A","N/A","N/A","N/A","N/A","N/A","N/A"
"DataFiles-Corp-","\Microsoft\Windows\ExploitGuard\ExploitGuard MDM policy Refresh","N/A","Ready","Interactive/Background","9/2/2026 11:07:57 AM","0","Microsoft Corporation","COM handler","N/A","Task for applying changes to the machine's Exploit Protection settings.","Enabled","Disabled","","SYSTEM","Disabled","72:00:00","Scheduling data is not available in this format.","At system start up","N/A","N/A","N/A","N/A","N/A","N/A","N/A","N/A","N/A"
"DataFiles-Corp-","\Microsoft\Windows\Feedback\Siuf\DmClient","N/A","Ready","Interactive/Background","9/2/2026 11:18:15 AM","0","Microsoft Windows Feedback","%windir%\system32\dmclient.exe ","N/A","Update SIUF strings","Enabled","Disabled","","SYSTEM","Disabled","00:05:00","Scheduling data is not available in this format.","On demand only","N/A","N/A","N/A","N/A","N/A","N/A","N/A","N/A","N/A"
"DataFiles-Corp-","\Microsoft\Windows\Feedback\Siuf\DmClientOnScenarioDownload","N/A","Ready","Interactive/Background","9/2/2026 2:56:33 PM","0","Microsoft Windows Feedback","%windir%\system32\dmclient.exe utcwnf","N/A","Update SIUF strings","Enabled","Disabled","","SYSTEM","Disabled","00:05:00","Scheduling data is not available in this format.","Undefined","N/A","N/A","N/A","N/A","N/A","N/A","N/A","N/A","N/A"
"DataFiles-Corp-","\Microsoft\Windows\File Classification Infrastructure\Property Definition Sync","N/A","Disabled","Interactive/Background","11/30/1999 12:00:00 AM","267011","Microsoft Corporation","COM handler","N/A","Synchronizes the File Classification Infrastructure taxonomy on the computer with the resource property definitions stored in Active Directory Domain Services.","Disabled","Only Start If Idle for 1 minutes, If Not Idle Retry For 1 minutes","","SYSTEM","Disabled","00:05:00","Scheduling data is not available in this format.","Daily ","3:00:00 AM","11/9/2006","N/A","Every 1 day(s)","N/A","Disabled","Disabled","Disabled","Disabled"
"DataFiles-Corp-","\Microsoft\Windows\FileHistory\File History (maintenance mode)","N/A","Ready","Interactive/Background","8/31/2026 2:28:07 PM","-2147023829","Microsoft Corporation","COM handler","N/A","Protects user files from accidental loss by copying them to a backup location when the system is unattended","Enabled","Disabled","Stop On Battery Mode, No Start On Batteries","LOCAL SERVICE","Disabled","Disabled","Scheduling data is not available in this format.","On demand only","N/A","N/A","N/A","N/A","N/A","N/A","N/A","N/A","N/A"
"DataFiles-Corp-","\Microsoft\Windows\Flighting\FeatureConfig\BootstrapUsageDataReporting","N/A","Disabled","Interactive/Background","11/30/1999 12:00:00 AM","267011","Microsoft Corporation","COM handler","N/A","Task periodically logging feature usage reports","Disabled","Disabled","","SYSTEM","Disabled","04:00:00","Scheduling data is not available in this format.","One Time Only, Minute ","12:06:51 AM","4/5/2024","N/A","N/A","N/A","0 Hour(s), 15 Minute(s)","None","Disabled","Disabled"
"DataFiles-Corp-","\Microsoft\Windows\Flighting\FeatureConfig\GovernedFeatureUsageProcessing","N/A","Ready","Interactive/Background","11/30/1999 12:00:00 AM","267011","Microsoft Corporation","COM handler","N/A","Task periodically reconciling feature configurations","Enabled","Disabled","","SYSTEM","Disabled","00:05:00","Scheduling data is not available in this format.","Undefined","N/A","N/A","N/A","N/A","N/A","N/A","N/A","N/A","N/A"
"DataFiles-Corp-","\Microsoft\Windows\Flighting\FeatureConfig\ReconcileConfigs","N/A","Ready","Interactive/Background","8/31/2026 2:20:12 PM","0","Microsoft Corporation","COM handler","N/A","Task periodically reconciling feature configurations","Enabled","Disabled","","SYSTEM","Disabled","00:05:00","Scheduling data is not available in this format.","Undefined","N/A","N/A","N/A","N/A","N/A","N/A","N/A","N/A","N/A"
"DataFiles-Corp-","\Microsoft\Windows\Flighting\FeatureConfig\ReconcileFeatures","N/A","Ready","Interactive/Background","9/2/2026 11:18:17 AM","0","Microsoft Corporation","COM handler","N/A","Task periodically reconciling feature configurations","Enabled","Disabled","","SYSTEM","Disabled","00:05:00","Scheduling data is not available in this format.","Undefined","N/A","N/A","N/A","N/A","N/A","N/A","N/A","N/A","N/A"
"DataFiles-Corp-","\Microsoft\Windows\Flighting\FeatureConfig\SafeguardsReconciliation","N/A","Ready","Interactive/Background","9/2/2026 11:18:17 AM","0","Microsoft Corporation","COM handler","N/A","Task periodically reconciling feature configurations","Enabled","Disabled","","SYSTEM","Disabled","00:05:00","Scheduling data is not available in this format.","Undefined","N/A","N/A","N/A","N/A","N/A","N/A","N/A","N/A","N/A"
"DataFiles-Corp-","\Microsoft\Windows\Flighting\FeatureConfig\UsageDataFlushing","N/A","Ready","Interactive/Background","9/2/2026 11:07:57 AM","0","Microsoft Corporation","COM handler","N/A","Task persisting feature usage data to disk","Enabled","Disabled","","SYSTEM","Disabled","00:05:00","Scheduling data is not available in this format.","Undefined","N/A","N/A","N/A","N/A","N/A","N/A","N/A","N/A","N/A"
"DataFiles-Corp-","\Microsoft\Windows\Flighting\FeatureConfig\UsageDataReceiver","N/A","Ready","Interactive/Background","9/2/2026 11:47:21 PM","0","Microsoft Corporation","COM handler","N/A","Task persisting feature usage data to disk","Enabled","Disabled","","SYSTEM","Disabled","00:05:00","Scheduling data is not available in this format.","Undefined","N/A","N/A","N/A","N/A","N/A","N/A","N/A","N/A","N/A"
"DataFiles-Corp-","\Microsoft\Windows\Flighting\FeatureConfig\UsageDataReporting","N/A","Ready","Interactive/Background","9/2/2026 11:18:15 AM","0","Microsoft Corporation","COM handler","N/A","Task periodically logging feature usage reports","Enabled","Disabled","","SYSTEM","Disabled","00:05:00","Scheduling data is not available in this format.","Undefined","N/A","N/A","N/A","N/A","N/A","N/A","N/A","N/A","N/A"
"DataFiles-Corp-","\Microsoft\Windows\Flighting\OneSettings\RefreshCache","9/3/2026 5:41:13 AM","Ready","Interactive/Background","9/3/2026 1:39:40 AM","0","Microsoft Corporation","COM handler","N/A","Task periodically refreshing data for OneSettings clients.","Enabled","Disabled","","SYSTEM","Disabled","00:05:00","Scheduling data is not available in this format.","One Time Only, Minute ","1:40:40 AM","9/3/2026","N/A","N/A","N/A","3 Hour(s), 22 Minute(s)","None","Disabled","Disabled"
"DataFiles-Corp-","\Microsoft\Windows\Flighting\OneSettings\RefreshCache","9/3/2026 5:09:26 AM","Ready","Interactive/Background","9/3/2026 1:39:40 AM","0","Microsoft Corporation","COM handler","N/A","Task periodically refreshing data for OneSettings clients.","Enabled","Disabled","","SYSTEM","Disabled","00:05:00","Scheduling data is not available in this format.","Undefined","N/A","N/A","N/A","N/A","N/A","N/A","N/A","N/A","N/A"
"DataFiles-Corp-","\Microsoft\Windows\Flighting\OneSettings\RefreshCache","9/3/2026 5:47:59 AM","Ready","Interactive/Background","9/3/2026 1:39:40 AM","0","Microsoft Corporation","COM handler","N/A","Task periodically refreshing data for OneSettings clients.","Enabled","Disabled","","SYSTEM","Disabled","00:05:00","Scheduling data is not available in this format.","Undefined","N/A","N/A","N/A","N/A","N/A","N/A","N/A","N/A","N/A"
"DataFiles-Corp-","\Microsoft\Windows\Flighting\OneSettings\RefreshCache","9/3/2026 5:28:35 AM","Ready","Interactive/Background","9/3/2026 1:39:40 AM","0","Microsoft Corporation","COM handler","N/A","Task periodically refreshing data for OneSettings clients.","Enabled","Disabled","","SYSTEM","Disabled","00:05:00","Scheduling data is not available in this format.","Undefined","N/A","N/A","N/A","N/A","N/A","N/A","N/A","N/A","N/A"
"DataFiles-Corp-","\Microsoft\Windows\Hotpatch\Monitoring","9/3/2026 3:28:03 AM","Ready","Interactive/Background","9/2/2026 11:19:23 AM","0","N/A","%systemroot%\system32\cmd.exe /d /c %systemroot%\system32\hpatchmonTask.cmd","N/A","N/A","Enabled","Disabled","","SYSTEM","Disabled","00:02:00","Scheduling data is not available in this format.","At system start up","N/A","N/A","N/A","N/A","N/A","N/A","N/A","N/A","N/A"
"DataFiles-Corp-","\Microsoft\Windows\Hotpatch\Monitoring","9/3/2026 3:10:30 AM","Ready","Interactive/Background","9/2/2026 11:19:23 AM","0","N/A","%systemroot%\system32\cmd.exe /d /c %systemroot%\system32\hpatchmonTask.cmd","N/A","N/A","Enabled","Disabled","","SYSTEM","Disabled","00:02:00","Scheduling data is not available in this format.","At logon time","N/A","N/A","N/A","N/A","N/A","N/A","N/A","N/A","N/A"
"DataFiles-Corp-","\Microsoft\Windows\Hotpatch\Monitoring","9/3/2026 3:01:30 AM","Ready","Interactive/Background","9/2/2026 11:19:23 AM","0","N/A","%systemroot%\system32\cmd.exe /d /c %systemroot%\system32\hpatchmonTask.cmd","N/A","N/A","Enabled","Disabled","","SYSTEM","Disabled","00:02:00","Scheduling data is not available in this format.","One Time Only, Hourly ","3:00:00 AM","1/1/2000","N/A","N/A","N/A","24 Hour(s), 0 Minute(s)","None","Disabled","Disabled"
"DataFiles-Corp-","\Microsoft\Windows\input\InputSettingsRestoreDataAvailable","N/A","Ready","Interactive/Background","11/30/1999 12:00:00 AM","267011","N/A","COM handler","N/A","N/A","Enabled","Disabled","","INTERACTIVE","Disabled","Disabled","Scheduling data is not available in this format.","Undefined","N/A","N/A","N/A","N/A","N/A","N/A","N/A","N/A","N/A"
"DataFiles-Corp-","\Microsoft\Windows\input\LocalUserSyncDataAvailable","N/A","Ready","Interactive/Background","8/31/2026 2:32:55 PM","0","N/A","COM handler","N/A","N/A","Enabled","Disabled","","INTERACTIVE","Disabled","Disabled","Scheduling data is not available in this format.","Undefined","N/A","N/A","N/A","N/A","N/A","N/A","N/A","N/A","N/A"
"DataFiles-Corp-","\Microsoft\Windows\input\MouseSyncDataAvailable","N/A","Ready","Interactive/Background","11/30/1999 12:00:00 AM","267011","N/A","COM handler","N/A","N/A","Enabled","Disabled","","INTERACTIVE","Disabled","Disabled","Scheduling data is not available in this format.","Undefined","N/A","N/A","N/A","N/A","N/A","N/A","N/A","N/A","N/A"
"DataFiles-Corp-","\Microsoft\Windows\input\PenSyncDataAvailable","N/A","Ready","Interactive/Background","8/31/2026 2:34:16 PM","0","N/A","COM handler","N/A","N/A","Enabled","Disabled","","INTERACTIVE","Disabled","Disabled","Scheduling data is not available in this format.","Undefined","N/A","N/A","N/A","N/A","N/A","N/A","N/A","N/A","N/A"
"DataFiles-Corp-","\Microsoft\Windows\input\RemoteMouseSyncDataAvailable","N/A","Ready","Interactive/Background","11/30/1999 12:00:00 AM","267011","N/A","COM handler","N/A","N/A","Enabled","Disabled","","INTERACTIVE","Disabled","Disabled","Scheduling data is not available in this format.","Undefined","N/A","N/A","N/A","N/A","N/A","N/A","N/A","N/A","N/A"
"DataFiles-Corp-","\Microsoft\Windows\input\RemotePenSyncDataAvailable","N/A","Ready","Interactive/Background","11/30/1999 12:00:00 AM","267011","N/A","COM handler","N/A","N/A","Enabled","Disabled","","INTERACTIVE","Disabled","Disabled","Scheduling data is not available in this format.","Undefined","N/A","N/A","N/A","N/A","N/A","N/A","N/A","N/A","N/A"
"DataFiles-Corp-","\Microsoft\Windows\input\RemoteTouchpadSyncDataAvailable","N/A","Ready","Interactive/Background","11/30/1999 12:00:00 AM","267011","N/A","COM handler","N/A","N/A","Enabled","Disabled","","INTERACTIVE","Disabled","Disabled","Scheduling data is not available in this format.","Undefined","N/A","N/A","N/A","N/A","N/A","N/A","N/A","N/A","N/A"
"DataFiles-Corp-","\Microsoft\Windows\input\syncpensettings","N/A","Ready","Interactive/Background","11/30/1999 12:00:00 AM","267011","N/A","COM handler","N/A","N/A","Enabled","Disabled","","INTERACTIVE","Disabled","00:01:00","Scheduling data is not available in this format.","Undefined","N/A","N/A","N/A","N/A","N/A","N/A","N/A","N/A","N/A"
"DataFiles-Corp-","\Microsoft\Windows\input\TouchpadSyncDataAvailable","N/A","Ready","Interactive/Background","11/30/1999 12:00:00 AM","267011","N/A","COM handler","N/A","N/A","Enabled","Disabled","","INTERACTIVE","Disabled","Disabled","Scheduling data is not available in this format.","Undefined","N/A","N/A","N/A","N/A","N/A","N/A","N/A","N/A","N/A"
"DataFiles-Corp-","\Microsoft\Windows\InstallService\RestoreDevice","N/A","Ready","Interactive/Background","9/1/2026 2:17:31 PM","0","N/A","COM handler","N/A","N/A","Enabled","Disabled","Stop On Battery Mode, No Start On Batteries","INTERACTIVE","Disabled","03:00:00","Scheduling data is not available in this format.","Undefined","N/A","N/A","N/A","N/A","N/A","N/A","N/A","N/A","N/A"
"DataFiles-Corp-","\Microsoft\Windows\InstallService\ScanForUpdates","9/4/2026 6:52:53 AM","Ready","Interactive/Background","9/2/2026 1:07:58 PM","0","N/A","COM handler","N/A","N/A","Enabled","Disabled","","SYSTEM","Disabled","04:00:00","Scheduling data is not available in this format.","One Time Only, Hourly ","12:00:00 AM","1/1/2014","N/A","N/A","N/A","24 Hour(s), 0 Minute(s)","None","Disabled","Disabled"
"DataFiles-Corp-","\Microsoft\Windows\InstallService\ScanForUpdates","9/4/2026 2:15:58 AM","Ready","Interactive/Background","9/2/2026 1:07:58 PM","0","N/A","COM handler","N/A","N/A","Enabled","Disabled","","SYSTEM","Disabled","04:00:00","Scheduling data is not available in this format.","Undefined","N/A","N/A","N/A","N/A","N/A","N/A","N/A","N/A","N/A"
"DataFiles-Corp-","\Microsoft\Windows\InstallService\ScanForUpdates","9/4/2026 3:23:26 AM","Ready","Interactive/Background","9/2/2026 1:07:58 PM","0","N/A","COM handler","N/A","N/A","Enabled","Disabled","","SYSTEM","Disabled","04:00:00","Scheduling data is not available in this format.","One Time Only","12:00:00 AM","1/1/2014","N/A","N/A","N/A","Disabled","Disabled","Disabled","Disabled"
"DataFiles-Corp-","\Microsoft\Windows\InstallService\ScanForUpdatesAsUser","N/A","Ready","Interactive/Background","9/1/2026 3:16:04 PM","0","N/A","COM handler","N/A","N/A","Enabled","Disabled","","INTERACTIVE","Disabled","04:00:00","Scheduling data is not available in this format.","On demand only","N/A","N/A","N/A","N/A","N/A","N/A","N/A","N/A","N/A"
"DataFiles-Corp-","\Microsoft\Windows\InstallService\SmartRetry","N/A","Ready","Interactive/Background","9/1/2026 2:06:18 PM","0","N/A","COM handler","N/A","N/A","Enabled","Only Start If Idle for  minutes, If Not Idle Retry For  minutes Stop the task if Idle State end","","SYSTEM","Disabled","01:00:00","Scheduling data is not available in this format.","At system start up","N/A","N/A","N/A","N/A","N/A","N/A","N/A","N/A","N/A"
"DataFiles-Corp-","\Microsoft\Windows\InstallService\SmartRetry","N/A","Ready","Interactive/Background","9/1/2026 2:06:18 PM","0","N/A","COM handler","N/A","N/A","Enabled","Only Start If Idle for  minutes, If Not Idle Retry For  minutes Stop the task if Idle State end","","SYSTEM","Disabled","01:00:00","Scheduling data is not available in this format.","One Time Only","12:00:00 AM","1/1/2014","N/A","N/A","N/A","Disabled","Disabled","Disabled","Disabled"
"DataFiles-Corp-","\Microsoft\Windows\InstallService\SmartRetry","N/A","Ready","Interactive/Background","9/1/2026 2:06:18 PM","0","N/A","COM handler","N/A","N/A","Enabled","Only Start If Idle for  minutes, If Not Idle Retry For  minutes Stop the task if Idle State end","","SYSTEM","Disabled","01:00:00","Scheduling data is not available in this format.","Undefined","N/A","N/A","N/A","N/A","N/A","N/A","N/A","N/A","N/A"
"DataFiles-Corp-","\Microsoft\Windows\InstallService\WakeUpAndContinueUpdates","N/A","Disabled","Interactive/Background","11/30/1999 12:00:00 AM","267011","N/A","COM handler","N/A","N/A","Disabled","Only Start If Idle for  minutes, If Not Idle Retry For  minutes Stop the task if Idle State end","Stop On Battery Mode, No Start On Batteries","SYSTEM","Disabled","04:00:00","Scheduling data is not available in this format.","On demand only","N/A","N/A","N/A","N/A","N/A","N/A","N/A","N/A","N/A"
"DataFiles-Corp-","\Microsoft\Windows\InstallService\WakeUpAndScanForUpdates","N/A","Disabled","Interactive/Background","11/30/1999 12:00:00 AM","267011","N/A","COM handler","N/A","N/A","Disabled","Only Start If Idle for  minutes, If Not Idle Retry For  minutes Stop the task if Idle State end","Stop On Battery Mode, No Start On Batteries","SYSTEM","Disabled","04:00:00","Scheduling data is not available in this format.","One Time Only, Hourly ","12:00:00 AM","1/1/2014","N/A","N/A","N/A","24 Hour(s), 0 Minute(s)","None","Disabled","Disabled"
"DataFiles-Corp-","\Microsoft\Windows\International\Synchronize Language Settings","N/A","Ready","Interactive/Background","9/1/2026 1:23:28 PM","0","Microsoft Corporation","COM handler","N/A","Synchronize User Language Settings from other devices.","Enabled","Disabled","","INTERACTIVE","Disabled","00:10:00","Scheduling data is not available in this format.","Undefined","N/A","N/A","N/A","N/A","N/A","N/A","N/A","N/A","N/A"
"DataFiles-Corp-","\Microsoft\Windows\International\Synchronize Language Settings","N/A","Ready","Interactive/Background","9/1/2026 1:23:28 PM","0","Microsoft Corporation","COM handler","N/A","Synchronize User Language Settings from other devices.","Enabled","Disabled","","INTERACTIVE","Disabled","00:10:00","Scheduling data is not available in this format.","At logon time","N/A","N/A","N/A","N/A","N/A","N/A","N/A","N/A","N/A"
"DataFiles-Corp-","\Microsoft\Windows\Kernel\La57Cleanup","N/A","Ready","Interactive/Background","8/31/2026 2:28:07 PM","0","Microsoft Corporation","%windir%\system32\la57setup.exe ","N/A","This task cleans up 5-level paging binaries on systems that do not support 5-level paging.","Enabled","Disabled","No Start On Batteries","SYSTEM","Disabled","00:05:00","Scheduling data is not available in this format.","On demand only","N/A","N/A","N/A","N/A","N/A","N/A","N/A","N/A","N/A"
"DataFiles-Corp-","\Microsoft\Windows\LanguageComponentsInstaller\Installation","N/A","Ready","Interactive/Background","9/1/2026 1:37:58 PM","0","Microsoft Corporation","COM handler","N/A","Install language components that match the user's language list.","Enabled","Disabled","No Start On Batteries","INTERACTIVE","Disabled","01:00:00","Scheduling data is not available in this format.","At logon time","N/A","N/A","N/A","N/A","N/A","N/A","N/A","N/A","N/A"
"DataFiles-Corp-","\Microsoft\Windows\LanguageComponentsInstaller\ReconcileLanguageResources","N/A","Ready","Interactive/Background","9/1/2026 3:22:58 PM","0","Microsoft Corporation","COM handler","N/A","Install language components that match the user's language list.","Enabled","Disabled","No Start On Batteries","INTERACTIVE","Disabled","01:00:00","Scheduling data is not available in this format.","At logon time","N/A","N/A","N/A","N/A","N/A","N/A","N/A","N/A","N/A"
"DataFiles-Corp-","\Microsoft\Windows\LanguageComponentsInstaller\Uninstallation","N/A","Disabled","Interactive/Background","8/31/2026 2:28:07 PM","0","Microsoft Corporation","COM handler","N/A","Uninstall language components that are not in any user's language list.","Disabled","Disabled","Stop On Battery Mode, No Start On Batteries","SYSTEM","Disabled","01:00:00","Scheduling data is not available in this format.","On demand only","N/A","N/A","N/A","N/A","N/A","N/A","N/A","N/A","N/A"
"DataFiles-Corp-","\Microsoft\Windows\License Manager\TempSignedLicenseExchange","N/A","Ready","Interactive/Background","9/1/2026 3:16:04 PM","0","Microsoft Corporation","COM handler","N/A","Exchanges temporary preinstalled licenses for Microsoft Store licenses.","Enabled","Only Start If Idle for  minutes, If Not Idle Retry For  minutes Stop the task if Idle State end","","INTERACTIVE","Disabled","72:00:00","Scheduling data is not available in this format.","On demand only","N/A","N/A","N/A","N/A","N/A","N/A","N/A","N/A","N/A"
"DataFiles-Corp-","\Microsoft\Windows\Location\WindowsActionDialog","N/A","Ready","Interactive/Background","11/30/1999 12:00:00 AM","267011","N/A","%windir%\System32\WindowsActionDialog.exe ","N/A","Location Notification","Enabled","Disabled","","Authenticated Users","Disabled","Disabled","Scheduling data is not available in this format.","Undefined","N/A","N/A","N/A","N/A","N/A","N/A","N/A","N/A","N/A"
"DataFiles-Corp-","\Microsoft\Windows\Maintenance\WinSAT","N/A","Ready","Interactive/Background","11/30/1999 12:00:00 AM","267011","Microsoft","COM handler","N/A","Measures a system's performance and capabilities","Enabled","Disabled","Stop On Battery Mode, No Start On Batteries","Administrators","Disabled","00:30:00","Scheduling data is not available in this format.","On demand only","N/A","N/A","N/A","N/A","N/A","N/A","N/A","N/A","N/A"
"DataFiles-Corp-","\Microsoft\Windows\Management\Autopilot\DetectHardwareChange","N/A","Disabled","Interactive/Background","11/30/1999 12:00:00 AM","267011","$(@%SystemRoot%\system32\Autopilot.dll,-600)","COM handler","N/A","$(@%SystemRoot%\system32\Autopilot.dll,-602)","Disabled","Disabled","","SYSTEM","Disabled","72:00:00","Scheduling data is not available in this format.","Undefined","N/A","N/A","N/A","N/A","N/A","N/A","N/A","N/A","N/A"
"DataFiles-Corp-","\Microsoft\Windows\Management\Autopilot\RemediateHardwareChange","N/A","Disabled","Interactive/Background","11/30/1999 12:00:00 AM","267011","$(@%SystemRoot%\system32\Autopilot.dll,-600)","COM handler","N/A","$(@%SystemRoot%\system32\Autopilot.dll,-603)","Disabled","Disabled","","SYSTEM","Disabled","72:00:00","Scheduling data is not available in this format.","At system start up","N/A","N/A","N/A","N/A","N/A","N/A","N/A","N/A","N/A"
"DataFiles-Corp-","\Microsoft\Windows\Management\Provisioning\Cellular","N/A","Ready","Interactive/Background","11/30/1999 12:00:00 AM","267011","N/A","%windir%\system32\ProvTool.exe /turn 7 /source CellStateChangeTask","N/A","N/A","Enabled","Disabled","","SYSTEM","Disabled","72:00:00","Scheduling data is not available in this format.","Undefined","N/A","N/A","N/A","N/A","N/A","N/A","N/A","N/A","N/A"
"DataFiles-Corp-","\Microsoft\Windows\Management\Provisioning\Logon","N/A","Ready","Interactive/Background","9/1/2026 2:06:18 PM","0","N/A","%windir%\system32\ProvTool.exe /turn 5 /source LogonIdleTask","N/A","N/A","Enabled","Only Start If Idle for  minutes, If Not Idle Retry For  minutes Stop the task if Idle State end","","SYSTEM","Disabled","72:00:00","Scheduling data is not available in this format.","At logon time","N/A","N/A","N/A","N/A","N/A","N/A","N/A","N/A","N/A"
"DataFiles-Corp-","\Microsoft\Windows\Management\Provisioning\MdmDiagnosticsCleanup","N/A","Disabled","Interactive/Background","11/30/1999 12:00:00 AM","267011","N/A","%windir%\system32\MdmDiagnosticsTool.exe /clean","N/A","N/A","Disabled","Disabled","","SYSTEM","Disabled","72:00:00","Scheduling data is not available in this format.","At system start up","N/A","N/A","N/A","N/A","N/A","N/A","N/A","N/A","N/A"
"DataFiles-Corp-","\Microsoft\Windows\Management\Provisioning\Retry","N/A","Disabled","Interactive/Background","11/30/1999 12:00:00 AM","267011","N/A","%windir%\system32\ProvTool.exe /turn 5 /source ProvRetryTask","N/A","N/A","Disabled","Disabled","","SYSTEM","Disabled","72:00:00","Scheduling data is not available in this format.","At system start up","N/A","N/A","N/A","N/A","N/A","N/A","N/A","N/A","N/A"
"DataFiles-Corp-","\Microsoft\Windows\Management\Provisioning\RunOnReboot","N/A","Disabled","Interactive/Background","11/30/1999 12:00:00 AM","267011","N/A","%windir%\system32\ProvTool.exe /turn 5 /source ContinueSessionTask","N/A","N/A","Disabled","Disabled","","SYSTEM","Disabled","72:00:00","Scheduling data is not available in this format.","At system start up","N/A","N/A","N/A","N/A","N/A","N/A","N/A","N/A","N/A"
"DataFiles-Corp-","\Microsoft\Windows\Maps\MapsToastTask","N/A","Ready","Interactive/Background","11/30/1999 12:00:00 AM","267011","Microsoft Corporation","COM handler","N/A","This task shows various Map related toasts","Enabled","Disabled","","INTERACTIVE","Disabled","00:00:05","Scheduling data is not available in this format.","On demand only","N/A","N/A","N/A","N/A","N/A","N/A","N/A","N/A","N/A"
"DataFiles-Corp-","\Microsoft\Windows\Maps\MapsUpdateTask","N/A","Disabled","Interactive/Background","11/30/1999 12:00:00 AM","267011","Microsoft Corporation","COM handler","N/A","This task checks for updates to maps which you have downloaded for offline use. Disabling this task will prevent Windows from notifying you of updated maps.","Disabled","Disabled","Stop On Battery Mode, No Start On Batteries","NETWORK SERVICE","Disabled","00:00:40","Scheduling data is not available in this format.","One Time Only, Hourly ","12:00:00 AM","10/21/2014","N/A","N/A","N/A","24 Hour(s), 0 Minute(s)","None","Disabled","Disabled"
"DataFiles-Corp-","\Microsoft\Windows\MemoryDiagnostic\AutomaticOfflineMemoryDiagnostic","N/A","Ready","Interactive/Background","9/1/2026 1:22:58 PM","-2147221231","Microsoft Corporation","COM handler","N/A","Schedules an offline memory diagnostic in response to system events.","Enabled","Disabled","Stop On Battery Mode, No Start On Batteries","Administrators","Disabled","Disabled","Scheduling data is not available in this format.","At logon time","N/A","N/A","N/A","N/A","N/A","N/A","N/A","N/A","N/A"
"DataFiles-Corp-","\Microsoft\Windows\MemoryDiagnostic\ProcessMemoryDiagnosticEvents","N/A","Ready","Interactive/Background","9/2/2026 2:23:26 AM","-2147020576","Microsoft Corporation","COM handler","N/A","Schedules a memory diagnostic in response to system events.","Enabled","Only Start If Idle for  minutes, If Not Idle Retry For  minutes Stop the task if Idle State end","Stop On Battery Mode, No Start On Batteries","Administrators","Disabled","02:00:00","Scheduling data is not available in this format.","When an event occurs","N/A","N/A","N/A","N/A","N/A","N/A","N/A","N/A","N/A"
"DataFiles-Corp-","\Microsoft\Windows\MemoryDiagnostic\RunFullMemoryDiagnostic","N/A","Disabled","Interactive/Background","11/30/1999 12:00:00 AM","267011","Microsoft Corporation","COM handler","N/A","Detects and mitigates problems in physical memory (RAM).","Disabled","Only Start If Idle for  minutes, If Not Idle Retry For  minutes Stop the task if Idle State end","Stop On Battery Mode, No Start On Batteries","Administrators","Disabled","02:00:00","Scheduling data is not available in this format.","On demand only","N/A","N/A","N/A","N/A","N/A","N/A","N/A","N/A","N/A"
"DataFiles-Corp-","\Microsoft\Windows\MUI\LPRemove","N/A","Ready","Interactive/Background","8/31/2026 2:28:07 PM","0","Microsoft Corporation","%windir%\system32\lpremove.exe ","N/A","Launch language cleanup tool","Enabled","Disabled","Stop On Battery Mode, No Start On Batteries","SYSTEM","Disabled","09:00:00","Scheduling data is not available in this format.","On demand only","N/A","N/A","N/A","N/A","N/A","N/A","N/A","N/A","N/A"
"DataFiles-Corp-","\Microsoft\Windows\Multimedia\SystemSoundsService","N/A","Ready","Interactive/Background","9/1/2026 1:22:58 PM","1073807364","N/A","COM handler","N/A","System Sounds User Mode Agent","Enabled","Disabled","","Users","Disabled","Disabled","Scheduling data is not available in this format.","At logon time","N/A","N/A","N/A","N/A","N/A","N/A","N/A","N/A","N/A"
"DataFiles-Corp-","\Microsoft\Windows\Network Connectivity Status Indicator\NcsiIdentifyUserProxies","N/A","Ready","Interactive/Background","9/1/2026 1:29:52 PM","0","N/A","COM handler","N/A","N/A","Enabled","Disabled","","Users","Disabled","00:01:00","Scheduling data is not available in this format.","At logon time","N/A","N/A","N/A","N/A","N/A","N/A","N/A","N/A","N/A"
"DataFiles-Corp-","\Microsoft\Windows\Network Connectivity Status Indicator\NcsiIdentifyUserProxies","N/A","Ready","Interactive/Background","9/1/2026 1:29:52 PM","0","N/A","COM handler","N/A","N/A","Enabled","Disabled","","Users","Disabled","00:01:00","Scheduling data is not available in this format.","When an event occurs","N/A","N/A","N/A","N/A","N/A","N/A","N/A","N/A","N/A"
"DataFiles-Corp-","\Microsoft\Windows\NlaSvc\WiFiTask","N/A","Ready","Interactive/Background","11/30/1999 12:00:00 AM","267011","Microsoft Corporation","%SystemRoot%\System32\WiFiTask.exe nla","N/A","Background task for performing per user and web interactions","Enabled","Disabled","","INTERACTIVE","Disabled","00:10:00","Scheduling data is not available in this format.","Undefined","N/A","N/A","N/A","N/A","N/A","N/A","N/A","N/A","N/A"
"DataFiles-Corp-","\Microsoft\Windows\Offline Files\Background Synchronization","N/A","Disabled","Interactive/Background","11/30/1999 12:00:00 AM","267011","Microsoft Corporation","COM handler","N/A","This task controls periodic background synchronization of Offline Files when the user is working in an offline mode.","Disabled","Disabled","","Authenticated Users","Disabled","24:00:00","Scheduling data is not available in this format.","One Time Only, Hourly ","12:00:00 AM","1/1/2008","N/A","N/A","N/A","2 Hour(s), 0 Minute(s)","None","Disabled","Disabled"
"DataFiles-Corp-","\Microsoft\Windows\Offline Files\Logon Synchronization","N/A","Disabled","Interactive/Background","11/30/1999 12:00:00 AM","267011","Microsoft Corporation","COM handler","N/A","This task initiates synchronization of Offline Files when a user logs onto the system.","Disabled","Disabled","Stop On Battery Mode, No Start On Batteries","Authenticated Users","Disabled","24:00:00","Scheduling data is not available in this format.","At logon time","N/A","N/A","N/A","N/A","N/A","N/A","N/A","N/A","N/A"
"DataFiles-Corp-","\Microsoft\Windows\PCRPF\PCR Prediction Framework Firmware Update Task","N/A","Ready","Interactive/Background","11/30/1999 12:00:00 AM","267011","N/A","%windir%\system32\rundll32.exe %windir%\system32\pcrpf.dll,NotifyFirmwareUpdateStaged","N/A","N/A","Enabled","Disabled","","SYSTEM","Disabled","72:00:00","Scheduling data is not available in this format.","Undefined","N/A","N/A","N/A","N/A","N/A","N/A","N/A","N/A","N/A"
"DataFiles-Corp-","\Microsoft\Windows\PerformanceTrace\ShowFeedbackToast","N/A","Ready","Interactive/Background","11/30/1999 12:00:00 AM","267011","Microsoft Corporation","COM handler","N/A","Performance Feedback (MS Internal)","Enabled","Disabled","","INTERACTIVE","Disabled","72:00:00","Scheduling data is not available in this format.","Undefined","N/A","N/A","N/A","N/A","N/A","N/A","N/A","N/A","N/A"
"DataFiles-Corp-","\Microsoft\Windows\PerformanceTrace\WhesvcToast","N/A","Ready","Interactive/Background","11/30/1999 12:00:00 AM","267011","Microsoft Corporation","COM handler","N/A","Handles displaying UX when hotkey trace is taken","Enabled","Disabled","","INTERACTIVE","Disabled","72:00:00","Scheduling data is not available in this format.","Undefined","N/A","N/A","N/A","N/A","N/A","N/A","N/A","N/A","N/A"
"DataFiles-Corp-","\Microsoft\Windows\PI\Secure-Boot-Update","N/A","Ready","Interactive/Background","9/2/2026 11:12:57 PM","0","Microsoft Corporation","COM handler","N/A","This task updates the Secure Boot variables.","Enabled","Disabled","","SYSTEM","Disabled","01:00:00","Scheduling data is not available in this format.","At system start up","N/A","N/A","N/A","N/A","N/A","N/A","N/A","N/A","N/A"
"DataFiles-Corp-","\Microsoft\Windows\PI\Sqm-Tasks","N/A","Ready","Interactive/Background","8/31/2026 2:28:07 PM","0","Microsoft Corporation","COM handler","N/A","This task gathers information about the Trusted Platform Module (TPM), Secure Boot, and Measured Boot.","Enabled","Disabled","No Start On Batteries","SYSTEM","Disabled","72:00:00","Scheduling data is not available in this format.","On demand only","N/A","N/A","N/A","N/A","N/A","N/A","N/A","N/A","N/A"
"DataFiles-Corp-","\Microsoft\Windows\PLA\GAEvents","N/A","Running","Interactive/Background","9/2/2026 11:08:18 AM","267009","N/A","COM handler","N/A","N/A","Enabled","Disabled","","SYSTEM","Disabled","Disabled","Scheduling data is not available in this format.","On demand only","N/A","N/A","N/A","N/A","N/A","N/A","N/A","N/A","N/A"
"DataFiles-Corp-","\Microsoft\Windows\PLA\RTEvents","N/A","Running","Interactive/Background","9/2/2026 11:08:31 AM","267009","N/A","COM handler","N/A","N/A","Enabled","Disabled","","SYSTEM","Disabled","Disabled","Scheduling data is not available in this format.","On demand only","N/A","N/A","N/A","N/A","N/A","N/A","N/A","N/A","N/A"
"DataFiles-Corp-","\Microsoft\Windows\Plug and Play\Device Install Group Policy","N/A","Ready","Interactive/Background","11/30/1999 12:00:00 AM","267011","Microsoft Corporation","COM handler","N/A","Device Installation Group Policy Change Handler","Enabled","Disabled","","SYSTEM","Disabled","24:00:00","Scheduling data is not available in this format.","Undefined","N/A","N/A","N/A","N/A","N/A","N/A","N/A","N/A","N/A"
"DataFiles-Corp-","\Microsoft\Windows\Plug and Play\Device Install Reboot Required","N/A","Ready","Interactive/Background","9/1/2026 1:22:58 PM","0","Microsoft Corporation","COM handler","N/A","Notifies the user that Windows needs to be restarted to finish setting up a device.","Enabled","Disabled","","INTERACTIVE","Disabled","72:00:00","Scheduling data is not available in this format.","Undefined","N/A","N/A","N/A","N/A","N/A","N/A","N/A","N/A","N/A"
"DataFiles-Corp-","\Microsoft\Windows\Plug and Play\Device Install Reboot Required","N/A","Ready","Interactive/Background","9/1/2026 1:22:58 PM","0","Microsoft Corporation","COM handler","N/A","Notifies the user that Windows needs to be restarted to finish setting up a device.","Enabled","Disabled","","INTERACTIVE","Disabled","72:00:00","Scheduling data is not available in this format.","At logon time","N/A","N/A","N/A","N/A","N/A","N/A","N/A","N/A","N/A"
"DataFiles-Corp-","\Microsoft\Windows\Plug and Play\Sysprep Generalize Drivers","N/A","Ready","Interactive/Background","11/30/1999 12:00:00 AM","267011","Microsoft Corporation","%SystemRoot%\System32\drvinst.exe 6","N/A","Generalize driver state in order to prepare the system to be bootable on any hardware configuration.","Enabled","Disabled","","SYSTEM","Disabled","72:00:00","Scheduling data is not available in this format.","On demand only","N/A","N/A","N/A","N/A","N/A","N/A","N/A","N/A","N/A"
"DataFiles-Corp-","\Microsoft\Windows\Pluton\Pluton-Ksp-Provisioning","N/A","Ready","Interactive/Background","11/30/1999 12:00:00 AM","267011","Microsoft Corporation","COM handler","N/A","PlutonTasks Task Handler","Enabled","Disabled","","SYSTEM","Disabled","72:00:00","Scheduling data is not available in this format.","Undefined","N/A","N/A","N/A","N/A","N/A","N/A","N/A","N/A","N/A"
"DataFiles-Corp-","\Microsoft\Windows\Power Efficiency Diagnostics\AnalyzeSystem","N/A","Ready","Interactive/Background","9/2/2026 11:18:19 AM","0","Microsoft Corporation","COM handler","N/A","This task analyzes the system looking for conditions that may cause high energy use.","Enabled","Disabled","","SYSTEM","Disabled","00:05:00","Scheduling data is not available in this format.","On demand only","N/A","N/A","N/A","N/A","N/A","N/A","N/A","N/A","N/A"
"DataFiles-Corp-","\Microsoft\Windows\Printing\EduPrintProv","N/A","Ready","Interactive/Background","11/30/1999 12:00:00 AM","267011","N/A","%windir%\system32\eduprintprov.exe ","N/A","N/A","Enabled","Disabled","","INTERACTIVE","Disabled","72:00:00","Scheduling data is not available in this format.","Undefined","N/A","N/A","N/A","N/A","N/A","N/A","N/A","N/A","N/A"
"DataFiles-Corp-","\Microsoft\Windows\Printing\PrinterCleanupTask","9/26/2026 12:00:00 PM","Ready","Interactive/Background","9/1/2026 1:23:00 PM","0","N/A","COM handler","N/A","N/A","Enabled","Disabled","Stop On Battery Mode, No Start On Batteries","INTERACTIVE","Disabled","72:00:00","Scheduling data is not available in this format.","Daily ","12:00:00 PM","1/1/2020","N/A","Every 30 day(s)","N/A","Disabled","Disabled","Disabled","Disabled"
"DataFiles-Corp-","\Microsoft\Windows\Printing\PrintJobCleanupTask","N/A","Disabled","Interactive/Background","9/1/2026 1:23:00 PM","0","N/A","COM handler","N/A","N/A","Disabled","Disabled","Stop On Battery Mode, No Start On Batteries","INTERACTIVE","Disabled","72:00:00","Scheduling data is not available in this format.","Daily ","12:00:00 PM","1/1/2021","N/A","Every 7 day(s)","N/A","Disabled","Disabled","Disabled","Disabled"
"DataFiles-Corp-","\Microsoft\Windows\PushToInstall\LoginCheck","N/A","Ready","Interactive/Background","9/1/2026 3:22:58 PM","0","N/A","%windir%\system32\sc.exe start pushtoinstall login","N/A","N/A","Enabled","Disabled","","SYSTEM","Disabled","01:00:00","Scheduling data is not available in this format.","At logon time","N/A","N/A","N/A","N/A","N/A","N/A","N/A","N/A","N/A"
"DataFiles-Corp-","\Microsoft\Windows\PushToInstall\Registration","9/3/2026 11:16:39 AM","Ready","Interactive/Background","9/2/2026 11:16:38 AM","0","N/A","%windir%\system32\sc.exe start pushtoinstall registration","N/A","N/A","Enabled","Disabled","","SYSTEM","Disabled","01:00:00","Scheduling data is not available in this format.","One Time Only, Hourly ","11:16:39 AM","9/2/2026","N/A","N/A","N/A","24 Hour(s), 0 Minute(s)","None","Disabled","Disabled"
"DataFiles-Corp-","\Microsoft\Windows\PushToInstall\Registration","9/3/2026 11:16:39 AM","Ready","Interactive/Background","9/2/2026 11:16:38 AM","0","N/A","%windir%\system32\sc.exe start pushtoinstall registration","N/A","N/A","Enabled","Disabled","","SYSTEM","Disabled","01:00:00","Scheduling data is not available in this format.","Undefined","N/A","N/A","N/A","N/A","N/A","N/A","N/A","N/A","N/A"
"DataFiles-Corp-","\Microsoft\Windows\Ras\MobilityManager","N/A","Ready","Interactive/Background","11/30/1999 12:00:00 AM","267011","Microsoft Corporation","COM handler","N/A","Provides support for the switching of mobility enabled VPN connections if their underlying interface goes down.","Enabled","Disabled","","LOCAL SERVICE","Disabled","72:00:00","Scheduling data is not available in this format.","When an event occurs","N/A","N/A","N/A","N/A","N/A","N/A","N/A","N/A","N/A"
"DataFiles-Corp-","\Microsoft\Windows\RecoveryEnvironment\VerifyWinRE","N/A","Ready","Interactive/Background","11/30/1999 12:00:00 AM","267011","Microsoft Corporation","COM handler","N/A","Validates the Windows Recovery Environment.","Enabled","Only Start If Idle for  minutes, If Not Idle Retry For  minutes","No Start On Batteries","Administrators","Disabled","01:00:00","Scheduling data is not available in this format.","On demand only","N/A","N/A","N/A","N/A","N/A","N/A","N/A","N/A","N/A"
"DataFiles-Corp-","\Microsoft\Windows\ReFsDedupSvc\Initialization","N/A","Ready","Interactive/Background","11/30/1999 12:00:00 AM","267011","Microsoft Corporation","COM handler","N/A","Initializes the REFS Dedup Service when the first dedup enabled volume is detected on the system. Do not remove or modify this task.","Enabled","Disabled","","SYSTEM","Disabled","Disabled","Scheduling data is not available in this format.","Undefined","N/A","N/A","N/A","N/A","N/A","N/A","N/A","N/A","N/A"
"DataFiles-Corp-","\Microsoft\Windows\Registry\RegIdleBackup","N/A","Ready","Interactive/Background","8/31/2026 2:28:07 PM","0","Microsoft Corporation","COM handler","N/A","Registry Idle Backup Task","Enabled","Disabled","No Start On Batteries","SYSTEM","Disabled","Disabled","Scheduling data is not available in this format.","On demand only","N/A","N/A","N/A","N/A","N/A","N/A","N/A","N/A","N/A"
"DataFiles-Corp-","\Microsoft\Windows\RemoteAssistance\RemoteAssistanceTask","N/A","Ready","Interactive/Background","11/30/1999 12:00:00 AM","267011","Microsoft","%windir%\system32\RAServer.exe /offerraupdate","%windir%","Checks group policy for changes relevant to Remote Assistance","Enabled","Disabled","Stop On Battery Mode","SYSTEM","Disabled","72:00:00","Scheduling data is not available in this format.","When an event occurs","N/A","N/A","N/A","N/A","N/A","N/A","N/A","N/A","N/A"
"DataFiles-Corp-","\Microsoft\Windows\RemoteAssistance\RemoteAssistanceTask","N/A","Ready","Interactive/Background","11/30/1999 12:00:00 AM","267011","Microsoft","%windir%\system32\RAServer.exe /offerraupdate","%windir%","Checks group policy for changes relevant to Remote Assistance","Enabled","Disabled","Stop On Battery Mode","SYSTEM","Disabled","72:00:00","Scheduling data is not available in this format.","At system start up","N/A","N/A","N/A","N/A","N/A","N/A","N/A","N/A","N/A"
"DataFiles-Corp-","\Microsoft\Windows\Servicing\OOBEFodSetup","N/A","Disabled","Interactive/Background","8/31/2026 2:34:15 PM","0","N/A","%windir%\system32\OOBEFodSetup.exe ","N/A","N/A","Disabled","Disabled","Stop On Battery Mode, No Start On Batteries","SYSTEM","Disabled","00:15:00","Scheduling data is not available in this format.","Undefined","N/A","N/A","N/A","N/A","N/A","N/A","N/A","N/A","N/A"
"DataFiles-Corp-","\Microsoft\Windows\Servicing\StartComponentCleanup","N/A","Ready","Interactive/Background","8/31/2026 2:28:07 PM","0","N/A","COM handler","N/A","N/A","Enabled","Disabled","Stop On Battery Mode, No Start On Batteries","SYSTEM","Disabled","01:00:00","Scheduling data is not available in this format.","On demand only","N/A","N/A","N/A","N/A","N/A","N/A","N/A","N/A","N/A"
"DataFiles-Corp-","\Microsoft\Windows\Setup\PITRTask","N/A","Ready","Interactive/Background","9/2/2026 11:48:09 AM","0","N/A","COM handler","N/A","Creates Point-In-Time-Restore snapshots.","Enabled","Only Start If Idle for 2 minutes, If Not Idle Retry For 30 minutes","","SYSTEM","Disabled","00:02:00","Scheduling data is not available in this format.","At system start up","N/A","N/A","N/A","N/A","N/A","N/A","N/A","N/A","N/A"
"DataFiles-Corp-","\Microsoft\Windows\Setup\SetupRecoveryDataTask","9/16/2026 9:10:51 PM","Ready","Interactive/Background","8/31/2026 2:26:59 PM","0","N/A","COM handler","N/A","Windows Setup and Recovery resiliency data task.","Enabled","Only Start If Idle for 2 minutes, If Not Idle Retry For 30 minutes","","SYSTEM","Disabled","00:02:00","Scheduling data is not available in this format.","Daily ","8:27:46 PM","10/29/2025","N/A","Every 14 day(s)","N/A","Disabled","Disabled","Disabled","Disabled"
"DataFiles-Corp-","\Microsoft\Windows\SharedPC\Account Cleanup","N/A","Disabled","Interactive/Background","11/30/1999 12:00:00 AM","267011","N/A","COM handler","N/A","N/A","Disabled","Only Start If Idle for  minutes, If Not Idle Retry For  minutes Stop the task if Idle State end","Stop On Battery Mode, No Start On Batteries","SYSTEM","Disabled","00:30:00","Scheduling data is not available in this format.","On demand only","N/A","N/A","N/A","N/A","N/A","N/A","N/A","N/A","N/A"
"DataFiles-Corp-","\Microsoft\Windows\Shell\CreateObjectTask","N/A","Ready","Interactive/Background","9/1/2026 1:29:54 PM","0","Microsoft Corporation","COM handler","N/A","Provides support for shell components that access system data","Enabled","Disabled","","SYSTEM","Disabled","00:00:30","Scheduling data is not available in this format.","On demand only","N/A","N/A","N/A","N/A","N/A","N/A","N/A","N/A","N/A"
"DataFiles-Corp-","\Microsoft\Windows\Shell\FamilySafetyMonitor","N/A","Ready","Interactive/Background","11/30/1999 12:00:00 AM","267011","Microsoft Corporation","%windir%\System32\wpcmon.exe ","N/A","Initializes Family Safety monitoring and enforcement.","Enabled","Disabled","Stop On Battery Mode","SYSTEM","Disabled","00:10:00","Scheduling data is not available in this format.","On demand only","N/A","N/A","N/A","N/A","N/A","N/A","N/A","N/A","N/A"
"DataFiles-Corp-","\Microsoft\Windows\Shell\FamilySafetyRefreshTask","N/A","Ready","Interactive/Background","11/30/1999 12:00:00 AM","267011","Microsoft Corporation","COM handler","N/A","Synchronizes the latest settings with the Microsoft family features service.","Enabled","Disabled","","SYSTEM","Disabled","00:10:00","Scheduling data is not available in this format.","Undefined","N/A","N/A","N/A","N/A","N/A","N/A","N/A","N/A","N/A"
"DataFiles-Corp-","\Microsoft\Windows\Shell\IndexerAutomaticMaintenance","N/A","Ready","Interactive/Background","9/2/2026 11:18:15 AM","0","Microsoft Corporation","COM handler","N/A","Keeps the search index up to date","Enabled","Disabled","Stop On Battery Mode, No Start On Batteries","LOCAL SERVICE","Disabled","01:00:00","Scheduling data is not available in this format.","On demand only","N/A","N/A","N/A","N/A","N/A","N/A","N/A","N/A","N/A"
"DataFiles-Corp-","\Microsoft\Windows\Shell\ThemeAssetTask_SyncFODState","N/A","Disabled","Interactive/Background","11/30/1999 12:00:00 AM","267011","N/A","COM handler","N/A","N/A","Disabled","Only Start If Idle for  minutes, If Not Idle Retry For  minutes Stop the task if Idle State end","No Start On Batteries","SYSTEM","Disabled","72:00:00","Scheduling data is not available in this format.","At idle time","N/A","N/A","N/A","N/A","N/A","N/A","N/A","N/A","N/A"
"DataFiles-Corp-","\Microsoft\Windows\Shell\ThemesSyncedImageDownload","N/A","Ready","Interactive/Background","9/1/2026 3:16:04 PM","0","Microsoft Corporation","COM handler","N/A","Downloads a backup of your synced theme images","Enabled","Only Start If Idle for 10 minutes, If Not Idle Retry For 60 minutes","Stop On Battery Mode, No Start On Batteries","Users","Disabled","72:00:00","Scheduling data is not available in this format.","On demand only","N/A","N/A","N/A","N/A","N/A","N/A","N/A","N/A","N/A"
"DataFiles-Corp-","\Microsoft\Windows\Shell\UpdateUserPictureTask","N/A","Ready","Interactive/Background","11/30/1999 12:00:00 AM","267011","N/A","COM handler","N/A","N/A","Enabled","Disabled","","INTERACTIVE","Disabled","72:00:00","Scheduling data is not available in this format.","Undefined","N/A","N/A","N/A","N/A","N/A","N/A","N/A","N/A","N/A"
"DataFiles-Corp-","\Microsoft\Windows\Shell\UpdateUserPictureTaskContained","N/A","Ready","Interactive/Background","11/30/1999 12:00:00 AM","267011","N/A","COM handler","N/A","N/A","Enabled","Disabled","","INTERACTIVE","Disabled","72:00:00","Scheduling data is not available in this format.","Undefined","N/A","N/A","N/A","N/A","N/A","N/A","N/A","N/A","N/A"
"DataFiles-Corp-","\Microsoft\Windows\SoftwareProtectionPlatform\SvcRestartTask","9/7/2026 2:17:09 PM","Ready","Interactive/Background","11/30/1999 12:00:00 AM","267011","Microsoft Corporation","COM handler","N/A","This task restarts the Software Protection Platform service at the specified time","Enabled","Disabled","Stop On Battery Mode, No Start On Batteries","NETWORK SERVICE","Disabled","Disabled","Scheduling data is not available in this format.","Daily ","2:17:09 PM","9/7/2026","N/A","Every 1 day(s)","N/A","Disabled","Disabled","Disabled","Disabled"
"DataFiles-Corp-","\Microsoft\Windows\SoftwareProtectionPlatform\SvcRestartTaskLogon","N/A","Disabled","Interactive/Background","8/9/2026 9:03:42 AM","0","Microsoft Corporation","COM handler","N/A","This task restarts the Software Protection Platform service when user logon occurs","Disabled","Disabled","","INTERACTIVE","Disabled","Disabled","Scheduling data is not available in this format.","At logon time","N/A","N/A","N/A","N/A","N/A","N/A","N/A","N/A","N/A"
"DataFiles-Corp-","\Microsoft\Windows\SoftwareProtectionPlatform\SvcRestartTaskNetwork","N/A","Disabled","Interactive/Background","11/30/1999 12:00:00 AM","267011","Microsoft Corporation","COM handler","N/A","This task restarts the Software Protection Platform service when a new network is detected","Disabled","Disabled","Stop On Battery Mode, No Start On Batteries","NETWORK SERVICE","Disabled","Disabled","Scheduling data is not available in this format.","When an event occurs","N/A","N/A","N/A","N/A","N/A","N/A","N/A","N/A","N/A"
"DataFiles-Corp-","\Microsoft\Windows\SpacePort\SpaceAgentTask","N/A","Ready","Interactive/Background","11/30/1999 12:00:00 AM","267011","Microsoft Corporation","%windir%\system32\SpaceAgent.exe ","N/A","Storage Spaces Settings","Enabled","Disabled","","SYSTEM","Disabled","06:00:00","Scheduling data is not available in this format.","At system start up","N/A","N/A","N/A","N/A","N/A","N/A","N/A","N/A","N/A"
"DataFiles-Corp-","\Microsoft\Windows\SpacePort\SpaceAgentTask","N/A","Ready","Interactive/Background","11/30/1999 12:00:00 AM","267011","Microsoft Corporation","%windir%\system32\SpaceAgent.exe ","N/A","Storage Spaces Settings","Enabled","Disabled","","SYSTEM","Disabled","06:00:00","Scheduling data is not available in this format.","Undefined","N/A","N/A","N/A","N/A","N/A","N/A","N/A","N/A","N/A"
"DataFiles-Corp-","\Microsoft\Windows\SpacePort\SpaceManagerTask","N/A","Ready","Interactive/Background","11/30/1999 12:00:00 AM","267011","$(@%SystemRoot%\system32\spaceman.exe,-2)","%windir%\system32\spaceman.exe /Work","N/A","$(@%SystemRoot%\system32\spaceman.exe,-3)","Enabled","Disabled","","SYSTEM","Disabled","Disabled","Scheduling data is not available in this format.","At system start up","N/A","N/A","N/A","N/A","N/A","N/A","N/A","N/A","N/A"
"DataFiles-Corp-","\Microsoft\Windows\SpacePort\SpaceManagerTask","N/A","Ready","Interactive/Background","11/30/1999 12:00:00 AM","267011","$(@%SystemRoot%\system32\spaceman.exe,-2)","%windir%\system32\spaceman.exe /Work","N/A","$(@%SystemRoot%\system32\spaceman.exe,-3)","Enabled","Disabled","","SYSTEM","Disabled","Disabled","Scheduling data is not available in this format.","Undefined","N/A","N/A","N/A","N/A","N/A","N/A","N/A","N/A","N/A"
"DataFiles-Corp-","\Microsoft\Windows\Speech\SpeechModelDownloadTask","9/4/2026 2:35:24 AM","Ready","Interactive/Background","9/2/2026 3:41:14 AM","0","N/A","%windir%\system32\speech_onecore\common\SpeechModelDownload.exe ","N/A","N/A","Enabled","Only Start If Idle for 10 minutes, If Not Idle Retry For 10 minutes","Stop On Battery Mode, No Start On Batteries","NETWORK SERVICE","Disabled","00:10:00","Scheduling data is not available in this format.","One Time Only, Hourly ","12:00:00 AM","1/1/2004","N/A","N/A","N/A","24 Hour(s), 0 Minute(s)","None","Disabled","Disabled"
"DataFiles-Corp-","\Microsoft\Windows\StateRepository\MaintenanceTasks","N/A","Ready","Interactive/Background","9/2/2026 11:18:15 AM","0","$(@%SystemRoot%\system32\Windows.StateRepositoryClient.dll,-600)","%windir%\system32\rundll32.exe %windir%\system32\Windows.StateRepositoryClient.dll,StateRepositoryDoMaintenanceTasks","N/A","$(@%SystemRoot%\system32\Windows.StateRepositoryClient.dll,-602)","Enabled","Disabled","","SYSTEM","Disabled","72:00:00","Scheduling data is not available in this format.","On demand only","N/A","N/A","N/A","N/A","N/A","N/A","N/A","N/A","N/A"
"DataFiles-Corp-","\Microsoft\Windows\Storage Tiers Management\Storage Tiers Management Initialization","N/A","Ready","Interactive/Background","11/30/1999 12:00:00 AM","267011","Microsoft Corporation","COM handler","N/A","Initializes the Storage Tiers Management service when the first tiered storage space is detected on the system. Do not remove or modify this task.","Enabled","Disabled","","SYSTEM","Disabled","Disabled","Scheduling data is not available in this format.","Undefined","N/A","N/A","N/A","N/A","N/A","N/A","N/A","N/A","N/A"
"DataFiles-Corp-","\Microsoft\Windows\Storage Tiers Management\Storage Tiers Optimization","N/A","Disabled","Interactive/Background","11/30/1999 12:00:00 AM","267011","Microsoft Corporation","%windir%\system32\defrag.exe -c -h -g -# -m 8 -i 13500","N/A","Optimizes the placement of data in storage tiers on all tiered storage spaces in the system.","Disabled","Disabled","","SYSTEM","Disabled","72:00:00","Scheduling data is not available in this format.","One Time Only, Hourly ","1:00:00 AM","1/1/2013","N/A","N/A","N/A","4 Hour(s), 0 Minute(s)","None","Disabled","Disabled"
"DataFiles-Corp-","\Microsoft\Windows\Subscription\EnableLicenseAcquisition","N/A","Ready","Interactive/Background","9/2/2026 11:07:57 AM","0","Microsoft Corporation","%SystemRoot%\system32\ClipRenew.exe -e","N/A","Enable susbscription license acquisition","Enabled","Disabled","","SYSTEM","Disabled","Disabled","Scheduling data is not available in this format.","When an event occurs","N/A","N/A","N/A","N/A","N/A","N/A","N/A","N/A","N/A"
"DataFiles-Corp-","\Microsoft\Windows\Subscription\EnableLicenseAcquisition","N/A","Ready","Interactive/Background","9/2/2026 11:07:57 AM","0","Microsoft Corporation","%SystemRoot%\system32\ClipRenew.exe -e","N/A","Enable susbscription license acquisition","Enabled","Disabled","","SYSTEM","Disabled","Disabled","Scheduling data is not available in this format.","Undefined","N/A","N/A","N/A","N/A","N/A","N/A","N/A","N/A","N/A"
"DataFiles-Corp-","\Microsoft\Windows\Subscription\LicenseAcquisition","N/A","Disabled","Interactive/Background","11/30/1999 12:00:00 AM","267011","Microsoft Corporation","%SystemRoot%\system32\ClipRenew.exe ","N/A","Susbscription license acquisition","Disabled","Disabled","","INTERACTIVE","Disabled","Disabled","Scheduling data is not available in this format.","Daily ","12:00:00 AM","1/1/2016","N/A","Every 1 day(s)","N/A","Disabled","Disabled","Disabled","Disabled"
"DataFiles-Corp-","\Microsoft\Windows\Subscription\LicenseAcquisition","N/A","Disabled","Interactive/Background","11/30/1999 12:00:00 AM","267011","Microsoft Corporation","%SystemRoot%\system32\ClipRenew.exe ","N/A","Susbscription license acquisition","Disabled","Disabled","","INTERACTIVE","Disabled","Disabled","Scheduling data is not available in this format.","At system start up","N/A","N/A","N/A","N/A","N/A","N/A","N/A","N/A","N/A"
"DataFiles-Corp-","\Microsoft\Windows\Subscription\LicenseAcquisition","N/A","Disabled","Interactive/Background","11/30/1999 12:00:00 AM","267011","Microsoft Corporation","%SystemRoot%\system32\ClipRenew.exe ","N/A","Susbscription license acquisition","Disabled","Disabled","","INTERACTIVE","Disabled","Disabled","Scheduling data is not available in this format.","Undefined","N/A","N/A","N/A","N/A","N/A","N/A","N/A","N/A","N/A"
"DataFiles-Corp-","\Microsoft\Windows\Sustainability\PowerGridForecastTask","9/3/2026 12:00:01 PM","Ready","Interactive/Background","9/2/2026 12:19:13 PM","0","Microsoft Corporation","COM handler","N/A","PowerGridForecastTask has a COM Task Handler","Enabled","Disabled","Stop On Battery Mode, No Start On Batteries","SYSTEM","Disabled","72:00:00","Scheduling data is not available in this format.","Undefined","N/A","N/A","N/A","N/A","N/A","N/A","N/A","N/A","N/A"
"DataFiles-Corp-","\Microsoft\Windows\Sustainability\PowerGridForecastTask","9/3/2026 12:27:34 PM","Ready","Interactive/Background","9/2/2026 12:19:13 PM","0","Microsoft Corporation","COM handler","N/A","PowerGridForecastTask has a COM Task Handler","Enabled","Disabled","Stop On Battery Mode, No Start On Batteries","SYSTEM","Disabled","72:00:00","Scheduling data is not available in this format.","Daily ","12:00:00 PM","1/1/2024","N/A","Every 1 day(s)","N/A","Disabled","Disabled","Disabled","Disabled"
"DataFiles-Corp-","\Microsoft\Windows\Sustainability\SustainabilityTelemetry","N/A","Ready","Interactive/Background","11/30/1999 12:00:00 AM","267011","Microsoft Corporation","COM handler","N/A","Telemetry events for Sustainability","Enabled","Disabled","","Users","Disabled","72:00:00","Scheduling data is not available in this format.","On demand only","N/A","N/A","N/A","N/A","N/A","N/A","N/A","N/A","N/A"
"DataFiles-Corp-","\Microsoft\Windows\Sysmain\HybridDriveCachePrepopulate","N/A","Disabled","Interactive/Background","11/30/1999 12:00:00 AM","267011","Microsoft Corporation","COM handler","N/A","Hybrid Drive cache prepopulation task","Disabled","Only Start If Idle for  minutes, If Not Idle Retry For  minutes Stop the task if Idle State end","Stop On Battery Mode, No Start On Batteries","SYSTEM","Disabled","02:00:00","Scheduling data is not available in this format.","On demand only","N/A","N/A","N/A","N/A","N/A","N/A","N/A","N/A","N/A"
"DataFiles-Corp-","\Microsoft\Windows\Sysmain\HybridDriveCacheRebalance","N/A","Disabled","Interactive/Background","11/30/1999 12:00:00 AM","267011","Microsoft Corporation","COM handler","N/A","Hybrid Drive cache rebalance maintenance task","Disabled","Only Start If Idle for  minutes, If Not Idle Retry For  minutes Stop the task if Idle State end","","SYSTEM","Disabled","00:10:00","Scheduling data is not available in this format.","On demand only","N/A","N/A","N/A","N/A","N/A","N/A","N/A","N/A","N/A"
"DataFiles-Corp-","\Microsoft\Windows\Sysmain\ResPriStaticDbSync","N/A","Ready","Interactive/Background","8/31/2026 2:28:37 PM","-2147023829","Microsoft Corporation","COM handler","N/A","Reserved Priority static db sync maintenance task","Enabled","Disabled","","SYSTEM","Disabled","00:10:00","Scheduling data is not available in this format.","On demand only","N/A","N/A","N/A","N/A","N/A","N/A","N/A","N/A","N/A"
"DataFiles-Corp-","\Microsoft\Windows\Sysmain\WsSwapAssessmentTask","N/A","Ready","Interactive/Background","9/1/2026 3:29:06 PM","0","Microsoft Corporation","%windir%\system32\rundll32.exe sysmain.dll,PfSvWsSwapAssessmentTask","N/A","Working set swap assessment maintenance task","Enabled","Disabled","No Start On Batteries","SYSTEM","Disabled","72:00:00","Scheduling data is not available in this format.","On demand only","N/A","N/A","N/A","N/A","N/A","N/A","N/A","N/A","N/A"
"DataFiles-Corp-","\Microsoft\Windows\SystemRestore\SR","N/A","Ready","Interactive/Background","8/31/2026 2:28:37 PM","-2147023829","Microsoft Corporation","%windir%\system32\srtasks.exe ExecuteScheduledSPPCreation","N/A","This task creates regular system protection points.","Enabled","Only Start If Idle for  minutes, If Not Idle Retry For  minutes Stop the task if Idle State end","No Start On Batteries","SYSTEM","Disabled","72:00:00","Scheduling data is not available in this format.","On demand only","N/A","N/A","N/A","N/A","N/A","N/A","N/A","N/A","N/A"
"DataFiles-Corp-","\Microsoft\Windows\Task Manager\Interactive","N/A","Ready","Interactive/Background","11/30/1999 12:00:00 AM","267011","Microsoft Corporation","COM handler","N/A","Runs a task as the interactive user.","Enabled","Disabled","","INTERACTIVE","Disabled","Disabled","Scheduling data is not available in this format.","On demand only","N/A","N/A","N/A","N/A","N/A","N/A","N/A","N/A","N/A"
"DataFiles-Corp-","\Microsoft\Windows\TextServicesFramework\MsCtfMonitor","N/A","Ready","Interactive/Background","9/1/2026 1:22:58 PM","0","N/A","COM handler","N/A","TextServicesFramework monitor task","Enabled","Disabled","","Users","Disabled","Disabled","Scheduling data is not available in this format.","At logon time","N/A","N/A","N/A","N/A","N/A","N/A","N/A","N/A","N/A"
"DataFiles-Corp-","\Microsoft\Windows\Time Synchronization\ForceSynchronizeTime","N/A","Ready","Interactive/Background","9/2/2026 11:07:57 AM","0","Microsoft Corporation","COM handler","N/A","This task performs time synchronization.","Enabled","Disabled","","LOCAL SERVICE","Disabled","72:00:00","Scheduling data is not available in this format.","Undefined","N/A","N/A","N/A","N/A","N/A","N/A","N/A","N/A","N/A"
"DataFiles-Corp-","\Microsoft\Windows\Time Synchronization\SynchronizeTime","N/A","Ready","Interactive/Background","9/2/2026 11:18:15 AM","1056","Microsoft Corporation","%windir%\system32\sc.exe start w32time task_started","N/A","Maintains date and time synchronization on all clients and servers in the network. If this service is stopped, date and time synchronization will be unavailable. If this service is disabled, any services that explicitly depend on it will fail to start.","Enabled","Disabled","","LOCAL SERVICE","Disabled","72:00:00","Scheduling data is not available in this format.","Undefined","N/A","N/A","N/A","N/A","N/A","N/A","N/A","N/A","N/A"
"DataFiles-Corp-","\Microsoft\Windows\Time Zone\SynchronizeTimeZone","N/A","Ready","Interactive/Background","8/31/2026 2:28:07 PM","0","Microsoft Corporation","%windir%\system32\tzsync.exe ","N/A","Updates timezone information. If this task is stopped, local time may not be accurate for some time zones.","Enabled","Disabled","Stop On Battery Mode","SYSTEM","Disabled","01:00:00","Scheduling data is not available in this format.","On demand only","N/A","N/A","N/A","N/A","N/A","N/A","N/A","N/A","N/A"
"DataFiles-Corp-","\Microsoft\Windows\TPM\Tpm-HASCertRetr","N/A","Ready","Interactive/Background","11/30/1999 12:00:00 AM","267011","Microsoft Corporation","COM handler","N/A","This task requests a Health Attestation Certificate.","Enabled","Disabled","","SYSTEM","Disabled","72:00:00","Scheduling data is not available in this format.","Undefined","N/A","N/A","N/A","N/A","N/A","N/A","N/A","N/A","N/A"
"DataFiles-Corp-","\Microsoft\Windows\TPM\Tpm-Maintenance","N/A","Ready","Interactive/Background","9/1/2026 1:17:42 PM","0","Microsoft Corporation","COM handler","N/A","This task supports the Trusted Platform Module (TPM) by performing background actions on behalf of the OS.","Enabled","Disabled","","SYSTEM","Disabled","72:00:00","Scheduling data is not available in this format.","Undefined","N/A","N/A","N/A","N/A","N/A","N/A","N/A","N/A","N/A"
"DataFiles-Corp-","\Microsoft\Windows\TPM\Tpm-PreAttestationHealthCheck","N/A","Ready","Interactive/Background","11/30/1999 12:00:00 AM","267011","Microsoft Corporation","COM handler","N/A","This task supports the Trusted Platform Module (TPM) by performing background actions on behalf of the OS.","Enabled","Disabled","","SYSTEM","Disabled","72:00:00","Scheduling data is not available in this format.","Undefined","N/A","N/A","N/A","N/A","N/A","N/A","N/A","N/A","N/A"
"DataFiles-Corp-","\Microsoft\Windows\UpdateOrchestrator\Report policies","N/A","Ready","Interactive/Background","8/31/2026 2:28:07 PM","0","Microsoft Corporation","%systemroot%\system32\usoclient.exe ReportPolicies","N/A","N/A","Enabled","Disabled","","SYSTEM","Disabled","72:00:00","Scheduling data is not available in this format.","Undefined","N/A","N/A","N/A","N/A","N/A","N/A","N/A","N/A","N/A"
"DataFiles-Corp-","\Microsoft\Windows\UpdateOrchestrator\Schedule Maintenance Work","N/A","Disabled","Interactive/Background","11/30/1999 12:00:00 AM","267011","N/A","%systemroot%\system32\usoclient.exe StartMaintenanceWork","N/A","N/A","Disabled","Disabled","Stop On Battery Mode, No Start On Batteries","SYSTEM","Disabled","72:00:00","Scheduling data is not available in this format.","On demand only","N/A","N/A","N/A","N/A","N/A","N/A","N/A","N/A","N/A"
"DataFiles-Corp-","\Microsoft\Windows\UpdateOrchestrator\Schedule Scan","9/3/2026 6:09:28 AM","Ready","Interactive/Background","9/3/2026 12:51:31 AM","0","N/A","%systemroot%\system32\usoclient.exe StartScan","N/A","N/A","Enabled","Disabled","Stop On Battery Mode, No Start On Batteries","SYSTEM","Disabled","72:00:00","Scheduling data is not available in this format.","One Time Only, Hourly ","12:00:00 PM","1/1/2019","N/A","N/A","N/A","6 Hour(s), 0 Minute(s)","None","Disabled","Disabled"
"DataFiles-Corp-","\Microsoft\Windows\UpdateOrchestrator\Schedule Scan Static Task","N/A","Ready","Interactive/Background","9/2/2026 1:12:58 PM","0","Microsoft Corporation","%systemroot%\system32\usoclient.exe StartScan","N/A","This task performs a scheduled Windows Update scan.","Enabled","Disabled","","SYSTEM","Disabled","72:00:00","Scheduling data is not available in this format.","Undefined","N/A","N/A","N/A","N/A","N/A","N/A","N/A","N/A","N/A"
"DataFiles-Corp-","\Microsoft\Windows\UpdateOrchestrator\Schedule Scan Static Task","N/A","Ready","Interactive/Background","9/2/2026 1:12:58 PM","0","Microsoft Corporation","%systemroot%\system32\usoclient.exe StartScan","N/A","This task performs a scheduled Windows Update scan.","Enabled","Disabled","","SYSTEM","Disabled","72:00:00","Scheduling data is not available in this format.","When an event occurs","N/A","N/A","N/A","N/A","N/A","N/A","N/A","N/A","N/A"
"DataFiles-Corp-","\Microsoft\Windows\UpdateOrchestrator\Schedule Wake To Work","N/A","Disabled","Interactive/Background","9/1/2026 3:00:00 AM","0","N/A","%systemroot%\system32\usoclient.exe StartWork","N/A","N/A","Disabled","Disabled","Stop On Battery Mode, No Start On Batteries","SYSTEM","Disabled","72:00:00","Scheduling data is not available in this format.","One Time Only","3:00:00 AM","9/1/2026","N/A","N/A","N/A","Disabled","Disabled","Disabled","Disabled"
"DataFiles-Corp-","\Microsoft\Windows\UpdateOrchestrator\Schedule Work","N/A","Disabled","Interactive/Background","11/30/1999 12:00:00 AM","267011","N/A","%systemroot%\system32\usoclient.exe StartWork","N/A","N/A","Disabled","Disabled","Stop On Battery Mode, No Start On Batteries","SYSTEM","Disabled","72:00:00","Scheduling data is not available in this format.","One Time Only","4:38:47 PM","9/3/2026","N/A","N/A","N/A","Disabled","Disabled","Disabled","Disabled"
"DataFiles-Corp-","\Microsoft\Windows\UpdateOrchestrator\Start Oobe Expedite Work","N/A","Ready","Interactive/Background","9/2/2026 11:22:57 AM","0","Microsoft Corporation","%systemroot%\system32\usoclient.exe StartWork","N/A","This task performs a scheduled Windows Update scan.","Enabled","Disabled","","SYSTEM","Disabled","72:00:00","Scheduling data is not available in this format.","Undefined","N/A","N/A","N/A","N/A","N/A","N/A","N/A","N/A","N/A"
"DataFiles-Corp-","\Microsoft\Windows\UpdateOrchestrator\StartOobeAppsScanAfterUpdate","N/A","Ready","Interactive/Background","11/30/1999 12:00:00 AM","267011","Microsoft Corporation","%systemroot%\system32\usoclient.exe StartOobeAppsScanAfterUpdate","N/A","This task performs a scheduled Windows Update scan.","Enabled","Disabled","","SYSTEM","Disabled","72:00:00","Scheduling data is not available in this format.","Undefined","N/A","N/A","N/A","N/A","N/A","N/A","N/A","N/A","N/A"
"DataFiles-Corp-","\Microsoft\Windows\UpdateOrchestrator\StartOobeAppsScan_LicenseAccepted","N/A","Ready","Interactive/Background","11/30/1999 12:00:00 AM","267011","Microsoft Corporation","%systemroot%\system32\usoclient.exe StartOobeAppsScan","N/A","This task performs a scheduled Windows Update scan.","Enabled","Disabled","","SYSTEM","Disabled","72:00:00","Scheduling data is not available in this format.","Undefined","N/A","N/A","N/A","N/A","N/A","N/A","N/A","N/A","N/A"
"DataFiles-Corp-","\Microsoft\Windows\UpdateOrchestrator\StartOobeAppsScan_OobeAppReady","N/A","Ready","Interactive/Background","11/30/1999 12:00:00 AM","267011","Microsoft Corporation","%systemroot%\system32\usoclient.exe StartOobeAppsScan","N/A","This task performs a scheduled Windows Update scan.","Enabled","Disabled","","SYSTEM","Disabled","72:00:00","Scheduling data is not available in this format.","Undefined","N/A","N/A","N/A","N/A","N/A","N/A","N/A","N/A","N/A"
"DataFiles-Corp-","\Microsoft\Windows\UpdateOrchestrator\UIEOrchestrator","9/3/2026 8:45:23 PM","Ready","Interactive/Background","9/2/2026 11:16:38 AM","0","Microsoft Corporation","%systemroot%\system32\UIEOrchestratorStub.exe /SendHeartbeat","N/A","This task sends heartbeat information for Windows Update feature data","Enabled","Disabled","","SYSTEM","Disabled","01:00:00","Scheduling data is not available in this format.","Daily ","3:00:00 AM","1/1/2000","N/A","Every 1 day(s)","N/A","Disabled","Disabled","Disabled","Disabled"
"DataFiles-Corp-","\Microsoft\Windows\UpdateOrchestrator\USO_UxBroker","9/3/2026 9:26:04 PM","Ready","Interactive/Background","9/2/2026 5:25:48 AM","-2147024894","Microsoft Corporation","%systemroot%\system32\MusNotification.exe ","N/A","This task triggers a system reboot following update installation.","Enabled","Disabled","","SYSTEM","Disabled","72:00:00","Scheduling data is not available in this format.","Undefined","N/A","N/A","N/A","N/A","N/A","N/A","N/A","N/A","N/A"
"DataFiles-Corp-","\Microsoft\Windows\UpdateOrchestrator\USO_UxBroker","9/3/2026 2:20:04 PM","Ready","Interactive/Background","9/2/2026 5:25:48 AM","-2147024894","Microsoft Corporation","%systemroot%\system32\MusNotification.exe ","N/A","This task triggers a system reboot following update installation.","Enabled","Disabled","","SYSTEM","Disabled","72:00:00","Scheduling data is not available in this format.","Daily ","3:00:00 AM","1/1/2000","N/A","Every 1 day(s)","N/A","Disabled","Disabled","Disabled","Disabled"
"DataFiles-Corp-","\Microsoft\Windows\UpdateOrchestrator\UUS Failover Task","N/A","Ready","Interactive/Background","11/30/1999 12:00:00 AM","267011","Microsoft Corporation","%windir%\System32\MLEngineStub.exe HandleUusFailoverEvaluationSignalFromWnf","N/A","N/A","Enabled","Disabled","","SYSTEM","Disabled","72:00:00","Scheduling data is not available in this format.","Undefined","N/A","N/A","N/A","N/A","N/A","N/A","N/A","N/A","N/A"
"DataFiles-Corp-","\Microsoft\Windows\UPnP\UPnPHostConfig","N/A","Ready","Interactive/Background","11/30/1999 12:00:00 AM","267011","Microsoft","sc.exe config upnphost start= auto","N/A","Set UPnPHost service to Auto-Start","Enabled","Disabled","","SYSTEM","Disabled","72:00:00","Scheduling data is not available in this format.","On demand only","N/A","N/A","N/A","N/A","N/A","N/A","N/A","N/A","N/A"
"DataFiles-Corp-","\Microsoft\Windows\UsageAndQualityInsights\UsageAndQualityInsights-MaintenanceTask","9/3/2026 6:12:21 AM","Ready","Interactive/Background","9/3/2026 12:10:01 AM","0","N/A","%SystemRoot%\System32\Microsoft.Data.UsageAndQualityInsights.MaintenanceTask.exe ","N/A","N/A","Enabled","Disabled","Stop On Battery Mode, No Start On Batteries","SYSTEM","Disabled","72:00:00","Scheduling data is not available in this format.","Daily ","12:00:00 AM","8/15/2025","N/A","Every 1 day(s)","N/A","6 Hour(s), 0 Minute(s)","None","24 Hour(s), 0 Minute(s)","Disabled"
"DataFiles-Corp-","\Microsoft\Windows\USB\Usb-Notifications","N/A","Ready","Interactive/Background","11/30/1999 12:00:00 AM","267011","Microsoft Corporation","COM handler","N/A","Usb Error Notification Task","Enabled","Disabled","","INTERACTIVE","Disabled","72:00:00","Scheduling data is not available in this format.","Undefined","N/A","N/A","N/A","N/A","N/A","N/A","N/A","N/A","N/A"
"DataFiles-Corp-","\Microsoft\Windows\User Profile Service\HiveUploadTask","N/A","Disabled","Interactive/Background","11/30/1999 12:00:00 AM","267011","Microsoft Corporation","COM handler","N/A","This task will automatically upload a roaming user profile's registry hive to its network location.","Disabled","Only Start If Idle for 10 minutes, If Not Idle Retry For 120 minutes","Stop On Battery Mode","SYSTEM","Disabled","72:00:00","Scheduling data is not available in this format.","One Time Only, Hourly ","12:00:00 AM","8/28/2007","N/A","N/A","N/A","12 Hour(s), 0 Minute(s)","None","Disabled","Disabled"
"DataFiles-Corp-","\Microsoft\Windows\WaaSMedic\PerformRemediation","N/A","Disabled","Interactive/Background","11/30/1999 12:00:00 AM","267011","$(@%systemroot%\system32\WaasMedicSvcImpl.dll,-102)","COM handler","N/A","$(@%systemroot%\system32\WaasMedicSvcImpl.dll,-104)","Disabled","Disabled","","SYSTEM","Disabled","72:00:00","Scheduling data is not available in this format.","One Time Only, Hourly ","3:00:00 AM","10/15/2000","N/A","N/A","N/A","168 Hour(s), 0 Minute(s)","None","Disabled","Disabled"
"DataFiles-Corp-","\Microsoft\Windows\WCM\WiFiTask","N/A","Ready","Interactive/Background","11/30/1999 12:00:00 AM","267011","Microsoft Corporation","%SystemRoot%\System32\WiFiTask.exe ","N/A","Background task for performing per user and web interactions","Enabled","Disabled","","INTERACTIVE","Disabled","00:10:00","Scheduling data is not available in this format.","Undefined","N/A","N/A","N/A","N/A","N/A","N/A","N/A","N/A","N/A"
"DataFiles-Corp-","\Microsoft\Windows\WDI\ResolutionHost","N/A","Ready","Interactive/Background","9/1/2026 1:37:33 PM","1073807364","Microsoft Corporation","COM handler","N/A","The Windows Diagnostic Infrastructure Resolution host enables interactive resolutions for system problems detected by the Diagnostic Policy Service. It is triggered when necessary by the Diagnostic Policy Service in the appropriate user session. If the ","Enabled","Disabled","","INTERACTIVE","Disabled","Disabled","Scheduling data is not available in this format.","On demand only","N/A","N/A","N/A","N/A","N/A","N/A","N/A","N/A","N/A"
"DataFiles-Corp-","\Microsoft\Windows\Windows Defender\Windows Defender Cache Maintenance","N/A","Ready","Interactive/Background","9/2/2026 3:20:15 PM","0","N/A","C:\ProgramData\Microsoft\Windows Defender\Platform\4.18.26080.3-0\MpCmdRun.exe -IdleTask -TaskName WdCacheMaintenance","N/A","Periodic maintenance task.","Enabled","Disabled","No Start On Batteries","SYSTEM","Disabled","72:00:00","Scheduling data is not available in this format.","On demand only","N/A","N/A","N/A","N/A","N/A","N/A","N/A","N/A","N/A"
"DataFiles-Corp-","\Microsoft\Windows\Windows Defender\Windows Defender Cleanup","N/A","Ready","Interactive/Background","9/2/2026 3:13:08 PM","0","N/A","C:\ProgramData\Microsoft\Windows Defender\Platform\4.18.26080.3-0\MpCmdRun.exe -IdleTask -TaskName WdCleanup","N/A","Periodic cleanup task.","Enabled","Disabled","No Start On Batteries","SYSTEM","Disabled","72:00:00","Scheduling data is not available in this format.","On demand only","N/A","N/A","N/A","N/A","N/A","N/A","N/A","N/A","N/A"
"DataFiles-Corp-","\Microsoft\Windows\Windows Defender\Windows Defender Scheduled Scan","N/A","Ready","Interactive/Background","9/2/2026 3:12:42 PM","0","N/A","C:\ProgramData\Microsoft\Windows Defender\Platform\4.18.26080.3-0\MpCmdRun.exe Scan -ScheduleJob -ScanTrigger 55 -IdleScheduledJob","N/A","Periodic scan task.","Enabled","Disabled","No Start On Batteries","SYSTEM","Disabled","72:00:00","Scheduling data is not available in this format.","On demand only","N/A","N/A","N/A","N/A","N/A","N/A","N/A","N/A","N/A"
"DataFiles-Corp-","\Microsoft\Windows\Windows Defender\Windows Defender Verification","N/A","Ready","Interactive/Background","9/2/2026 3:13:08 PM","0","N/A","C:\ProgramData\Microsoft\Windows Defender\Platform\4.18.26080.3-0\MpCmdRun.exe -IdleTask -TaskName WdVerification","N/A","Periodic verification task.","Enabled","Disabled","No Start On Batteries","SYSTEM","Disabled","72:00:00","Scheduling data is not available in this format.","On demand only","N/A","N/A","N/A","N/A","N/A","N/A","N/A","N/A","N/A"
"DataFiles-Corp-","\Microsoft\Windows\Windows Error Reporting\QueueReporting","9/3/2026 4:02:48 AM","Ready","Interactive/Background","9/3/2026 12:10:00 AM","0","Microsoft Corporation","%windir%\system32\wermgr.exe -upload","N/A","Windows Error Reporting task to process queued reports.","Enabled","Disabled","","SYSTEM","Disabled","Disabled","Scheduling data is not available in this format.","At system start up","N/A","N/A","N/A","N/A","N/A","N/A","N/A","N/A","N/A"
"DataFiles-Corp-","\Microsoft\Windows\Windows Error Reporting\QueueReporting","9/3/2026 4:34:49 AM","Ready","Interactive/Background","9/3/2026 12:10:00 AM","0","Microsoft Corporation","%windir%\system32\wermgr.exe -upload","N/A","Windows Error Reporting task to process queued reports.","Enabled","Disabled","","SYSTEM","Disabled","Disabled","Scheduling data is not available in this format.","Undefined","N/A","N/A","N/A","N/A","N/A","N/A","N/A","N/A","N/A"
"DataFiles-Corp-","\Microsoft\Windows\Windows Error Reporting\QueueReporting","9/3/2026 4:34:57 AM","Ready","Interactive/Background","9/3/2026 12:10:00 AM","0","Microsoft Corporation","%windir%\system32\wermgr.exe -upload","N/A","Windows Error Reporting task to process queued reports.","Enabled","Disabled","","SYSTEM","Disabled","Disabled","Scheduling data is not available in this format.","Undefined","N/A","N/A","N/A","N/A","N/A","N/A","N/A","N/A","N/A"
"DataFiles-Corp-","\Microsoft\Windows\Windows Error Reporting\QueueReporting","9/3/2026 4:18:00 AM","Ready","Interactive/Background","9/3/2026 12:10:00 AM","0","Microsoft Corporation","%windir%\system32\wermgr.exe -upload","N/A","Windows Error Reporting task to process queued reports.","Enabled","Disabled","","SYSTEM","Disabled","Disabled","Scheduling data is not available in this format.","Undefined","N/A","N/A","N/A","N/A","N/A","N/A","N/A","N/A","N/A"
"DataFiles-Corp-","\Microsoft\Windows\Windows Error Reporting\QueueReporting","9/3/2026 4:53:53 AM","Ready","Interactive/Background","9/3/2026 12:10:00 AM","0","Microsoft Corporation","%windir%\system32\wermgr.exe -upload","N/A","Windows Error Reporting task to process queued reports.","Enabled","Disabled","","SYSTEM","Disabled","Disabled","Scheduling data is not available in this format.","One Time Only, Hourly ","12:00:00 AM","1/1/2015","N/A","N/A","N/A","4 Hour(s), 0 Minute(s)","None","Disabled","Disabled"
"DataFiles-Corp-","\Microsoft\Windows\Windows Filtering Platform\BfeOnServiceStartTypeChange","N/A","Ready","Interactive/Background","11/30/1999 12:00:00 AM","267011","Microsoft Corporation","%windir%\system32\rundll32.exe bfe.dll,BfeOnServiceStartTypeChange","N/A","This task adjusts the start type for firewall-triggered services when the start type of the Base Filtering Engine (BFE) is disabled.","Enabled","Disabled","","SYSTEM","Disabled","72:00:00","Scheduling data is not available in this format.","When an event occurs","N/A","N/A","N/A","N/A","N/A","N/A","N/A","N/A","N/A"
"DataFiles-Corp-","\Microsoft\Windows\Windows Media Sharing\UpdateLibrary","N/A","Ready","Interactive/Background","11/30/1999 12:00:00 AM","267011","Microsoft Corporation",""%ProgramFiles%\Windows Media Player\wmpnscfg.exe" ","N/A","This task updates the cached list of folders and the security permissions on any new files in a user's shared media library.","Enabled","Disabled","","Authenticated Users","Disabled","72:00:00","Scheduling data is not available in this format.","When an event occurs","N/A","N/A","N/A","N/A","N/A","N/A","N/A","N/A","N/A"
"DataFiles-Corp-","\Microsoft\Windows\WindowsAI\ClickToDo\ModelCachingIdle","N/A","Disabled","Interactive/Background","8/31/2026 2:26:59 PM","0","N/A","COM handler","N/A","N/A","Disabled","Only Start If Idle for  minutes, If Not Idle Retry For  minutes Stop the task if Idle State end","No Start On Batteries","SYSTEM","Disabled","Disabled","Scheduling data is not available in this format.","At idle time","N/A","N/A","N/A","N/A","N/A","N/A","N/A","N/A","N/A"
"DataFiles-Corp-","\Microsoft\Windows\WindowsAI\ClickToDo\ModelCachingLimit","N/A","Ready","Interactive/Background","11/30/1999 12:00:00 AM","267011","N/A","COM handler","N/A","N/A","Enabled","Disabled","No Start On Batteries","SYSTEM","Disabled","Disabled","Scheduling data is not available in this format.","At system start up","N/A","N/A","N/A","N/A","N/A","N/A","N/A","N/A","N/A"
"DataFiles-Corp-","\Microsoft\Windows\WindowsAI\ClickToDo\ModelCachingUpdate","N/A","Ready","Interactive/Background","9/1/2026 5:25:45 PM","0","N/A","COM handler","N/A","N/A","Enabled","Disabled","No Start On Batteries","SYSTEM","Disabled","Disabled","Scheduling data is not available in this format.","Undefined","N/A","N/A","N/A","N/A","N/A","N/A","N/A","N/A","N/A"
"DataFiles-Corp-","\Microsoft\Windows\WindowsAI\Recall\InitialConfiguration","N/A","Disabled","Interactive/Background","8/31/2026 2:16:58 PM","0","N/A","COM handler","N/A","N/A","Disabled","Disabled","","SYSTEM","Disabled","Disabled","Scheduling data is not available in this format.","At system start up","N/A","N/A","N/A","N/A","N/A","N/A","N/A","N/A","N/A"
"DataFiles-Corp-","\Microsoft\Windows\WindowsAI\Recall\PolicyConfiguration","N/A","Ready","Interactive/Background","9/1/2026 1:29:53 PM","0","N/A","COM handler","N/A","N/A","Enabled","Disabled","","SYSTEM","Disabled","Disabled","Scheduling data is not available in this format.","Undefined","N/A","N/A","N/A","N/A","N/A","N/A","N/A","N/A","N/A"
"DataFiles-Corp-","\Microsoft\Windows\WindowsAI\Recall\PolicyConfiguration","N/A","Ready","Interactive/Background","9/1/2026 1:29:53 PM","0","N/A","COM handler","N/A","N/A","Enabled","Disabled","","SYSTEM","Disabled","Disabled","Scheduling data is not available in this format.","When an event occurs","N/A","N/A","N/A","N/A","N/A","N/A","N/A","N/A","N/A"
"DataFiles-Corp-","\Microsoft\Windows\WindowsAI\Settings\InitialConfiguration","N/A","Ready","Interactive/Background","9/2/2026 11:12:57 AM","0","N/A","COM handler","N/A","N/A","Enabled","Disabled","","SYSTEM","Disabled","Disabled","Scheduling data is not available in this format.","At system start up","N/A","N/A","N/A","N/A","N/A","N/A","N/A","N/A","N/A"
"DataFiles-Corp-","\Microsoft\Windows\WindowsColorSystem\Calibration Loader","N/A","Ready","Interactive/Background","9/1/2026 1:22:58 PM","0","Microsoft Corporation","COM handler","N/A","This task applies color calibration settings.","Enabled","Disabled","","Users","Disabled","Disabled","Scheduling data is not available in this format.","At logon time","N/A","N/A","N/A","N/A","N/A","N/A","N/A","N/A","N/A"
"DataFiles-Corp-","\Microsoft\Windows\WindowsColorSystem\Calibration Loader","N/A","Ready","Interactive/Background","9/1/2026 1:22:58 PM","0","Microsoft Corporation","COM handler","N/A","This task applies color calibration settings.","Enabled","Disabled","","Users","Disabled","Disabled","Scheduling data is not available in this format.","When an event occurs","N/A","N/A","N/A","N/A","N/A","N/A","N/A","N/A","N/A"
"DataFiles-Corp-","\Microsoft\Windows\WindowsUpdate\Refresh Group Policy Cache","N/A","Ready","Interactive/Background","11/30/1999 12:00:00 AM","267011","Microsoft Corporation.","COM handler","N/A","This task is used to refresh group policy cache in Windows Update","Enabled","Disabled","","SYSTEM","Disabled","01:00:00","Scheduling data is not available in this format.","Undefined","N/A","N/A","N/A","N/A","N/A","N/A","N/A","N/A","N/A"
"DataFiles-Corp-","\Microsoft\Windows\WindowsUpdate\Scheduled Start","N/A","Ready","Interactive/Background","11/30/1999 12:00:00 AM","267011","Microsoft Corporation.","%systemroot%\System32\sc.exe start wuauserv","N/A","This task is used to start the Windows Update service when needed to perform scheduled operations such as scans.","Enabled","Disabled","","SYSTEM","Disabled","72:00:00","Scheduling data is not available in this format.","One Time Only","12:00:00 AM","10/15/2010","N/A","N/A","N/A","Disabled","Disabled","Disabled","Disabled"
"DataFiles-Corp-","\Microsoft\Windows\WindowsUpdate\Scheduled Start","N/A","Ready","Interactive/Background","11/30/1999 12:00:00 AM","267011","Microsoft Corporation.","%systemroot%\System32\sc.exe start wuauserv","N/A","This task is used to start the Windows Update service when needed to perform scheduled operations such as scans.","Enabled","Disabled","","SYSTEM","Disabled","72:00:00","Scheduling data is not available in this format.","When an event occurs","N/A","N/A","N/A","N/A","N/A","N/A","N/A","N/A","N/A"
"DataFiles-Corp-","\Microsoft\Windows\WindowsUpdate\Scheduled Start","N/A","Ready","Interactive/Background","11/30/1999 12:00:00 AM","267011","Microsoft Corporation.","%systemroot%\System32\sc.exe start wuauserv","N/A","This task is used to start the Windows Update service when needed to perform scheduled operations such as scans.","Enabled","Disabled","","SYSTEM","Disabled","72:00:00","Scheduling data is not available in this format.","Undefined","N/A","N/A","N/A","N/A","N/A","N/A","N/A","N/A","N/A"
"DataFiles-Corp-","\Microsoft\Windows\Wininet\CacheTask","N/A","Ready","Interactive/Background","9/1/2026 1:22:58 PM","1073807364","Microsoft","COM handler","N/A","Wininet Cache Task","Enabled","Disabled","","Users","Disabled","Disabled","Scheduling data is not available in this format.","At logon time","N/A","N/A","N/A","N/A","N/A","N/A","N/A","N/A","N/A"
"DataFiles-Corp-","\Microsoft\Windows\WlanSvc\CDSSync","N/A","Ready","Interactive/Background","9/1/2026 1:24:00 PM","0","N/A","COM handler","N/A","N/A","Enabled","Disabled","","INTERACTIVE","Disabled","72:00:00","Scheduling data is not available in this format.","Undefined","N/A","N/A","N/A","N/A","N/A","N/A","N/A","N/A","N/A"
"DataFiles-Corp-","\Microsoft\Windows\WlanSvc\MoProfileManagement","N/A","Ready","Interactive/Background","11/30/1999 12:00:00 AM","267011","N/A","COM handler","N/A","N/A","Enabled","Disabled","","SYSTEM","Disabled","00:10:00","Scheduling data is not available in this format.","Undefined","N/A","N/A","N/A","N/A","N/A","N/A","N/A","N/A","N/A"
"DataFiles-Corp-","\Microsoft\Windows\WOF\WIM-Hash-Management","N/A","Ready","Interactive/Background","11/30/1999 12:00:00 AM","267011","Microsoft Corporation","COM handler","N/A","This task supports the WIM Boot by performing background actions on behalf of the OS.","Enabled","Disabled","Stop On Battery Mode, No Start On Batteries","SYSTEM","Disabled","72:00:00","Scheduling data is not available in this format.","Undefined","N/A","N/A","N/A","N/A","N/A","N/A","N/A","N/A","N/A"
"DataFiles-Corp-","\Microsoft\Windows\WOF\WIM-Hash-Validation","N/A","Disabled","Interactive/Background","8/31/2026 2:28:07 PM","0","Microsoft Corporation","COM handler","N/A","This task supports the WIM Boot by performing background actions on behalf of the OS.","Disabled","Disabled","Stop On Battery Mode, No Start On Batteries","SYSTEM","Disabled","72:00:00","Scheduling data is not available in this format.","On demand only","N/A","N/A","N/A","N/A","N/A","N/A","N/A","N/A","N/A"
"DataFiles-Corp-","\Microsoft\Windows\Work Folders\Work Folders Logon Synchronization","N/A","Ready","Interactive/Background","9/1/2026 1:27:58 PM","0","Microsoft Corporation","COM handler","N/A","This task initiates synchronization of Work Folders partnerships when a user logs onto the system.","Enabled","Disabled","","INTERACTIVE","Disabled","24:00:00","Scheduling data is not available in this format.","At logon time","N/A","N/A","N/A","N/A","N/A","N/A","N/A","N/A","N/A"
"DataFiles-Corp-","\Microsoft\Windows\Work Folders\Work Folders Maintenance Work","N/A","Ready","Interactive/Background","9/1/2026 2:36:18 PM","0","Microsoft Corporation","COM handler","N/A","This task initiates maintenance work required for on-going good performance of data synchronization of Work Folders partnerships.","Enabled","Disabled","Stop On Battery Mode, No Start On Batteries","INTERACTIVE","Disabled","24:00:00","Scheduling data is not available in this format.","At logon time","N/A","N/A","N/A","N/A","N/A","N/A","N/A","N/A","N/A"
"DataFiles-Corp-","\Microsoft\Windows\Workplace Join\Automatic-Device-Join","N/A","Disabled","Interactive/Background","11/30/1999 12:00:00 AM","267011","N/A","%SystemRoot%\System32\dsregcmd.exe $(Arg0) $(Arg1) $(Arg2)","N/A","Register this computer if the computer is already joined to an Active Directory domain.","Disabled","Disabled","","SYSTEM","Disabled","00:05:00","Scheduling data is not available in this format.","At logon time","N/A","N/A","N/A","N/A","N/A","N/A","N/A","N/A","N/A"
"DataFiles-Corp-","\Microsoft\Windows\Workplace Join\Automatic-Device-Join","N/A","Disabled","Interactive/Background","11/30/1999 12:00:00 AM","267011","N/A","%SystemRoot%\System32\dsregcmd.exe $(Arg0) $(Arg1) $(Arg2)","N/A","Register this computer if the computer is already joined to an Active Directory domain.","Disabled","Disabled","","SYSTEM","Disabled","00:05:00","Scheduling data is not available in this format.","When an event occurs","N/A","N/A","N/A","N/A","N/A","N/A","N/A","N/A","N/A"
"DataFiles-Corp-","\Microsoft\Windows\Workplace Join\Device-Sync","N/A","Disabled","Interactive/Background","11/30/1999 12:00:00 AM","267011","Microsoft Corporation","COM handler","N/A","Sync device attributes to Microsoft Entra ID.","Disabled","Disabled","","SYSTEM","Disabled","00:10:00","Scheduling data is not available in this format.","Undefined","N/A","N/A","N/A","N/A","N/A","N/A","N/A","N/A","N/A"
"DataFiles-Corp-","\Microsoft\Windows\Workplace Join\Recovery-Check","N/A","Disabled","Interactive/Background","11/30/1999 12:00:00 AM","267011","N/A","%SystemRoot%\System32\dsregcmd.exe /checkrecovery","N/A","Performs recovery check.","Disabled","Disabled","","INTERACTIVE","Disabled","02:00:00","Scheduling data is not available in this format.","At logon time","N/A","N/A","N/A","N/A","N/A","N/A","N/A","N/A","N/A"
"DataFiles-Corp-","\Microsoft\Windows\Workplace Join\Recovery-Check","N/A","Disabled","Interactive/Background","11/30/1999 12:00:00 AM","267011","N/A","%SystemRoot%\System32\dsregcmd.exe /checkrecovery","N/A","Performs recovery check.","Disabled","Disabled","","INTERACTIVE","Disabled","02:00:00","Scheduling data is not available in this format.","When an event occurs","N/A","N/A","N/A","N/A","N/A","N/A","N/A","N/A","N/A"
"DataFiles-Corp-","\Microsoft\Windows\WwanSvc\NotificationTask","N/A","Ready","Interactive/Background","11/30/1999 12:00:00 AM","267011","Microsoft Corporation","%SystemRoot%\System32\WiFiTask.exe wwan","N/A","Background task for performing per user and web interactions","Enabled","Disabled","","INTERACTIVE","Disabled","00:10:00","Scheduling data is not available in this format.","Undefined","N/A","N/A","N/A","N/A","N/A","N/A","N/A","N/A","N/A"
"DataFiles-Corp-","\Microsoft\Windows\WwanSvc\OobeDiscovery","N/A","Ready","Interactive/Background","9/2/2026 11:07:57 AM","0","N/A","COM handler","N/A","N/A","Enabled","Disabled","","SYSTEM","Disabled","01:00:00","Scheduling data is not available in this format.","Undefined","N/A","N/A","N/A","N/A","N/A","N/A","N/A","N/A","N/A"
"DataFiles-Corp-","\Microsoft\XblGameSave\XblGameSaveTask","N/A","Ready","Interactive/Background","11/30/1999 12:00:00 AM","267011","Microsoft","%windir%\System32\XblGameSaveTask.exe standby","N/A","XblGameSave Standby Task","Enabled","Only Start If Idle for  minutes, If Not Idle Retry For  minutes Stop the task if Idle State end","No Start On Batteries","SYSTEM","Disabled","02:00:00","Scheduling data is not available in this format.","At idle time","N/A","N/A","N/A","N/A","N/A","N/A","N/A","N/A","N/A"